county,year,group_type,group,youth
Adams,2010,all,all,7316.0
Adams,2011,all,all,7100.0
Adams,2012,all,all,6999.0
Adams,2013,all,all,6848.0
Adams,2014,all,all,6881.0
Adams,2015,all,all,6799.0
Adams,2016,all,all,6794.0
Adams,2017,all,all,6598.0
Adams,2018,all,all,6544.0
Adams,2019,all,all,6381.0
Adams,2020,all,all,6472.0
Adams,2021,all,all,6675.0
Adams,2022,all,all,6625.0
Adams,2023,all,all,6677.0
Adams,2024,all,all,6715.0
Alexander,2010,all,all,1017.0
Alexander,2011,all,all,907.0
Alexander,2012,all,all,809.0
Alexander,2013,all,all,819.0
Alexander,2014,all,all,755.0
Alexander,2015,all,all,725.0
Alexander,2016,all,all,707.0
Alexander,2017,all,all,733.0
Alexander,2018,all,all,723.0
Alexander,2019,all,all,659.0
Alexander,2020,all,all,657.0
Alexander,2021,all,all,603.0
Alexander,2022,all,all,494.0
Alexander,2023,all,all,401.0
Alexander,2024,all,all,492.0
Bond,2010,all,all,1769.0
Bond,2011,all,all,1710.0
Bond,2012,all,all,1591.0
Bond,2013,all,all,1627.0
Bond,2014,all,all,1686.0
Bond,2015,all,all,1704.0
Bond,2016,all,all,1650.0
Bond,2017,all,all,1640.0
Bond,2018,all,all,1525.0
Bond,2019,all,all,1552.0
Bond,2020,all,all,1593.0
Bond,2021,all,all,1626.0
Bond,2022,all,all,1603.0
Bond,2023,all,all,1636.0
Bond,2024,all,all,1396.0
Boone,2010,all,all,7533.0
Boone,2011,all,all,7099.0
Boone,2012,all,all,7425.0
Boone,2013,all,all,7595.0
Boone,2014,all,all,7425.0
Boone,2015,all,all,7215.0
Boone,2016,all,all,7471.0
Boone,2017,all,all,7181.0
Boone,2018,all,all,7314.0
Boone,2019,all,all,7253.0
Boone,2020,all,all,7225.0
Boone,2021,all,all,7324.0
Boone,2022,all,all,6969.0
Boone,2023,all,all,6545.0
Boone,2024,all,all,6749.0
Brown,2010,all,all,643.0
Brown,2011,all,all,589.0
Brown,2012,all,all,579.0
Brown,2013,all,all,536.0
Brown,2014,all,all,486.0
Brown,2015,all,all,456.0
Brown,2016,all,all,481.0
Brown,2017,all,all,456.0
Brown,2018,all,all,469.0
Brown,2019,all,all,537.0
Brown,2020,all,all,560.0
Brown,2021,all,all,492.0
Brown,2022,all,all,522.0
Brown,2023,all,all,493.0
Brown,2024,all,all,451.0
Bureau,2010,all,all,3918.0
Bureau,2011,all,all,3782.0
Bureau,2012,all,all,3669.0
Bureau,2013,all,all,3499.0
Bureau,2014,all,all,3483.0
Bureau,2015,all,all,3386.0
Bureau,2016,all,all,3436.0
Bureau,2017,all,all,3538.0
Bureau,2018,all,all,3620.0
Bureau,2019,all,all,3697.0
Bureau,2020,all,all,3657.0
Bureau,2021,all,all,3623.0
Bureau,2022,all,all,3583.0
Bureau,2023,all,all,3366.0
Bureau,2024,all,all,3257.0
Calhoun,2010,all,all,526.0
Calhoun,2011,all,all,516.0
Calhoun,2012,all,all,559.0
Calhoun,2013,all,all,506.0
Calhoun,2014,all,all,484.0
Calhoun,2015,all,all,507.0
Calhoun,2016,all,all,547.0
Calhoun,2017,all,all,521.0
Calhoun,2018,all,all,548.0
Calhoun,2019,all,all,596.0
Calhoun,2020,all,all,578.0
Calhoun,2021,all,all,507.0
Calhoun,2022,all,all,472.0
Calhoun,2023,all,all,461.0
Calhoun,2024,all,all,415.0
Carroll,2010,all,all,1540.0
Carroll,2011,all,all,1635.0
Carroll,2012,all,all,1570.0
Carroll,2013,all,all,1525.0
Carroll,2014,all,all,1493.0
Carroll,2015,all,all,1427.0
Carroll,2016,all,all,1341.0
Carroll,2017,all,all,1403.0
Carroll,2018,all,all,1403.0
Carroll,2019,all,all,1362.0
Carroll,2020,all,all,1274.0
Carroll,2021,all,all,1422.0
Carroll,2022,all,all,1297.0
Carroll,2023,all,all,1316.0
Carroll,2024,all,all,1273.0
Cass,2010,all,all,1542.0
Cass,2011,all,all,1527.0
Cass,2012,all,all,1560.0
Cass,2013,all,all,1654.0
Cass,2014,all,all,1577.0
Cass,2015,all,all,1590.0
Cass,2016,all,all,1455.0
Cass,2017,all,all,1399.0
Cass,2018,all,all,1244.0
Cass,2019,all,all,1303.0
Cass,2020,all,all,1298.0
Cass,2021,all,all,1508.0
Cass,2022,all,all,1586.0
Cass,2023,all,all,1519.0
Cass,2024,all,all,1407.0
Champaign,2010,all,all,16833.0
Champaign,2011,all,all,16597.0
Champaign,2012,all,all,16825.0
Champaign,2013,all,all,16979.0
Champaign,2014,all,all,17070.0
Champaign,2015,all,all,16960.0
Champaign,2016,all,all,16808.0
Champaign,2017,all,all,17101.0
Champaign,2018,all,all,17342.0
Champaign,2019,all,all,17229.0
Champaign,2020,all,all,17772.0
Champaign,2021,all,all,18080.0
Champaign,2022,all,all,17989.0
Champaign,2023,all,all,18661.0
Champaign,2024,all,all,19082.0
Christian,2010,all,all,3816.0
Christian,2011,all,all,3781.0
Christian,2012,all,all,3795.0
Christian,2013,all,all,3680.0
Christian,2014,all,all,3521.0
Christian,2015,all,all,3487.0
Christian,2016,all,all,3337.0
Christian,2017,all,all,3248.0
Christian,2018,all,all,3095.0
Christian,2019,all,all,3044.0
Christian,2020,all,all,2796.0
Christian,2021,all,all,3085.0
Christian,2022,all,all,3154.0
Christian,2023,all,all,3022.0
Christian,2024,all,all,3010.0
Clark,2010,all,all,1869.0
Clark,2011,all,all,1865.0
Clark,2012,all,all,1789.0
Clark,2013,all,all,1784.0
Clark,2014,all,all,1727.0
Clark,2015,all,all,1842.0
Clark,2016,all,all,1703.0
Clark,2017,all,all,1715.0
Clark,2018,all,all,1672.0
Clark,2019,all,all,1680.0
Clark,2020,all,all,1595.0
Clark,2021,all,all,1688.0
Clark,2022,all,all,1637.0
Clark,2023,all,all,1622.0
Clark,2024,all,all,1625.0
Clay,2010,all,all,1507.0
Clay,2011,all,all,1458.0
Clay,2012,all,all,1416.0
Clay,2013,all,all,1475.0
Clay,2014,all,all,1521.0
Clay,2015,all,all,1495.0
Clay,2016,all,all,1477.0
Clay,2017,all,all,1372.0
Clay,2018,all,all,1363.0
Clay,2019,all,all,1440.0
Clay,2020,all,all,1472.0
Clay,2021,all,all,1537.0
Clay,2022,all,all,1440.0
Clay,2023,all,all,1484.0
Clay,2024,all,all,1376.0
Clinton,2010,all,all,4030.0
Clinton,2011,all,all,3969.0
Clinton,2012,all,all,3909.0
Clinton,2013,all,all,3852.0
Clinton,2014,all,all,3847.0
Clinton,2015,all,all,3844.0
Clinton,2016,all,all,3801.0
Clinton,2017,all,all,3904.0
Clinton,2018,all,all,3885.0
Clinton,2019,all,all,3804.0
Clinton,2020,all,all,3620.0
Clinton,2021,all,all,3555.0
Clinton,2022,all,all,3451.0
Clinton,2023,all,all,3462.0
Clinton,2024,all,all,3412.0
Coles,2010,all,all,4185.0
Coles,2011,all,all,4294.0
Coles,2012,all,all,4505.0
Coles,2013,all,all,4560.0
Coles,2014,all,all,4301.0
Coles,2015,all,all,4379.0
Coles,2016,all,all,4259.0
Coles,2017,all,all,4338.0
Coles,2018,all,all,4350.0
Coles,2019,all,all,4315.0
Coles,2020,all,all,4277.0
Coles,2021,all,all,4124.0
Coles,2022,all,all,3959.0
Coles,2023,all,all,3892.0
Coles,2024,all,all,3920.0
Cook,2010,all,all,568411.0
Cook,2011,all,all,562910.0
Cook,2012,all,all,554964.0
Cook,2013,all,all,547641.0
Cook,2014,all,all,537670.0
Cook,2015,all,all,530559.0
Cook,2016,all,all,525002.0
Cook,2017,all,all,519201.0
Cook,2018,all,all,515378.0
Cook,2019,all,all,512823.0
Cook,2020,all,all,511025.0
Cook,2021,all,all,529128.0
Cook,2022,all,all,520064.0
Cook,2023,all,all,517477.0
Cook,2024,all,all,509715.0
Crawford,2010,all,all,2345.0
Crawford,2011,all,all,2016.0
Crawford,2012,all,all,1965.0
Crawford,2013,all,all,1909.0
Crawford,2014,all,all,1896.0
Crawford,2015,all,all,1811.0
Crawford,2016,all,all,1791.0
Crawford,2017,all,all,1779.0
Crawford,2018,all,all,1804.0
Crawford,2019,all,all,1721.0
Crawford,2020,all,all,1575.0
Crawford,2021,all,all,1640.0
Crawford,2022,all,all,1667.0
Crawford,2023,all,all,1672.0
Crawford,2024,all,all,1733.0
Cumberland,2010,all,all,1114.0
Cumberland,2011,all,all,1125.0
Cumberland,2012,all,all,1135.0
Cumberland,2013,all,all,1289.0
Cumberland,2014,all,all,1276.0
Cumberland,2015,all,all,1329.0
Cumberland,2016,all,all,1288.0
Cumberland,2017,all,all,1272.0
Cumberland,2018,all,all,1187.0
Cumberland,2019,all,all,1176.0
Cumberland,2020,all,all,1045.0
Cumberland,2021,all,all,1110.0
Cumberland,2022,all,all,992.0
Cumberland,2023,all,all,985.0
Cumberland,2024,all,all,1092.0
De Witt,2010,all,all,1796.0
De Witt,2011,all,all,1740.0
De Witt,2012,all,all,1731.0
De Witt,2013,all,all,1670.0
De Witt,2014,all,all,1668.0
De Witt,2015,all,all,1641.0
De Witt,2016,all,all,1595.0
De Witt,2017,all,all,1606.0
De Witt,2018,all,all,1685.0
De Witt,2019,all,all,1659.0
De Witt,2020,all,all,1676.0
De Witt,2021,all,all,1646.0
De Witt,2022,all,all,1659.0
De Witt,2023,all,all,1588.0
De Witt,2024,all,all,1578.0
DeKalb,2010,all,all,10209.0
DeKalb,2011,all,all,10313.0
DeKalb,2012,all,all,10403.0
DeKalb,2013,all,all,10611.0
DeKalb,2014,all,all,10746.0
DeKalb,2015,all,all,10647.0
DeKalb,2016,all,all,10603.0
DeKalb,2017,all,all,10573.0
DeKalb,2018,all,all,10705.0
DeKalb,2019,all,all,10832.0
DeKalb,2020,all,all,10915.0
DeKalb,2021,all,all,10482.0
DeKalb,2022,all,all,10272.0
DeKalb,2023,all,all,9981.0
DeKalb,2024,all,all,9671.0
Douglas,2010,all,all,2476.0
Douglas,2011,all,all,2380.0
Douglas,2012,all,all,2398.0
Douglas,2013,all,all,2405.0
Douglas,2014,all,all,2408.0
Douglas,2015,all,all,2423.0
Douglas,2016,all,all,2501.0
Douglas,2017,all,all,2438.0
Douglas,2018,all,all,2413.0
Douglas,2019,all,all,2383.0
Douglas,2020,all,all,2408.0
Douglas,2021,all,all,2482.0
Douglas,2022,all,all,2338.0
Douglas,2023,all,all,2308.0
Douglas,2024,all,all,2235.0
DuPage,2010,all,all,109942.0
DuPage,2011,all,all,108431.0
DuPage,2012,all,all,106948.0
DuPage,2013,all,all,106165.0
DuPage,2014,all,all,104873.0
DuPage,2015,all,all,103458.0
DuPage,2016,all,all,102584.0
DuPage,2017,all,all,102008.0
DuPage,2018,all,all,99978.0
DuPage,2019,all,all,98714.0
DuPage,2020,all,all,97417.0
DuPage,2021,all,all,99671.0
DuPage,2022,all,all,96689.0
DuPage,2023,all,all,97526.0
DuPage,2024,all,all,97186.0
Edgar,2010,all,all,1835.0
Edgar,2011,all,all,1746.0
Edgar,2012,all,all,1753.0
Edgar,2013,all,all,1770.0
Edgar,2014,all,all,1781.0
Edgar,2015,all,all,1792.0
Edgar,2016,all,all,1731.0
Edgar,2017,all,all,1806.0
Edgar,2018,all,all,1810.0
Edgar,2019,all,all,1771.0
Edgar,2020,all,all,1737.0
Edgar,2021,all,all,1795.0
Edgar,2022,all,all,1694.0
Edgar,2023,all,all,1712.0
Edgar,2024,all,all,1559.0
Edwards,2010,all,all,774.0
Edwards,2011,all,all,723.0
Edwards,2012,all,all,710.0
Edwards,2013,all,all,710.0
Edwards,2014,all,all,675.0
Edwards,2015,all,all,700.0
Edwards,2016,all,all,707.0
Edwards,2017,all,all,702.0
Edwards,2018,all,all,737.0
Edwards,2019,all,all,751.0
Edwards,2020,all,all,679.0
Edwards,2021,all,all,611.0
Edwards,2022,all,all,587.0
Edwards,2023,all,all,554.0
Edwards,2024,all,all,546.0
Effingham,2010,all,all,4409.0
Effingham,2011,all,all,4254.0
Effingham,2012,all,all,4255.0
Effingham,2013,all,all,4226.0
Effingham,2014,all,all,4188.0
Effingham,2015,all,all,4017.0
Effingham,2016,all,all,3967.0
Effingham,2017,all,all,3842.0
Effingham,2018,all,all,3771.0
Effingham,2019,all,all,3691.0
Effingham,2020,all,all,3690.0
Effingham,2021,all,all,3842.0
Effingham,2022,all,all,3803.0
Effingham,2023,all,all,3753.0
Effingham,2024,all,all,3723.0
Fayette,2010,all,all,2357.0
Fayette,2011,all,all,2240.0
Fayette,2012,all,all,2538.0
Fayette,2013,all,all,2497.0
Fayette,2014,all,all,2276.0
Fayette,2015,all,all,2348.0
Fayette,2016,all,all,2278.0
Fayette,2017,all,all,2299.0
Fayette,2018,all,all,2222.0
Fayette,2019,all,all,2151.0
Fayette,2020,all,all,2154.0
Fayette,2021,all,all,2101.0
Fayette,2022,all,all,1967.0
Fayette,2023,all,all,1988.0
Fayette,2024,all,all,1997.0
Ford,2010,all,all,1601.0
Ford,2011,all,all,1566.0
Ford,2012,all,all,1501.0
Ford,2013,all,all,1535.0
Ford,2014,all,all,1520.0
Ford,2015,all,all,1443.0
Ford,2016,all,all,1429.0
Ford,2017,all,all,1345.0
Ford,2018,all,all,1332.0
Ford,2019,all,all,1373.0
Ford,2020,all,all,1367.0
Ford,2021,all,all,1451.0
Ford,2022,all,all,1473.0
Ford,2023,all,all,1364.0
Ford,2024,all,all,1403.0
Franklin,2010,all,all,4311.0
Franklin,2011,all,all,4278.0
Franklin,2012,all,all,4212.0
Franklin,2013,all,all,4136.0
Franklin,2014,all,all,3964.0
Franklin,2015,all,all,3965.0
Franklin,2016,all,all,3957.0
Franklin,2017,all,all,3847.0
Franklin,2018,all,all,3827.0
Franklin,2019,all,all,3805.0
Franklin,2020,all,all,4069.0
Franklin,2021,all,all,4008.0
Franklin,2022,all,all,4077.0
Franklin,2023,all,all,4173.0
Franklin,2024,all,all,4103.0
Fulton,2010,all,all,3625.0
Fulton,2011,all,all,3560.0
Fulton,2012,all,all,3475.0
Fulton,2013,all,all,3609.0
Fulton,2014,all,all,3529.0
Fulton,2015,all,all,3363.0
Fulton,2016,all,all,3443.0
Fulton,2017,all,all,3503.0
Fulton,2018,all,all,3452.0
Fulton,2019,all,all,3435.0
Fulton,2020,all,all,3470.0
Fulton,2021,all,all,3336.0
Fulton,2022,all,all,3263.0
Fulton,2023,all,all,3103.0
Fulton,2024,all,all,3056.0
Gallatin,2010,all,all,563.0
Gallatin,2011,all,all,537.0
Gallatin,2012,all,all,515.0
Gallatin,2013,all,all,476.0
Gallatin,2014,all,all,462.0
Gallatin,2015,all,all,465.0
Gallatin,2016,all,all,515.0
Gallatin,2017,all,all,540.0
Gallatin,2018,all,all,520.0
Gallatin,2019,all,all,536.0
Gallatin,2020,all,all,519.0
Gallatin,2021,all,all,536.0
Gallatin,2022,all,all,506.0
Gallatin,2023,all,all,550.0
Gallatin,2024,all,all,471.0
Greene,2010,all,all,1644.0
Greene,2011,all,all,1627.0
Greene,2012,all,all,1640.0
Greene,2013,all,all,1535.0
Greene,2014,all,all,1482.0
Greene,2015,all,all,1409.0
Greene,2016,all,all,1353.0
Greene,2017,all,all,1271.0
Greene,2018,all,all,1238.0
Greene,2019,all,all,1189.0
Greene,2020,all,all,1185.0
Greene,2021,all,all,1265.0
Greene,2022,all,all,1260.0
Greene,2023,all,all,1260.0
Greene,2024,all,all,1341.0
Grundy,2010,all,all,6037.0
Grundy,2011,all,all,6076.0
Grundy,2012,all,all,5959.0
Grundy,2013,all,all,5881.0
Grundy,2014,all,all,5877.0
Grundy,2015,all,all,5797.0
Grundy,2016,all,all,6011.0
Grundy,2017,all,all,6202.0
Grundy,2018,all,all,5981.0
Grundy,2019,all,all,6001.0
Grundy,2020,all,all,6121.0
Grundy,2021,all,all,6227.0
Grundy,2022,all,all,6106.0
Grundy,2023,all,all,6247.0
Grundy,2024,all,all,6060.0
Hamilton,2010,all,all,822.0
Hamilton,2011,all,all,890.0
Hamilton,2012,all,all,883.0
Hamilton,2013,all,all,946.0
Hamilton,2014,all,all,986.0
Hamilton,2015,all,all,979.0
Hamilton,2016,all,all,952.0
Hamilton,2017,all,all,917.0
Hamilton,2018,all,all,842.0
Hamilton,2019,all,all,823.0
Hamilton,2020,all,all,805.0
Hamilton,2021,all,all,882.0
Hamilton,2022,all,all,854.0
Hamilton,2023,all,all,892.0
Hamilton,2024,all,all,922.0
Hancock,2010,all,all,2008.0
Hancock,2011,all,all,1942.0
Hancock,2012,all,all,1845.0
Hancock,2013,all,all,1808.0
Hancock,2014,all,all,1805.0
Hancock,2015,all,all,1741.0
Hancock,2016,all,all,1727.0
Hancock,2017,all,all,1781.0
Hancock,2018,all,all,1782.0
Hancock,2019,all,all,1769.0
Hancock,2020,all,all,1869.0
Hancock,2021,all,all,1856.0
Hancock,2022,all,all,1820.0
Hancock,2023,all,all,1857.0
Hancock,2024,all,all,1818.0
Hardin,2010,all,all,330.0
Hardin,2011,all,all,370.0
Hardin,2012,all,all,444.0
Hardin,2013,all,all,458.0
Hardin,2014,all,all,462.0
Hardin,2015,all,all,515.0
Hardin,2016,all,all,464.0
Hardin,2017,all,all,440.0
Hardin,2018,all,all,417.0
Hardin,2019,all,all,440.0
Hardin,2020,all,all,313.0
Hardin,2021,all,all,303.0
Hardin,2022,all,all,311.0
Hardin,2023,all,all,334.0
Hardin,2024,all,all,333.0
Henderson,2010,all,all,765.0
Henderson,2011,all,all,783.0
Henderson,2012,all,all,784.0
Henderson,2013,all,all,774.0
Henderson,2014,all,all,766.0
Henderson,2015,all,all,704.0
Henderson,2016,all,all,678.0
Henderson,2017,all,all,671.0
Henderson,2018,all,all,619.0
Henderson,2019,all,all,648.0
Henderson,2020,all,all,633.0
Henderson,2021,all,all,592.0
Henderson,2022,all,all,580.0
Henderson,2023,all,all,601.0
Henderson,2024,all,all,534.0
Henry,2010,all,all,5731.0
Henry,2011,all,all,5581.0
Henry,2012,all,all,5612.0
Henry,2013,all,all,5618.0
Henry,2014,all,all,5676.0
Henry,2015,all,all,5684.0
Henry,2016,all,all,5759.0
Henry,2017,all,all,5601.0
Henry,2018,all,all,5383.0
Henry,2019,all,all,5480.0
Henry,2020,all,all,5270.0
Henry,2021,all,all,5214.0
Henry,2022,all,all,5072.0
Henry,2023,all,all,5156.0
Henry,2024,all,all,5150.0
Iroquois,2010,all,all,3477.0
Iroquois,2011,all,all,3474.0
Iroquois,2012,all,all,3431.0
Iroquois,2013,all,all,3316.0
Iroquois,2014,all,all,3300.0
Iroquois,2015,all,all,3245.0
Iroquois,2016,all,all,3138.0
Iroquois,2017,all,all,3069.0
Iroquois,2018,all,all,3026.0
Iroquois,2019,all,all,2975.0
Iroquois,2020,all,all,2934.0
Iroquois,2021,all,all,2885.0
Iroquois,2022,all,all,2698.0
Iroquois,2023,all,all,2684.0
Iroquois,2024,all,all,2635.0
Jackson,2010,all,all,4897.0
Jackson,2011,all,all,4757.0
Jackson,2012,all,all,4735.0
Jackson,2013,all,all,4507.0
Jackson,2014,all,all,4664.0
Jackson,2015,all,all,4653.0
Jackson,2016,all,all,4646.0
Jackson,2017,all,all,4686.0
Jackson,2018,all,all,4800.0
Jackson,2019,all,all,4973.0
Jackson,2020,all,all,4813.0
Jackson,2021,all,all,4664.0
Jackson,2022,all,all,4455.0
Jackson,2023,all,all,4589.0
Jackson,2024,all,all,4498.0
Jasper,2010,all,all,980.0
Jasper,2011,all,all,940.0
Jasper,2012,all,all,949.0
Jasper,2013,all,all,944.0
Jasper,2014,all,all,988.0
Jasper,2015,all,all,1026.0
Jasper,2016,all,all,1008.0
Jasper,2017,all,all,1040.0
Jasper,2018,all,all,974.0
Jasper,2019,all,all,997.0
Jasper,2020,all,all,962.0
Jasper,2021,all,all,983.0
Jasper,2022,all,all,986.0
Jasper,2023,all,all,903.0
Jasper,2024,all,all,838.0
Jefferson,2010,all,all,4045.0
Jefferson,2011,all,all,3804.0
Jefferson,2012,all,all,3827.0
Jefferson,2013,all,all,3812.0
Jefferson,2014,all,all,3772.0
Jefferson,2015,all,all,3613.0
Jefferson,2016,all,all,3673.0
Jefferson,2017,all,all,3571.0
Jefferson,2018,all,all,3519.0
Jefferson,2019,all,all,3544.0
Jefferson,2020,all,all,3556.0
Jefferson,2021,all,all,3659.0
Jefferson,2022,all,all,3727.0
Jefferson,2023,all,all,3752.0
Jefferson,2024,all,all,3843.0
Jersey,2010,all,all,2641.0
Jersey,2011,all,all,2636.0
Jersey,2012,all,all,2733.0
Jersey,2013,all,all,2694.0
Jersey,2014,all,all,2723.0
Jersey,2015,all,all,2578.0
Jersey,2016,all,all,2410.0
Jersey,2017,all,all,2480.0
Jersey,2018,all,all,2530.0
Jersey,2019,all,all,2380.0
Jersey,2020,all,all,2386.0
Jersey,2021,all,all,2453.0
Jersey,2022,all,all,2176.0
Jersey,2023,all,all,2238.0
Jersey,2024,all,all,2078.0
Jo Daviess,2010,all,all,2222.0
Jo Daviess,2011,all,all,2290.0
Jo Daviess,2012,all,all,2280.0
Jo Daviess,2013,all,all,2311.0
Jo Daviess,2014,all,all,2391.0
Jo Daviess,2015,all,all,2332.0
Jo Daviess,2016,all,all,2325.0
Jo Daviess,2017,all,all,2383.0
Jo Daviess,2018,all,all,2157.0
Jo Daviess,2019,all,all,2088.0
Jo Daviess,2020,all,all,2041.0
Jo Daviess,2021,all,all,2153.0
Jo Daviess,2022,all,all,2033.0
Jo Daviess,2023,all,all,2159.0
Jo Daviess,2024,all,all,2079.0
Johnson,2010,all,all,1316.0
Johnson,2011,all,all,1286.0
Johnson,2012,all,all,1288.0
Johnson,2013,all,all,1236.0
Johnson,2014,all,all,1199.0
Johnson,2015,all,all,1172.0
Johnson,2016,all,all,1046.0
Johnson,2017,all,all,1047.0
Johnson,2018,all,all,1009.0
Johnson,2019,all,all,985.0
Johnson,2020,all,all,991.0
Johnson,2021,all,all,1158.0
Johnson,2022,all,all,1410.0
Johnson,2023,all,all,1236.0
Johnson,2024,all,all,1313.0
Kane,2010,all,all,64137.0
Kane,2011,all,all,65325.0
Kane,2012,all,all,66086.0
Kane,2013,all,all,67252.0
Kane,2014,all,all,66519.0
Kane,2015,all,all,66571.0
Kane,2016,all,all,67583.0
Kane,2017,all,all,67345.0
Kane,2018,all,all,66667.0
Kane,2019,all,all,67011.0
Kane,2020,all,all,66410.0
Kane,2021,all,all,65089.0
Kane,2022,all,all,63294.0
Kane,2023,all,all,62907.0
Kane,2024,all,all,60667.0
Kankakee,2010,all,all,13358.0
Kankakee,2011,all,all,13153.0
Kankakee,2012,all,all,12742.0
Kankakee,2013,all,all,12613.0
Kankakee,2014,all,all,12442.0
Kankakee,2015,all,all,12354.0
Kankakee,2016,all,all,12380.0
Kankakee,2017,all,all,12336.0
Kankakee,2018,all,all,12128.0
Kankakee,2019,all,all,11909.0
Kankakee,2020,all,all,12157.0
Kankakee,2021,all,all,11841.0
Kankakee,2022,all,all,11840.0
Kankakee,2023,all,all,11797.0
Kankakee,2024,all,all,11573.0
Kendall,2010,all,all,13560.0
Kendall,2011,all,all,14417.0
Kendall,2012,all,all,15201.0
Kendall,2013,all,all,15766.0
Kendall,2014,all,all,16345.0
Kendall,2015,all,all,16110.0
Kendall,2016,all,all,16290.0
Kendall,2017,all,all,16107.0
Kendall,2018,all,all,16437.0
Kendall,2019,all,all,16711.0
Kendall,2020,all,all,16883.0
Kendall,2021,all,all,17116.0
Kendall,2022,all,all,16659.0
Kendall,2023,all,all,17121.0
Kendall,2024,all,all,17889.0
Knox,2010,all,all,5163.0
Knox,2011,all,all,5121.0
Knox,2012,all,all,5055.0
Knox,2013,all,all,4951.0
Knox,2014,all,all,4857.0
Knox,2015,all,all,4896.0
Knox,2016,all,all,5027.0
Knox,2017,all,all,4876.0
Knox,2018,all,all,4750.0
Knox,2019,all,all,4629.0
Knox,2020,all,all,4464.0
Knox,2021,all,all,4511.0
Knox,2022,all,all,4405.0
Knox,2023,all,all,4340.0
Knox,2024,all,all,4240.0
LaSalle,2010,all,all,12091.0
LaSalle,2011,all,all,12051.0
LaSalle,2012,all,all,11992.0
LaSalle,2013,all,all,11953.0
LaSalle,2014,all,all,12121.0
LaSalle,2015,all,all,12252.0
LaSalle,2016,all,all,11852.0
LaSalle,2017,all,all,11945.0
LaSalle,2018,all,all,11631.0
LaSalle,2019,all,all,11105.0
LaSalle,2020,all,all,10731.0
LaSalle,2021,all,all,11069.0
LaSalle,2022,all,all,10846.0
LaSalle,2023,all,all,10947.0
LaSalle,2024,all,all,11111.0
Lake,2010,all,all,90542.0
Lake,2011,all,all,90784.0
Lake,2012,all,all,90287.0
Lake,2013,all,all,89787.0
Lake,2014,all,all,89642.0
Lake,2015,all,all,89099.0
Lake,2016,all,all,87363.0
Lake,2017,all,all,86031.0
Lake,2018,all,all,86120.0
Lake,2019,all,all,83887.0
Lake,2020,all,all,82784.0
Lake,2021,all,all,84733.0
Lake,2022,all,all,82716.0
Lake,2023,all,all,82380.0
Lake,2024,all,all,81945.0
Lawrence,2010,all,all,1373.0
Lawrence,2011,all,all,1418.0
Lawrence,2012,all,all,164.0
Lawrence,2013,all,all,1437.0
Lawrence,2014,all,all,1367.0
Lawrence,2015,all,all,1287.0
Lawrence,2016,all,all,1343.0
Lawrence,2017,all,all,1313.0
Lawrence,2018,all,all,1402.0
Lawrence,2019,all,all,1348.0
Lawrence,2020,all,all,1430.0
Lawrence,2021,all,all,1458.0
Lawrence,2022,all,all,1484.0
Lawrence,2023,all,all,1493.0
Lawrence,2024,all,all,1490.0
Lee,2010,all,all,3820.0
Lee,2011,all,all,3730.0
Lee,2012,all,all,3588.0
Lee,2013,all,all,3482.0
Lee,2014,all,all,3412.0
Lee,2015,all,all,3240.0
Lee,2016,all,all,3025.0
Lee,2017,all,all,2899.0
Lee,2018,all,all,2944.0
Lee,2019,all,all,2951.0
Lee,2020,all,all,3010.0
Lee,2021,all,all,3246.0
Lee,2022,all,all,3407.0
Lee,2023,all,all,3414.0
Lee,2024,all,all,3424.0
Livingston,2010,all,all,4455.0
Livingston,2011,all,all,4307.0
Livingston,2012,all,all,4473.0
Livingston,2013,all,all,4329.0
Livingston,2014,all,all,4089.0
Livingston,2015,all,all,3883.0
Livingston,2016,all,all,3968.0
Livingston,2017,all,all,3851.0
Livingston,2018,all,all,3788.0
Livingston,2019,all,all,3885.0
Livingston,2020,all,all,3980.0
Livingston,2021,all,all,4032.0
Livingston,2022,all,all,3731.0
Livingston,2023,all,all,3765.0
Livingston,2024,all,all,3427.0
Logan,2010,all,all,2902.0
Logan,2011,all,all,2748.0
Logan,2012,all,all,2664.0
Logan,2013,all,all,2541.0
Logan,2014,all,all,2578.0
Logan,2015,all,all,2607.0
Logan,2016,all,all,2525.0
Logan,2017,all,all,2570.0
Logan,2018,all,all,2703.0
Logan,2019,all,all,2579.0
Logan,2020,all,all,2432.0
Logan,2021,all,all,2428.0
Logan,2022,all,all,2549.0
Logan,2023,all,all,2493.0
Logan,2024,all,all,2571.0
Macon,2010,all,all,10998.0
Macon,2011,all,all,10659.0
Macon,2012,all,all,10745.0
Macon,2013,all,all,10670.0
Macon,2014,all,all,10637.0
Macon,2015,all,all,10725.0
Macon,2016,all,all,10479.0
Macon,2017,all,all,10382.0
Macon,2018,all,all,10709.0
Macon,2019,all,all,10437.0
Macon,2020,all,all,10574.0
Macon,2021,all,all,10665.0
Macon,2022,all,all,10500.0
Macon,2023,all,all,10094.0
Macon,2024,all,all,10255.0
Macoupin,2010,all,all,5131.0
Macoupin,2011,all,all,5065.0
Macoupin,2012,all,all,5024.0
Macoupin,2013,all,all,5102.0
Macoupin,2014,all,all,4874.0
Macoupin,2015,all,all,4965.0
Macoupin,2016,all,all,4966.0
Macoupin,2017,all,all,4822.0
Macoupin,2018,all,all,4863.0
Macoupin,2019,all,all,4739.0
Macoupin,2020,all,all,4683.0
Macoupin,2021,all,all,4544.0
Macoupin,2022,all,all,4660.0
Macoupin,2023,all,all,4415.0
Macoupin,2024,all,all,4354.0
Madison,2010,all,all,27167.0
Madison,2011,all,all,27171.0
Madison,2012,all,all,27147.0
Madison,2013,all,all,27169.0
Madison,2014,all,all,27174.0
Madison,2015,all,all,27496.0
Madison,2016,all,all,27007.0
Madison,2017,all,all,27133.0
Madison,2018,all,all,26818.0
Madison,2019,all,all,26748.0
Madison,2020,all,all,26571.0
Madison,2021,all,all,27063.0
Madison,2022,all,all,26192.0
Madison,2023,all,all,27034.0
Madison,2024,all,all,26772.0
Marion,2010,all,all,4486.0
Marion,2011,all,all,4298.0
Marion,2012,all,all,4246.0
Marion,2013,all,all,4012.0
Marion,2014,all,all,3908.0
Marion,2015,all,all,3783.0
Marion,2016,all,all,3730.0
Marion,2017,all,all,3735.0
Marion,2018,all,all,3701.0
Marion,2019,all,all,3675.0
Marion,2020,all,all,3755.0
Marion,2021,all,all,3895.0
Marion,2022,all,all,4008.0
Marion,2023,all,all,4215.0
Marion,2024,all,all,4160.0
Marshall,2010,all,all,1382.0
Marshall,2011,all,all,1324.0
Marshall,2012,all,all,1293.0
Marshall,2013,all,all,1200.0
Marshall,2014,all,all,1154.0
Marshall,2015,all,all,1141.0
Marshall,2016,all,all,1133.0
Marshall,2017,all,all,1101.0
Marshall,2018,all,all,1176.0
Marshall,2019,all,all,1234.0
Marshall,2020,all,all,1186.0
Marshall,2021,all,all,1221.0
Marshall,2022,all,all,1183.0
Marshall,2023,all,all,1147.0
Marshall,2024,all,all,1135.0
Mason,2010,all,all,1577.0
Mason,2011,all,all,1521.0
Mason,2012,all,all,1559.0
Mason,2013,all,all,1544.0
Mason,2014,all,all,1491.0
Mason,2015,all,all,1586.0
Mason,2016,all,all,1507.0
Mason,2017,all,all,1468.0
Mason,2018,all,all,1439.0
Mason,2019,all,all,1402.0
Mason,2020,all,all,1424.0
Mason,2021,all,all,1455.0
Mason,2022,all,all,1311.0
Mason,2023,all,all,1356.0
Mason,2024,all,all,1348.0
Massac,2010,all,all,1765.0
Massac,2011,all,all,1654.0
Massac,2012,all,all,1721.0
Massac,2013,all,all,1590.0
Massac,2014,all,all,1634.0
Massac,2015,all,all,1581.0
Massac,2016,all,all,1496.0
Massac,2017,all,all,1251.0
Massac,2018,all,all,1228.0
Massac,2019,all,all,1185.0
Massac,2020,all,all,1208.0
Massac,2021,all,all,1340.0
Massac,2022,all,all,1472.0
Massac,2023,all,all,1552.0
Massac,2024,all,all,1620.0
McDonough,2010,all,all,2250.0
McDonough,2011,all,all,2175.0
McDonough,2012,all,all,2125.0
McDonough,2013,all,all,2167.0
McDonough,2014,all,all,2203.0
McDonough,2015,all,all,2199.0
McDonough,2016,all,all,2399.0
McDonough,2017,all,all,2609.0
McDonough,2018,all,all,2479.0
McDonough,2019,all,all,2533.0
McDonough,2020,all,all,2547.0
McDonough,2021,all,all,2290.0
McDonough,2022,all,all,2307.0
McDonough,2023,all,all,2289.0
McDonough,2024,all,all,2267.0
McHenry,2010,all,all,40033.0
McHenry,2011,all,all,40082.0
McHenry,2012,all,all,40012.0
McHenry,2013,all,all,40231.0
McHenry,2014,all,all,39387.0
McHenry,2015,all,all,38837.0
McHenry,2016,all,all,38634.0
McHenry,2017,all,all,37820.0
McHenry,2018,all,all,37137.0
McHenry,2019,all,all,36190.0
McHenry,2020,all,all,35964.0
McHenry,2021,all,all,36524.0
McHenry,2022,all,all,36010.0
McHenry,2023,all,all,35886.0
McHenry,2024,all,all,35689.0
McLean,2010,all,all,16346.0
McLean,2011,all,all,16648.0
McLean,2012,all,all,16535.0
McLean,2013,all,all,16565.0
McLean,2014,all,all,16943.0
McLean,2015,all,all,16857.0
McLean,2016,all,all,16338.0
McLean,2017,all,all,16551.0
McLean,2018,all,all,16280.0
McLean,2019,all,all,16098.0
McLean,2020,all,all,16508.0
McLean,2021,all,all,17214.0
McLean,2022,all,all,17246.0
McLean,2023,all,all,17783.0
McLean,2024,all,all,17932.0
Menard,2010,all,all,1572.0
Menard,2011,all,all,1556.0
Menard,2012,all,all,1468.0
Menard,2013,all,all,1492.0
Menard,2014,all,all,1483.0
Menard,2015,all,all,1386.0
Menard,2016,all,all,1379.0
Menard,2017,all,all,1313.0
Menard,2018,all,all,1244.0
Menard,2019,all,all,1164.0
Menard,2020,all,all,1192.0
Menard,2021,all,all,1200.0
Menard,2022,all,all,1245.0
Menard,2023,all,all,1161.0
Menard,2024,all,all,1192.0
Mercer,2010,all,all,1709.0
Mercer,2011,all,all,1751.0
Mercer,2012,all,all,1803.0
Mercer,2013,all,all,1795.0
Mercer,2014,all,all,1795.0
Mercer,2015,all,all,1758.0
Mercer,2016,all,all,1720.0
Mercer,2017,all,all,1685.0
Mercer,2018,all,all,1595.0
Mercer,2019,all,all,1609.0
Mercer,2020,all,all,1642.0
Mercer,2021,all,all,1733.0
Mercer,2022,all,all,1700.0
Mercer,2023,all,all,1782.0
Mercer,2024,all,all,1725.0
Monroe,2010,all,all,3980.0
Monroe,2011,all,all,4106.0
Monroe,2012,all,all,4151.0
Monroe,2013,all,all,4166.0
Monroe,2014,all,all,4255.0
Monroe,2015,all,all,4246.0
Monroe,2016,all,all,4199.0
Monroe,2017,all,all,4076.0
Monroe,2018,all,all,3998.0
Monroe,2019,all,all,3778.0
Monroe,2020,all,all,3849.0
Monroe,2021,all,all,3909.0
Monroe,2022,all,all,3873.0
Monroe,2023,all,all,3795.0
Monroe,2024,all,all,3846.0
Montgomery,2010,all,all,3065.0
Montgomery,2011,all,all,3087.0
Montgomery,2012,all,all,2901.0
Montgomery,2013,all,all,3026.0
Montgomery,2014,all,all,2833.0
Montgomery,2015,all,all,2747.0
Montgomery,2016,all,all,2685.0
Montgomery,2017,all,all,2617.0
Montgomery,2018,all,all,2569.0
Montgomery,2019,all,all,2556.0
Montgomery,2020,all,all,2643.0
Montgomery,2021,all,all,2683.0
Montgomery,2022,all,all,2608.0
Montgomery,2023,all,all,2599.0
Montgomery,2024,all,all,2632.0
Morgan,2010,all,all,3899.0
Morgan,2011,all,all,3775.0
Morgan,2012,all,all,3639.0
Morgan,2013,all,all,3524.0
Morgan,2014,all,all,3497.0
Morgan,2015,all,all,3540.0
Morgan,2016,all,all,3270.0
Morgan,2017,all,all,3192.0
Morgan,2018,all,all,3011.0
Morgan,2019,all,all,2740.0
Morgan,2020,all,all,2801.0
Morgan,2021,all,all,2821.0
Morgan,2022,all,all,3021.0
Morgan,2023,all,all,3006.0
Morgan,2024,all,all,3076.0
Moultrie,2010,all,all,1656.0
Moultrie,2011,all,all,1656.0
Moultrie,2012,all,all,1625.0
Moultrie,2013,all,all,1721.0
Moultrie,2014,all,all,1802.0
Moultrie,2015,all,all,1726.0
Moultrie,2016,all,all,1678.0
Moultrie,2017,all,all,1741.0
Moultrie,2018,all,all,1715.0
Moultrie,2019,all,all,1655.0
Moultrie,2020,all,all,1728.0
Moultrie,2021,all,all,1800.0
Moultrie,2022,all,all,1788.0
Moultrie,2023,all,all,1757.0
Moultrie,2024,all,all,1732.0
Ogle,2010,all,all,6857.0
Ogle,2011,all,all,6761.0
Ogle,2012,all,all,6615.0
Ogle,2013,all,all,6469.0
Ogle,2014,all,all,6240.0
Ogle,2015,all,all,6002.0
Ogle,2016,all,all,5823.0
Ogle,2017,all,all,5762.0
Ogle,2018,all,all,5923.0
Ogle,2019,all,all,5768.0
Ogle,2020,all,all,5734.0
Ogle,2021,all,all,5961.0
Ogle,2022,all,all,5854.0
Ogle,2023,all,all,5720.0
Ogle,2024,all,all,5637.0
Peoria,2010,all,all,20304.0
Peoria,2011,all,all,20262.0
Peoria,2012,all,all,19767.0
Peoria,2013,all,all,19813.0
Peoria,2014,all,all,19499.0
Peoria,2015,all,all,19264.0
Peoria,2016,all,all,19300.0
Peoria,2017,all,all,19427.0
Peoria,2018,all,all,19074.0
Peoria,2019,all,all,18969.0
Peoria,2020,all,all,18096.0
Peoria,2021,all,all,18525.0
Peoria,2022,all,all,17927.0
Peoria,2023,all,all,18231.0
Peoria,2024,all,all,18244.0
Perry,2010,all,all,2122.0
Perry,2011,all,all,2235.0
Perry,2012,all,all,2183.0
Perry,2013,all,all,2282.0
Perry,2014,all,all,2308.0
Perry,2015,all,all,2163.0
Perry,2016,all,all,2084.0
Perry,2017,all,all,2071.0
Perry,2018,all,all,1993.0
Perry,2019,all,all,1978.0
Perry,2020,all,all,1973.0
Perry,2021,all,all,1875.0
Perry,2022,all,all,1768.0
Perry,2023,all,all,1780.0
Perry,2024,all,all,1676.0
Piatt,2010,all,all,1928.0
Piatt,2011,all,all,1915.0
Piatt,2012,all,all,1873.0
Piatt,2013,all,all,1879.0
Piatt,2014,all,all,1753.0
Piatt,2015,all,all,1787.0
Piatt,2016,all,all,1771.0
Piatt,2017,all,all,1692.0
Piatt,2018,all,all,1639.0
Piatt,2019,all,all,1680.0
Piatt,2020,all,all,1619.0
Piatt,2021,all,all,1639.0
Piatt,2022,all,all,1567.0
Piatt,2023,all,all,1597.0
Piatt,2024,all,all,1560.0
Pike,2010,all,all,1826.0
Pike,2011,all,all,1832.0
Pike,2012,all,all,1889.0
Pike,2013,all,all,1836.0
Pike,2014,all,all,1721.0
Pike,2015,all,all,1657.0
Pike,2016,all,all,1647.0
Pike,2017,all,all,1585.0
Pike,2018,all,all,1536.0
Pike,2019,all,all,1508.0
Pike,2020,all,all,1599.0
Pike,2021,all,all,1570.0
Pike,2022,all,all,1512.0
Pike,2023,all,all,1500.0
Pike,2024,all,all,1559.0
Pope,2010,all,all,541.0
Pope,2011,all,all,387.0
Pope,2012,all,all,393.0
Pope,2013,all,all,394.0
Pope,2014,all,all,388.0
Pope,2015,all,all,348.0
Pope,2016,all,all,316.0
Pope,2017,all,all,331.0
Pope,2018,all,all,289.0
Pope,2019,all,all,284.0
Pope,2020,all,all,308.0
Pope,2021,all,all,351.0
Pope,2022,all,all,279.0
Pope,2023,all,all,264.0
Pope,2024,all,all,259.0
Pulaski,2010,all,all,726.0
Pulaski,2011,all,all,677.0
Pulaski,2012,all,all,689.0
Pulaski,2013,all,all,670.0
Pulaski,2014,all,all,648.0
Pulaski,2015,all,all,688.0
Pulaski,2016,all,all,701.0
Pulaski,2017,all,all,675.0
Pulaski,2018,all,all,643.0
Pulaski,2019,all,all,670.0
Pulaski,2020,all,all,633.0
Pulaski,2021,all,all,602.0
Pulaski,2022,all,all,509.0
Pulaski,2023,all,all,490.0
Pulaski,2024,all,all,434.0
Putnam,2010,all,all,636.0
Putnam,2011,all,all,616.0
Putnam,2012,all,all,641.0
Putnam,2013,all,all,607.0
Putnam,2014,all,all,596.0
Putnam,2015,all,all,556.0
Putnam,2016,all,all,522.0
Putnam,2017,all,all,547.0
Putnam,2018,all,all,571.0
Putnam,2019,all,all,561.0
Putnam,2020,all,all,562.0
Putnam,2021,all,all,595.0
Putnam,2022,all,all,583.0
Putnam,2023,all,all,550.0
Putnam,2024,all,all,517.0
Randolph,2010,all,all,3264.0
Randolph,2011,all,all,3195.0
Randolph,2012,all,all,3090.0
Randolph,2013,all,all,3231.0
Randolph,2014,all,all,2984.0
Randolph,2015,all,all,3058.0
Randolph,2016,all,all,2959.0
Randolph,2017,all,all,2899.0
Randolph,2018,all,all,2921.0
Randolph,2019,all,all,2929.0
Randolph,2020,all,all,2957.0
Randolph,2021,all,all,2967.0
Randolph,2022,all,all,3018.0
Randolph,2023,all,all,3068.0
Randolph,2024,all,all,2990.0
Richland,2010,all,all,1667.0
Richland,2011,all,all,1649.0
Richland,2012,all,all,1643.0
Richland,2013,all,all,1607.0
Richland,2014,all,all,1664.0
Richland,2015,all,all,1630.0
Richland,2016,all,all,1584.0
Richland,2017,all,all,1437.0
Richland,2018,all,all,1634.0
Richland,2019,all,all,1640.0
Richland,2020,all,all,1698.0
Richland,2021,all,all,1795.0
Richland,2022,all,all,1791.0
Richland,2023,all,all,1688.0
Richland,2024,all,all,1751.0
Rock Island,2010,all,all,14417.0
Rock Island,2011,all,all,14657.0
Rock Island,2012,all,all,14873.0
Rock Island,2013,all,all,14430.0
Rock Island,2014,all,all,14427.0
Rock Island,2015,all,all,14588.0
Rock Island,2016,all,all,14325.0
Rock Island,2017,all,all,14286.0
Rock Island,2018,all,all,14416.0
Rock Island,2019,all,all,14521.0
Rock Island,2020,all,all,14456.0
Rock Island,2021,all,all,14956.0
Rock Island,2022,all,all,14713.0
Rock Island,2023,all,all,14817.0
Rock Island,2024,all,all,15027.0
Saline,2010,all,all,2723.0
Saline,2011,all,all,2708.0
Saline,2012,all,all,2580.0
Saline,2013,all,all,2506.0
Saline,2014,all,all,2418.0
Saline,2015,all,all,2516.0
Saline,2016,all,all,2530.0
Saline,2017,all,all,2574.0
Saline,2018,all,all,2573.0
Saline,2019,all,all,2515.0
Saline,2020,all,all,2479.0
Saline,2021,all,all,2530.0
Saline,2022,all,all,2181.0
Saline,2023,all,all,2081.0
Saline,2024,all,all,2084.0
Sangamon,2010,all,all,21043.0
Sangamon,2011,all,all,21223.0
Sangamon,2012,all,all,21145.0
Sangamon,2013,all,all,20862.0
Sangamon,2014,all,all,21205.0
Sangamon,2015,all,all,21162.0
Sangamon,2016,all,all,20872.0
Sangamon,2017,all,all,20469.0
Sangamon,2018,all,all,20443.0
Sangamon,2019,all,all,20311.0
Sangamon,2020,all,all,19944.0
Sangamon,2021,all,all,20318.0
Sangamon,2022,all,all,20117.0
Sangamon,2023,all,all,19890.0
Sangamon,2024,all,all,20165.0
Schuyler,2010,all,all,936.0
Schuyler,2011,all,all,874.0
Schuyler,2012,all,all,846.0
Schuyler,2013,all,all,806.0
Schuyler,2014,all,all,807.0
Schuyler,2015,all,all,726.0
Schuyler,2016,all,all,701.0
Schuyler,2017,all,all,705.0
Schuyler,2018,all,all,723.0
Schuyler,2019,all,all,729.0
Schuyler,2020,all,all,735.0
Schuyler,2021,all,all,737.0
Schuyler,2022,all,all,689.0
Schuyler,2023,all,all,707.0
Schuyler,2024,all,all,687.0
Scott,2010,all,all,598.0
Scott,2011,all,all,611.0
Scott,2012,all,all,579.0
Scott,2013,all,all,616.0
Scott,2014,all,all,625.0
Scott,2015,all,all,634.0
Scott,2016,all,all,596.0
Scott,2017,all,all,600.0
Scott,2018,all,all,593.0
Scott,2019,all,all,559.0
Scott,2020,all,all,493.0
Scott,2021,all,all,531.0
Scott,2022,all,all,504.0
Scott,2023,all,all,486.0
Scott,2024,all,all,465.0
Shelby,2010,all,all,2452.0
Shelby,2011,all,all,2441.0
Shelby,2012,all,all,2253.0
Shelby,2013,all,all,2240.0
Shelby,2014,all,all,2186.0
Shelby,2015,all,all,2169.0
Shelby,2016,all,all,2172.0
Shelby,2017,all,all,2203.0
Shelby,2018,all,all,2227.0
Shelby,2019,all,all,2205.0
Shelby,2020,all,all,2161.0
Shelby,2021,all,all,2197.0
Shelby,2022,all,all,2111.0
Shelby,2023,all,all,2091.0
Shelby,2024,all,all,2114.0
St. Clair,2010,all,all,31646.0
St. Clair,2011,all,all,31458.0
St. Clair,2012,all,all,31018.0
St. Clair,2013,all,all,30433.0
St. Clair,2014,all,all,29954.0
St. Clair,2015,all,all,29233.0
St. Clair,2016,all,all,29069.0
St. Clair,2017,all,all,28432.0
St. Clair,2018,all,all,27975.0
St. Clair,2019,all,all,27961.0
St. Clair,2020,all,all,28503.0
St. Clair,2021,all,all,28872.0
St. Clair,2022,all,all,29114.0
St. Clair,2023,all,all,28443.0
St. Clair,2024,all,all,27982.0
Stark,2010,all,all,709.0
Stark,2011,all,all,728.0
Stark,2012,all,all,721.0
Stark,2013,all,all,637.0
Stark,2014,all,all,632.0
Stark,2015,all,all,587.0
Stark,2016,all,all,553.0
Stark,2017,all,all,521.0
Stark,2018,all,all,563.0
Stark,2019,all,all,552.0
Stark,2020,all,all,566.0
Stark,2021,all,all,567.0
Stark,2022,all,all,526.0
Stark,2023,all,all,497.0
Stark,2024,all,all,487.0
Stephenson,2010,all,all,5216.0
Stephenson,2011,all,all,5256.0
Stephenson,2012,all,all,5284.0
Stephenson,2013,all,all,5280.0
Stephenson,2014,all,all,4983.0
Stephenson,2015,all,all,4988.0
Stephenson,2016,all,all,4771.0
Stephenson,2017,all,all,4527.0
Stephenson,2018,all,all,4177.0
Stephenson,2019,all,all,4236.0
Stephenson,2020,all,all,4444.0
Stephenson,2021,all,all,4650.0
Stephenson,2022,all,all,4653.0
Stephenson,2023,all,all,4961.0
Stephenson,2024,all,all,4627.0
Tazewell,2010,all,all,14865.0
Tazewell,2011,all,all,14563.0
Tazewell,2012,all,all,14432.0
Tazewell,2013,all,all,14609.0
Tazewell,2014,all,all,14607.0
Tazewell,2015,all,all,14290.0
Tazewell,2016,all,all,14283.0
Tazewell,2017,all,all,14212.0
Tazewell,2018,all,all,13850.0
Tazewell,2019,all,all,13697.0
Tazewell,2020,all,all,13352.0
Tazewell,2021,all,all,13815.0
Tazewell,2022,all,all,14028.0
Tazewell,2023,all,all,13926.0
Tazewell,2024,all,all,14154.0
Union,2010,all,all,1687.0
Union,2011,all,all,1692.0
Union,2012,all,all,1628.0
Union,2013,all,all,1525.0
Union,2014,all,all,1525.0
Union,2015,all,all,1563.0
Union,2016,all,all,1572.0
Union,2017,all,all,1599.0
Union,2018,all,all,1701.0
Union,2019,all,all,1758.0
Union,2020,all,all,1774.0
Union,2021,all,all,1939.0
Union,2022,all,all,1801.0
Union,2023,all,all,1815.0
Union,2024,all,all,1871.0
Vermilion,2010,all,all,9067.0
Vermilion,2011,all,all,9031.0
Vermilion,2012,all,all,9212.0
Vermilion,2013,all,all,9288.0
Vermilion,2014,all,all,9166.0
Vermilion,2015,all,all,8714.0
Vermilion,2016,all,all,8365.0
Vermilion,2017,all,all,8206.0
Vermilion,2018,all,all,8324.0
Vermilion,2019,all,all,8256.0
Vermilion,2020,all,all,8465.0
Vermilion,2021,all,all,8337.0
Vermilion,2022,all,all,8358.0
Vermilion,2023,all,all,8213.0
Vermilion,2024,all,all,8311.0
Wabash,2010,all,all,1333.0
Wabash,2011,all,all,1283.0
Wabash,2012,all,all,1237.0
Wabash,2013,all,all,1196.0
Wabash,2014,all,all,1120.0
Wabash,2015,all,all,1171.0
Wabash,2016,all,all,1196.0
Wabash,2017,all,all,1225.0
Wabash,2018,all,all,1195.0
Wabash,2019,all,all,1217.0
Wabash,2020,all,all,1255.0
Wabash,2021,all,all,1291.0
Wabash,2022,all,all,1174.0
Wabash,2023,all,all,1208.0
Wabash,2024,all,all,1149.0
Warren,2010,all,all,1831.0
Warren,2011,all,all,1839.0
Warren,2012,all,all,1855.0
Warren,2013,all,all,1941.0
Warren,2014,all,all,1937.0
Warren,2015,all,all,1867.0
Warren,2016,all,all,1921.0
Warren,2017,all,all,1817.0
Warren,2018,all,all,1757.0
Warren,2019,all,all,1770.0
Warren,2020,all,all,1692.0
Warren,2021,all,all,1774.0
Warren,2022,all,all,1645.0
Warren,2023,all,all,1624.0
Warren,2024,all,all,1817.0
Washington,2010,all,all,1589.0
Washington,2011,all,all,1478.0
Washington,2012,all,all,1460.0
Washington,2013,all,all,1396.0
Washington,2014,all,all,1358.0
Washington,2015,all,all,1363.0
Washington,2016,all,all,1352.0
Washington,2017,all,all,1358.0
Washington,2018,all,all,1372.0
Washington,2019,all,all,1377.0
Washington,2020,all,all,1222.0
Washington,2021,all,all,1253.0
Washington,2022,all,all,1275.0
Washington,2023,all,all,1333.0
Washington,2024,all,all,1272.0
Wayne,2010,all,all,1827.0
Wayne,2011,all,all,1815.0
Wayne,2012,all,all,1752.0
Wayne,2013,all,all,1741.0
Wayne,2014,all,all,1803.0
Wayne,2015,all,all,1842.0
Wayne,2016,all,all,1755.0
Wayne,2017,all,all,1781.0
Wayne,2018,all,all,1834.0
Wayne,2019,all,all,1767.0
Wayne,2020,all,all,1712.0
Wayne,2021,all,all,1793.0
Wayne,2022,all,all,1731.0
Wayne,2023,all,all,1689.0
Wayne,2024,all,all,1642.0
White,2010,all,all,1179.0
White,2011,all,all,1199.0
White,2012,all,all,1222.0
White,2013,all,all,1242.0
White,2014,all,all,1283.0
White,2015,all,all,1308.0
White,2016,all,all,1396.0
White,2017,all,all,1352.0
White,2018,all,all,1346.0
White,2019,all,all,1319.0
White,2020,all,all,1316.0
White,2021,all,all,1351.0
White,2022,all,all,1399.0
White,2023,all,all,1328.0
White,2024,all,all,1292.0
Whiteside,2010,all,all,6628.0
Whiteside,2011,all,all,6595.0
Whiteside,2012,all,all,6581.0
Whiteside,2013,all,all,6560.0
Whiteside,2014,all,all,6501.0
Whiteside,2015,all,all,6460.0
Whiteside,2016,all,all,6273.0
Whiteside,2017,all,all,5987.0
Whiteside,2018,all,all,5971.0
Whiteside,2019,all,all,6003.0
Whiteside,2020,all,all,6109.0
Whiteside,2021,all,all,6113.0
Whiteside,2022,all,all,5952.0
Whiteside,2023,all,all,5774.0
Whiteside,2024,all,all,5493.0
Will,2010,all,all,89696.0
Will,2011,all,all,90578.0
Will,2012,all,all,91259.0
Will,2013,all,all,90234.0
Will,2014,all,all,90076.0
Will,2015,all,all,89531.0
Will,2016,all,all,89429.0
Will,2017,all,all,88622.0
Will,2018,all,all,88506.0
Will,2019,all,all,87627.0
Will,2020,all,all,88039.0
Will,2021,all,all,88926.0
Will,2022,all,all,86531.0
Will,2023,all,all,85645.0
Will,2024,all,all,84003.0
Williamson,2010,all,all,6665.0
Williamson,2011,all,all,6552.0
Williamson,2012,all,all,6332.0
Williamson,2013,all,all,6335.0
Williamson,2014,all,all,6472.0
Williamson,2015,all,all,6691.0
Williamson,2016,all,all,7072.0
Williamson,2017,all,all,7087.0
Williamson,2018,all,all,6873.0
Williamson,2019,all,all,6686.0
Williamson,2020,all,all,6679.0
Williamson,2021,all,all,6748.0
Williamson,2022,all,all,6815.0
Williamson,2023,all,all,6834.0
Williamson,2024,all,all,6813.0
Winnebago,2010,all,all,34179.0
Winnebago,2011,all,all,34221.0
Winnebago,2012,all,all,33573.0
Winnebago,2013,all,all,33179.0
Winnebago,2014,all,all,32272.0
Winnebago,2015,all,all,31950.0
Winnebago,2016,all,all,31600.0
Winnebago,2017,all,all,31455.0
Winnebago,2018,all,all,31281.0
Winnebago,2019,all,all,31035.0
Winnebago,2020,all,all,31269.0
Winnebago,2021,all,all,31653.0
Winnebago,2022,all,all,31290.0
Winnebago,2023,all,all,30915.0
Winnebago,2024,all,all,30807.0
Woodford,2010,all,all,4939.0
Woodford,2011,all,all,4714.0
Woodford,2012,all,all,4643.0
Woodford,2013,all,all,4507.0
Woodford,2014,all,all,4583.0
Woodford,2015,all,all,4577.0
Woodford,2016,all,all,4613.0
Woodford,2017,all,all,4663.0
Woodford,2018,all,all,4608.0
Woodford,2019,all,all,4387.0
Woodford,2020,all,all,4240.0
Woodford,2021,all,all,4243.0
Woodford,2022,all,all,4171.0
Woodford,2023,all,all,4426.0
Woodford,2024,all,all,4430.0
Adams,2010,race,american indian,0.0
Adams,2010,race,asian,0.0
Adams,2010,race,black,293.0
Adams,2010,race,hispanic,84.0
Adams,2010,race,other,183.0
Adams,2010,race,white,6840.0
Adams,2011,race,american indian,0.0
Adams,2011,race,asian,27.0
Adams,2011,race,black,249.0
Adams,2011,race,hispanic,79.0
Adams,2011,race,other,144.0
Adams,2011,race,white,6680.0
Adams,2012,race,american indian,0.0
Adams,2012,race,asian,24.0
Adams,2012,race,black,292.0
Adams,2012,race,hispanic,105.0
Adams,2012,race,other,140.0
Adams,2012,race,white,6543.0
Adams,2013,race,american indian,0.0
Adams,2013,race,asian,16.0
Adams,2013,race,black,292.0
Adams,2013,race,hispanic,115.0
Adams,2013,race,other,192.0
Adams,2013,race,white,6348.0
Adams,2014,race,american indian,0.0
Adams,2014,race,asian,28.0
Adams,2014,race,black,295.0
Adams,2014,race,hispanic,130.0
Adams,2014,race,other,262.0
Adams,2014,race,white,6296.0
Adams,2015,race,american indian,14.0
Adams,2015,race,asian,29.0
Adams,2015,race,black,328.0
Adams,2015,race,hispanic,155.0
Adams,2015,race,other,314.0
Adams,2015,race,white,6114.0
Adams,2016,race,american indian,12.0
Adams,2016,race,asian,11.0
Adams,2016,race,black,356.0
Adams,2016,race,hispanic,125.0
Adams,2016,race,other,343.0
Adams,2016,race,white,6072.0
Adams,2017,race,american indian,15.0
Adams,2017,race,asian,8.0
Adams,2017,race,black,319.0
Adams,2017,race,hispanic,143.0
Adams,2017,race,other,319.0
Adams,2017,race,white,5937.0
Adams,2018,race,american indian,18.0
Adams,2018,race,asian,9.0
Adams,2018,race,black,284.0
Adams,2018,race,hispanic,119.0
Adams,2018,race,other,312.0
Adams,2018,race,white,5921.0
Adams,2019,race,american indian,22.0
Adams,2019,race,asian,15.0
Adams,2019,race,black,335.0
Adams,2019,race,hispanic,121.0
Adams,2019,race,other,321.0
Adams,2019,race,white,5688.0
Adams,2020,race,american indian,0.0
Adams,2020,race,asian,42.0
Adams,2020,race,black,399.0
Adams,2020,race,hispanic,118.0
Adams,2020,race,other,239.0
Adams,2020,race,white,5792.0
Adams,2021,race,american indian,0.0
Adams,2021,race,asian,51.0
Adams,2021,race,black,261.0
Adams,2021,race,hispanic,132.0
Adams,2021,race,other,395.0
Adams,2021,race,white,5968.0
Adams,2022,race,american indian,0.0
Adams,2022,race,asian,52.0
Adams,2022,race,black,268.0
Adams,2022,race,hispanic,169.0
Adams,2022,race,other,499.0
Adams,2022,race,white,5806.0
Adams,2023,race,american indian,0.0
Adams,2023,race,asian,47.0
Adams,2023,race,black,280.0
Adams,2023,race,hispanic,159.0
Adams,2023,race,other,624.0
Adams,2023,race,white,5726.0
Adams,2024,race,american indian,12.0
Adams,2024,race,asian,37.0
Adams,2024,race,black,126.0
Adams,2024,race,hispanic,177.0
Adams,2024,race,other,713.0
Adams,2024,race,white,5827.0
Alexander,2010,race,american indian,0.0
Alexander,2010,race,asian,20.0
Alexander,2010,race,black,458.0
Alexander,2010,race,hispanic,32.0
Alexander,2010,race,other,20.0
Alexander,2010,race,white,519.0
Alexander,2011,race,american indian,0.0
Alexander,2011,race,asian,13.0
Alexander,2011,race,black,373.0
Alexander,2011,race,hispanic,28.0
Alexander,2011,race,other,18.0
Alexander,2011,race,white,503.0
Alexander,2012,race,american indian,0.0
Alexander,2012,race,asian,4.0
Alexander,2012,race,black,307.0
Alexander,2012,race,hispanic,19.0
Alexander,2012,race,other,12.0
Alexander,2012,race,white,486.0
Alexander,2013,race,american indian,0.0
Alexander,2013,race,asian,7.0
Alexander,2013,race,black,309.0
Alexander,2013,race,hispanic,23.0
Alexander,2013,race,other,12.0
Alexander,2013,race,white,491.0
Alexander,2014,race,american indian,13.0
Alexander,2014,race,asian,0.0
Alexander,2014,race,black,259.0
Alexander,2014,race,hispanic,24.0
Alexander,2014,race,other,0.0
Alexander,2014,race,white,483.0
Alexander,2015,race,american indian,17.0
Alexander,2015,race,asian,0.0
Alexander,2015,race,black,249.0
Alexander,2015,race,hispanic,12.0
Alexander,2015,race,other,59.0
Alexander,2015,race,white,400.0
Alexander,2016,race,american indian,14.0
Alexander,2016,race,asian,0.0
Alexander,2016,race,black,272.0
Alexander,2016,race,hispanic,0.0
Alexander,2016,race,other,60.0
Alexander,2016,race,white,361.0
Alexander,2017,race,american indian,31.0
Alexander,2017,race,asian,0.0
Alexander,2017,race,black,281.0
Alexander,2017,race,hispanic,9.0
Alexander,2017,race,other,62.0
Alexander,2017,race,white,359.0
Alexander,2018,race,american indian,31.0
Alexander,2018,race,asian,0.0
Alexander,2018,race,black,252.0
Alexander,2018,race,hispanic,7.0
Alexander,2018,race,other,88.0
Alexander,2018,race,white,352.0
Alexander,2019,race,american indian,15.0
Alexander,2019,race,asian,0.0
Alexander,2019,race,black,258.0
Alexander,2019,race,hispanic,11.0
Alexander,2019,race,other,50.0
Alexander,2019,race,white,336.0
Alexander,2020,race,american indian,0.0
Alexander,2020,race,asian,0.0
Alexander,2020,race,black,330.0
Alexander,2020,race,hispanic,14.0
Alexander,2020,race,other,3.0
Alexander,2020,race,white,324.0
Alexander,2021,race,american indian,0.0
Alexander,2021,race,asian,0.0
Alexander,2021,race,black,232.0
Alexander,2021,race,hispanic,34.0
Alexander,2021,race,other,17.0
Alexander,2021,race,white,354.0
Alexander,2022,race,american indian,0.0
Alexander,2022,race,asian,11.0
Alexander,2022,race,black,189.0
Alexander,2022,race,hispanic,0.0
Alexander,2022,race,other,11.0
Alexander,2022,race,white,283.0
Alexander,2023,race,american indian,0.0
Alexander,2023,race,asian,7.0
Alexander,2023,race,black,150.0
Alexander,2023,race,hispanic,0.0
Alexander,2023,race,other,8.0
Alexander,2023,race,white,236.0
Alexander,2024,race,american indian,0.0
Alexander,2024,race,asian,6.0
Alexander,2024,race,black,229.0
Alexander,2024,race,hispanic,0.0
Alexander,2024,race,other,18.0
Alexander,2024,race,white,239.0
Bond,2010,race,american indian,0.0
Bond,2010,race,asian,0.0
Bond,2010,race,black,13.0
Bond,2010,race,hispanic,41.0
Bond,2010,race,other,38.0
Bond,2010,race,white,1718.0
Bond,2011,race,american indian,0.0
Bond,2011,race,asian,0.0
Bond,2011,race,black,75.0
Bond,2011,race,hispanic,35.0
Bond,2011,race,other,28.0
Bond,2011,race,white,1607.0
Bond,2012,race,american indian,0.0
Bond,2012,race,asian,7.0
Bond,2012,race,black,0.0
Bond,2012,race,hispanic,30.0
Bond,2012,race,other,78.0
Bond,2012,race,white,1506.0
Bond,2013,race,american indian,0.0
Bond,2013,race,asian,10.0
Bond,2013,race,black,0.0
Bond,2013,race,hispanic,42.0
Bond,2013,race,other,90.0
Bond,2013,race,white,1527.0
Bond,2014,race,american indian,0.0
Bond,2014,race,asian,2.0
Bond,2014,race,black,0.0
Bond,2014,race,hispanic,51.0
Bond,2014,race,other,59.0
Bond,2014,race,white,1625.0
Bond,2015,race,american indian,0.0
Bond,2015,race,asian,2.0
Bond,2015,race,black,0.0
Bond,2015,race,hispanic,61.0
Bond,2015,race,other,89.0
Bond,2015,race,white,1613.0
Bond,2016,race,american indian,0.0
Bond,2016,race,asian,2.0
Bond,2016,race,black,0.0
Bond,2016,race,hispanic,55.0
Bond,2016,race,other,83.0
Bond,2016,race,white,1565.0
Bond,2017,race,american indian,0.0
Bond,2017,race,asian,0.0
Bond,2017,race,black,21.0
Bond,2017,race,hispanic,54.0
Bond,2017,race,other,34.0
Bond,2017,race,white,1585.0
Bond,2018,race,american indian,0.0
Bond,2018,race,asian,0.0
Bond,2018,race,black,27.0
Bond,2018,race,hispanic,61.0
Bond,2018,race,other,22.0
Bond,2018,race,white,1476.0
Bond,2019,race,american indian,0.0
Bond,2019,race,asian,0.0
Bond,2019,race,black,123.0
Bond,2019,race,hispanic,13.0
Bond,2019,race,other,8.0
Bond,2019,race,white,1421.0
Bond,2020,race,american indian,0.0
Bond,2020,race,asian,0.0
Bond,2020,race,black,160.0
Bond,2020,race,hispanic,17.0
Bond,2020,race,other,10.0
Bond,2020,race,white,1423.0
Bond,2021,race,american indian,2.0
Bond,2021,race,asian,0.0
Bond,2021,race,black,93.0
Bond,2021,race,hispanic,22.0
Bond,2021,race,other,21.0
Bond,2021,race,white,1510.0
Bond,2022,race,american indian,8.0
Bond,2022,race,asian,0.0
Bond,2022,race,black,190.0
Bond,2022,race,hispanic,25.0
Bond,2022,race,other,59.0
Bond,2022,race,white,1346.0
Bond,2023,race,american indian,8.0
Bond,2023,race,asian,0.0
Bond,2023,race,black,188.0
Bond,2023,race,hispanic,15.0
Bond,2023,race,other,61.0
Bond,2023,race,white,1379.0
Bond,2024,race,american indian,21.0
Bond,2024,race,asian,0.0
Bond,2024,race,black,5.0
Bond,2024,race,hispanic,47.0
Bond,2024,race,other,158.0
Bond,2024,race,white,1212.0
Boone,2010,race,american indian,20.0
Boone,2010,race,asian,71.0
Boone,2010,race,black,183.0
Boone,2010,race,hispanic,2043.0
Boone,2010,race,other,593.0
Boone,2010,race,white,6666.0
Boone,2011,race,american indian,14.0
Boone,2011,race,asian,80.0
Boone,2011,race,black,169.0
Boone,2011,race,hispanic,1862.0
Boone,2011,race,other,619.0
Boone,2011,race,white,6217.0
Boone,2012,race,american indian,14.0
Boone,2012,race,asian,84.0
Boone,2012,race,black,133.0
Boone,2012,race,hispanic,2110.0
Boone,2012,race,other,718.0
Boone,2012,race,white,6476.0
Boone,2013,race,american indian,14.0
Boone,2013,race,asian,86.0
Boone,2013,race,black,212.0
Boone,2013,race,hispanic,2252.0
Boone,2013,race,other,740.0
Boone,2013,race,white,6543.0
Boone,2014,race,american indian,0.0
Boone,2014,race,asian,68.0
Boone,2014,race,black,178.0
Boone,2014,race,hispanic,2158.0
Boone,2014,race,other,663.0
Boone,2014,race,white,6516.0
Boone,2015,race,american indian,38.0
Boone,2015,race,asian,11.0
Boone,2015,race,black,170.0
Boone,2015,race,hispanic,2012.0
Boone,2015,race,other,804.0
Boone,2015,race,white,6192.0
Boone,2016,race,american indian,86.0
Boone,2016,race,asian,87.0
Boone,2016,race,black,215.0
Boone,2016,race,hispanic,2280.0
Boone,2016,race,other,860.0
Boone,2016,race,white,6223.0
Boone,2017,race,american indian,81.0
Boone,2017,race,asian,87.0
Boone,2017,race,black,313.0
Boone,2017,race,hispanic,2249.0
Boone,2017,race,other,793.0
Boone,2017,race,white,5907.0
Boone,2018,race,american indian,60.0
Boone,2018,race,asian,129.0
Boone,2018,race,black,279.0
Boone,2018,race,hispanic,2344.0
Boone,2018,race,other,875.0
Boone,2018,race,white,5971.0
Boone,2019,race,american indian,60.0
Boone,2019,race,asian,124.0
Boone,2019,race,black,326.0
Boone,2019,race,hispanic,2328.0
Boone,2019,race,other,892.0
Boone,2019,race,white,5851.0
Boone,2020,race,american indian,0.0
Boone,2020,race,asian,47.0
Boone,2020,race,black,372.0
Boone,2020,race,hispanic,2174.0
Boone,2020,race,other,937.0
Boone,2020,race,white,5869.0
Boone,2021,race,american indian,0.0
Boone,2021,race,asian,38.0
Boone,2021,race,black,295.0
Boone,2021,race,hispanic,2048.0
Boone,2021,race,other,1093.0
Boone,2021,race,white,5898.0
Boone,2022,race,american indian,0.0
Boone,2022,race,asian,25.0
Boone,2022,race,black,319.0
Boone,2022,race,hispanic,1889.0
Boone,2022,race,other,1439.0
Boone,2022,race,white,5186.0
Boone,2023,race,american indian,0.0
Boone,2023,race,asian,17.0
Boone,2023,race,black,281.0
Boone,2023,race,hispanic,1994.0
Boone,2023,race,other,1791.0
Boone,2023,race,white,4456.0
Boone,2024,race,american indian,0.0
Boone,2024,race,asian,14.0
Boone,2024,race,black,389.0
Boone,2024,race,hispanic,2049.0
Boone,2024,race,other,2079.0
Boone,2024,race,white,4267.0
Brown,2010,race,american indian,0.0
Brown,2010,race,asian,0.0
Brown,2010,race,black,0.0
Brown,2010,race,hispanic,6.0
Brown,2010,race,other,0.0
Brown,2010,race,white,643.0
Brown,2011,race,american indian,0.0
Brown,2011,race,asian,0.0
Brown,2011,race,black,0.0
Brown,2011,race,hispanic,17.0
Brown,2011,race,other,0.0
Brown,2011,race,white,589.0
Brown,2012,race,american indian,0.0
Brown,2012,race,asian,0.0
Brown,2012,race,black,0.0
Brown,2012,race,hispanic,32.0
Brown,2012,race,other,0.0
Brown,2012,race,white,579.0
Brown,2013,race,american indian,0.0
Brown,2013,race,asian,14.0
Brown,2013,race,black,0.0
Brown,2013,race,hispanic,0.0
Brown,2013,race,other,0.0
Brown,2013,race,white,522.0
Brown,2014,race,american indian,0.0
Brown,2014,race,asian,13.0
Brown,2014,race,black,0.0
Brown,2014,race,hispanic,0.0
Brown,2014,race,other,2.0
Brown,2014,race,white,471.0
Brown,2015,race,american indian,0.0
Brown,2015,race,asian,12.0
Brown,2015,race,black,0.0
Brown,2015,race,hispanic,0.0
Brown,2015,race,other,2.0
Brown,2015,race,white,442.0
Brown,2016,race,american indian,0.0
Brown,2016,race,asian,10.0
Brown,2016,race,black,0.0
Brown,2016,race,hispanic,0.0
Brown,2016,race,other,6.0
Brown,2016,race,white,465.0
Brown,2017,race,american indian,0.0
Brown,2017,race,asian,12.0
Brown,2017,race,black,0.0
Brown,2017,race,hispanic,2.0
Brown,2017,race,other,6.0
Brown,2017,race,white,438.0
Brown,2018,race,american indian,0.0
Brown,2018,race,asian,5.0
Brown,2018,race,black,0.0
Brown,2018,race,hispanic,15.0
Brown,2018,race,other,9.0
Brown,2018,race,white,455.0
Brown,2019,race,american indian,5.0
Brown,2019,race,asian,0.0
Brown,2019,race,black,0.0
Brown,2019,race,hispanic,58.0
Brown,2019,race,other,7.0
Brown,2019,race,white,525.0
Brown,2020,race,american indian,13.0
Brown,2020,race,asian,0.0
Brown,2020,race,black,0.0
Brown,2020,race,hispanic,52.0
Brown,2020,race,other,21.0
Brown,2020,race,white,526.0
Brown,2021,race,american indian,10.0
Brown,2021,race,asian,0.0
Brown,2021,race,black,0.0
Brown,2021,race,hispanic,53.0
Brown,2021,race,other,18.0
Brown,2021,race,white,464.0
Brown,2022,race,american indian,7.0
Brown,2022,race,asian,0.0
Brown,2022,race,black,0.0
Brown,2022,race,hispanic,57.0
Brown,2022,race,other,33.0
Brown,2022,race,white,482.0
Brown,2023,race,american indian,16.0
Brown,2023,race,asian,0.0
Brown,2023,race,black,0.0
Brown,2023,race,hispanic,12.0
Brown,2023,race,other,34.0
Brown,2023,race,white,443.0
Brown,2024,race,american indian,0.0
Brown,2024,race,asian,0.0
Brown,2024,race,black,0.0
Brown,2024,race,hispanic,47.0
Brown,2024,race,other,53.0
Brown,2024,race,white,398.0
Bureau,2010,race,american indian,0.0
Bureau,2010,race,asian,15.0
Bureau,2010,race,black,57.0
Bureau,2010,race,hispanic,475.0
Bureau,2010,race,other,174.0
Bureau,2010,race,white,3672.0
Bureau,2011,race,american indian,0.0
Bureau,2011,race,asian,16.0
Bureau,2011,race,black,49.0
Bureau,2011,race,hispanic,499.0
Bureau,2011,race,other,156.0
Bureau,2011,race,white,3561.0
Bureau,2012,race,american indian,0.0
Bureau,2012,race,asian,15.0
Bureau,2012,race,black,27.0
Bureau,2012,race,hispanic,451.0
Bureau,2012,race,other,104.0
Bureau,2012,race,white,3523.0
Bureau,2013,race,american indian,2.0
Bureau,2013,race,asian,6.0
Bureau,2013,race,black,28.0
Bureau,2013,race,hispanic,482.0
Bureau,2013,race,other,186.0
Bureau,2013,race,white,3277.0
Bureau,2014,race,american indian,2.0
Bureau,2014,race,asian,8.0
Bureau,2014,race,black,49.0
Bureau,2014,race,hispanic,482.0
Bureau,2014,race,other,231.0
Bureau,2014,race,white,3193.0
Bureau,2015,race,american indian,2.0
Bureau,2015,race,asian,10.0
Bureau,2015,race,black,31.0
Bureau,2015,race,hispanic,452.0
Bureau,2015,race,other,254.0
Bureau,2015,race,white,3089.0
Bureau,2016,race,american indian,2.0
Bureau,2016,race,asian,20.0
Bureau,2016,race,black,40.0
Bureau,2016,race,hispanic,473.0
Bureau,2016,race,other,278.0
Bureau,2016,race,white,3096.0
Bureau,2017,race,american indian,9.0
Bureau,2017,race,asian,25.0
Bureau,2017,race,black,56.0
Bureau,2017,race,hispanic,494.0
Bureau,2017,race,other,368.0
Bureau,2017,race,white,3080.0
Bureau,2018,race,american indian,5.0
Bureau,2018,race,asian,37.0
Bureau,2018,race,black,80.0
Bureau,2018,race,hispanic,479.0
Bureau,2018,race,other,326.0
Bureau,2018,race,white,3172.0
Bureau,2019,race,american indian,6.0
Bureau,2019,race,asian,42.0
Bureau,2019,race,black,91.0
Bureau,2019,race,hispanic,538.0
Bureau,2019,race,other,262.0
Bureau,2019,race,white,3296.0
Bureau,2020,race,american indian,15.0
Bureau,2020,race,asian,44.0
Bureau,2020,race,black,78.0
Bureau,2020,race,hispanic,491.0
Bureau,2020,race,other,299.0
Bureau,2020,race,white,3221.0
Bureau,2021,race,american indian,5.0
Bureau,2021,race,asian,35.0
Bureau,2021,race,black,33.0
Bureau,2021,race,hispanic,519.0
Bureau,2021,race,other,352.0
Bureau,2021,race,white,3198.0
Bureau,2022,race,american indian,0.0
Bureau,2022,race,asian,32.0
Bureau,2022,race,black,36.0
Bureau,2022,race,hispanic,519.0
Bureau,2022,race,other,365.0
Bureau,2022,race,white,3150.0
Bureau,2023,race,american indian,2.0
Bureau,2023,race,asian,17.0
Bureau,2023,race,black,29.0
Bureau,2023,race,hispanic,449.0
Bureau,2023,race,other,392.0
Bureau,2023,race,white,2926.0
Bureau,2024,race,american indian,1.0
Bureau,2024,race,asian,20.0
Bureau,2024,race,black,0.0
Bureau,2024,race,hispanic,421.0
Bureau,2024,race,other,510.0
Bureau,2024,race,white,2726.0
Calhoun,2010,race,american indian,0.0
Calhoun,2010,race,asian,10.0
Calhoun,2010,race,black,0.0
Calhoun,2010,race,hispanic,0.0
Calhoun,2010,race,other,0.0
Calhoun,2010,race,white,516.0
Calhoun,2011,race,american indian,0.0
Calhoun,2011,race,asian,3.0
Calhoun,2011,race,black,2.0
Calhoun,2011,race,hispanic,0.0
Calhoun,2011,race,other,0.0
Calhoun,2011,race,white,511.0
Calhoun,2012,race,american indian,0.0
Calhoun,2012,race,asian,3.0
Calhoun,2012,race,black,1.0
Calhoun,2012,race,hispanic,1.0
Calhoun,2012,race,other,26.0
Calhoun,2012,race,white,529.0
Calhoun,2013,race,american indian,0.0
Calhoun,2013,race,asian,4.0
Calhoun,2013,race,black,2.0
Calhoun,2013,race,hispanic,1.0
Calhoun,2013,race,other,23.0
Calhoun,2013,race,white,477.0
Calhoun,2014,race,american indian,0.0
Calhoun,2014,race,asian,0.0
Calhoun,2014,race,black,1.0
Calhoun,2014,race,hispanic,1.0
Calhoun,2014,race,other,27.0
Calhoun,2014,race,white,456.0
Calhoun,2015,race,american indian,0.0
Calhoun,2015,race,asian,0.0
Calhoun,2015,race,black,0.0
Calhoun,2015,race,hispanic,1.0
Calhoun,2015,race,other,26.0
Calhoun,2015,race,white,481.0
Calhoun,2016,race,american indian,0.0
Calhoun,2016,race,asian,0.0
Calhoun,2016,race,black,0.0
Calhoun,2016,race,hispanic,19.0
Calhoun,2016,race,other,37.0
Calhoun,2016,race,white,510.0
Calhoun,2017,race,american indian,0.0
Calhoun,2017,race,asian,0.0
Calhoun,2017,race,black,0.0
Calhoun,2017,race,hispanic,30.0
Calhoun,2017,race,other,18.0
Calhoun,2017,race,white,503.0
Calhoun,2018,race,american indian,0.0
Calhoun,2018,race,asian,0.0
Calhoun,2018,race,black,0.0
Calhoun,2018,race,hispanic,31.0
Calhoun,2018,race,other,19.0
Calhoun,2018,race,white,529.0
Calhoun,2019,race,american indian,0.0
Calhoun,2019,race,asian,0.0
Calhoun,2019,race,black,0.0
Calhoun,2019,race,hispanic,33.0
Calhoun,2019,race,other,19.0
Calhoun,2019,race,white,577.0
Calhoun,2020,race,american indian,0.0
Calhoun,2020,race,asian,0.0
Calhoun,2020,race,black,0.0
Calhoun,2020,race,hispanic,33.0
Calhoun,2020,race,other,19.0
Calhoun,2020,race,white,559.0
Calhoun,2021,race,american indian,0.0
Calhoun,2021,race,asian,0.0
Calhoun,2021,race,black,0.0
Calhoun,2021,race,hispanic,0.0
Calhoun,2021,race,other,17.0
Calhoun,2021,race,white,490.0
Calhoun,2022,race,american indian,0.0
Calhoun,2022,race,asian,0.0
Calhoun,2022,race,black,8.0
Calhoun,2022,race,hispanic,0.0
Calhoun,2022,race,other,23.0
Calhoun,2022,race,white,441.0
Calhoun,2023,race,american indian,0.0
Calhoun,2023,race,asian,0.0
Calhoun,2023,race,black,14.0
Calhoun,2023,race,hispanic,0.0
Calhoun,2023,race,other,26.0
Calhoun,2023,race,white,421.0
Calhoun,2024,race,american indian,0.0
Calhoun,2024,race,asian,0.0
Calhoun,2024,race,black,9.0
Calhoun,2024,race,hispanic,0.0
Calhoun,2024,race,other,27.0
Calhoun,2024,race,white,379.0
Carroll,2010,race,american indian,0.0
Carroll,2010,race,asian,6.0
Carroll,2010,race,black,0.0
Carroll,2010,race,hispanic,75.0
Carroll,2010,race,other,28.0
Carroll,2010,race,white,1506.0
Carroll,2011,race,american indian,0.0
Carroll,2011,race,asian,10.0
Carroll,2011,race,black,0.0
Carroll,2011,race,hispanic,84.0
Carroll,2011,race,other,60.0
Carroll,2011,race,white,1565.0
Carroll,2012,race,american indian,0.0
Carroll,2012,race,asian,11.0
Carroll,2012,race,black,0.0
Carroll,2012,race,hispanic,73.0
Carroll,2012,race,other,73.0
Carroll,2012,race,white,1486.0
Carroll,2013,race,american indian,0.0
Carroll,2013,race,asian,20.0
Carroll,2013,race,black,5.0
Carroll,2013,race,hispanic,69.0
Carroll,2013,race,other,51.0
Carroll,2013,race,white,1449.0
Carroll,2014,race,american indian,0.0
Carroll,2014,race,asian,20.0
Carroll,2014,race,black,28.0
Carroll,2014,race,hispanic,83.0
Carroll,2014,race,other,62.0
Carroll,2014,race,white,1383.0
Carroll,2015,race,american indian,0.0
Carroll,2015,race,asian,11.0
Carroll,2015,race,black,18.0
Carroll,2015,race,hispanic,68.0
Carroll,2015,race,other,85.0
Carroll,2015,race,white,1313.0
Carroll,2016,race,american indian,0.0
Carroll,2016,race,asian,16.0
Carroll,2016,race,black,19.0
Carroll,2016,race,hispanic,37.0
Carroll,2016,race,other,45.0
Carroll,2016,race,white,1261.0
Carroll,2017,race,american indian,0.0
Carroll,2017,race,asian,13.0
Carroll,2017,race,black,19.0
Carroll,2017,race,hispanic,67.0
Carroll,2017,race,other,73.0
Carroll,2017,race,white,1298.0
Carroll,2018,race,american indian,0.0
Carroll,2018,race,asian,19.0
Carroll,2018,race,black,13.0
Carroll,2018,race,hispanic,65.0
Carroll,2018,race,other,65.0
Carroll,2018,race,white,1306.0
Carroll,2019,race,american indian,0.0
Carroll,2019,race,asian,13.0
Carroll,2019,race,black,0.0
Carroll,2019,race,hispanic,79.0
Carroll,2019,race,other,49.0
Carroll,2019,race,white,1300.0
Carroll,2020,race,american indian,0.0
Carroll,2020,race,asian,5.0
Carroll,2020,race,black,0.0
Carroll,2020,race,hispanic,54.0
Carroll,2020,race,other,23.0
Carroll,2020,race,white,1246.0
Carroll,2021,race,american indian,0.0
Carroll,2021,race,asian,7.0
Carroll,2021,race,black,0.0
Carroll,2021,race,hispanic,45.0
Carroll,2021,race,other,118.0
Carroll,2021,race,white,1297.0
Carroll,2022,race,american indian,0.0
Carroll,2022,race,asian,9.0
Carroll,2022,race,black,0.0
Carroll,2022,race,hispanic,73.0
Carroll,2022,race,other,75.0
Carroll,2022,race,white,1213.0
Carroll,2023,race,american indian,0.0
Carroll,2023,race,asian,3.0
Carroll,2023,race,black,0.0
Carroll,2023,race,hispanic,95.0
Carroll,2023,race,other,103.0
Carroll,2023,race,white,1210.0
Carroll,2024,race,american indian,0.0
Carroll,2024,race,asian,1.0
Carroll,2024,race,black,1.0
Carroll,2024,race,hispanic,68.0
Carroll,2024,race,other,74.0
Carroll,2024,race,white,1197.0
Cass,2010,race,american indian,0.0
Cass,2010,race,asian,0.0
Cass,2010,race,black,78.0
Cass,2010,race,hispanic,264.0
Cass,2010,race,other,182.0
Cass,2010,race,white,1282.0
Cass,2011,race,american indian,0.0
Cass,2011,race,asian,0.0
Cass,2011,race,black,69.0
Cass,2011,race,hispanic,241.0
Cass,2011,race,other,115.0
Cass,2011,race,white,1343.0
Cass,2012,race,american indian,0.0
Cass,2012,race,asian,0.0
Cass,2012,race,black,76.0
Cass,2012,race,hispanic,310.0
Cass,2012,race,other,173.0
Cass,2012,race,white,1311.0
Cass,2013,race,american indian,0.0
Cass,2013,race,asian,0.0
Cass,2013,race,black,72.0
Cass,2013,race,hispanic,411.0
Cass,2013,race,other,201.0
Cass,2013,race,white,1381.0
Cass,2014,race,american indian,0.0
Cass,2014,race,asian,0.0
Cass,2014,race,black,43.0
Cass,2014,race,hispanic,441.0
Cass,2014,race,other,141.0
Cass,2014,race,white,1393.0
Cass,2015,race,american indian,0.0
Cass,2015,race,asian,8.0
Cass,2015,race,black,58.0
Cass,2015,race,hispanic,429.0
Cass,2015,race,other,120.0
Cass,2015,race,white,1404.0
Cass,2016,race,american indian,0.0
Cass,2016,race,asian,10.0
Cass,2016,race,black,53.0
Cass,2016,race,hispanic,414.0
Cass,2016,race,other,78.0
Cass,2016,race,white,1314.0
Cass,2017,race,american indian,0.0
Cass,2017,race,asian,10.0
Cass,2017,race,black,36.0
Cass,2017,race,hispanic,387.0
Cass,2017,race,other,73.0
Cass,2017,race,white,1280.0
Cass,2018,race,american indian,12.0
Cass,2018,race,asian,12.0
Cass,2018,race,black,33.0
Cass,2018,race,hispanic,338.0
Cass,2018,race,other,79.0
Cass,2018,race,white,1108.0
Cass,2019,race,american indian,15.0
Cass,2019,race,asian,11.0
Cass,2019,race,black,43.0
Cass,2019,race,hispanic,344.0
Cass,2019,race,other,111.0
Cass,2019,race,white,1123.0
Cass,2020,race,american indian,16.0
Cass,2020,race,asian,0.0
Cass,2020,race,black,37.0
Cass,2020,race,hispanic,375.0
Cass,2020,race,other,150.0
Cass,2020,race,white,1095.0
Cass,2021,race,american indian,31.0
Cass,2021,race,asian,0.0
Cass,2021,race,black,34.0
Cass,2021,race,hispanic,526.0
Cass,2021,race,other,211.0
Cass,2021,race,white,1232.0
Cass,2022,race,american indian,27.0
Cass,2022,race,asian,0.0
Cass,2022,race,black,71.0
Cass,2022,race,hispanic,589.0
Cass,2022,race,other,234.0
Cass,2022,race,white,1254.0
Cass,2023,race,american indian,13.0
Cass,2023,race,asian,0.0
Cass,2023,race,black,88.0
Cass,2023,race,hispanic,471.0
Cass,2023,race,other,287.0
Cass,2023,race,white,1131.0
Cass,2024,race,american indian,26.0
Cass,2024,race,asian,7.0
Cass,2024,race,black,74.0
Cass,2024,race,hispanic,412.0
Cass,2024,race,other,258.0
Cass,2024,race,white,1042.0
Champaign,2010,race,american indian,13.0
Champaign,2010,race,asian,804.0
Champaign,2010,race,black,3345.0
Champaign,2010,race,hispanic,1117.0
Champaign,2010,race,other,869.0
Champaign,2010,race,white,11802.0
Champaign,2011,race,american indian,8.0
Champaign,2011,race,asian,883.0
Champaign,2011,race,black,3345.0
Champaign,2011,race,hispanic,1179.0
Champaign,2011,race,other,809.0
Champaign,2011,race,white,11552.0
Champaign,2012,race,american indian,11.0
Champaign,2012,race,asian,956.0
Champaign,2012,race,black,3425.0
Champaign,2012,race,hispanic,1337.0
Champaign,2012,race,other,887.0
Champaign,2012,race,white,11546.0
Champaign,2013,race,american indian,6.0
Champaign,2013,race,asian,1076.0
Champaign,2013,race,black,3381.0
Champaign,2013,race,hispanic,1256.0
Champaign,2013,race,other,1002.0
Champaign,2013,race,white,11514.0
Champaign,2014,race,american indian,11.0
Champaign,2014,race,asian,1273.0
Champaign,2014,race,black,3380.0
Champaign,2014,race,hispanic,1286.0
Champaign,2014,race,other,1150.0
Champaign,2014,race,white,11256.0
Champaign,2015,race,american indian,12.0
Champaign,2015,race,asian,1306.0
Champaign,2015,race,black,3259.0
Champaign,2015,race,hispanic,1293.0
Champaign,2015,race,other,1422.0
Champaign,2015,race,white,10961.0
Champaign,2016,race,american indian,11.0
Champaign,2016,race,asian,1248.0
Champaign,2016,race,black,3174.0
Champaign,2016,race,hispanic,1326.0
Champaign,2016,race,other,1535.0
Champaign,2016,race,white,10840.0
Champaign,2017,race,american indian,0.0
Champaign,2017,race,asian,1194.0
Champaign,2017,race,black,3559.0
Champaign,2017,race,hispanic,1265.0
Champaign,2017,race,other,1397.0
Champaign,2017,race,white,10951.0
Champaign,2018,race,american indian,0.0
Champaign,2018,race,asian,1182.0
Champaign,2018,race,black,3703.0
Champaign,2018,race,hispanic,1419.0
Champaign,2018,race,other,1278.0
Champaign,2018,race,white,11179.0
Champaign,2019,race,american indian,0.0
Champaign,2019,race,asian,1168.0
Champaign,2019,race,black,3715.0
Champaign,2019,race,hispanic,1442.0
Champaign,2019,race,other,1260.0
Champaign,2019,race,white,11086.0
Champaign,2020,race,american indian,0.0
Champaign,2020,race,asian,1420.0
Champaign,2020,race,black,3708.0
Champaign,2020,race,hispanic,1701.0
Champaign,2020,race,other,1606.0
Champaign,2020,race,white,11038.0
Champaign,2021,race,american indian,0.0
Champaign,2021,race,asian,1337.0
Champaign,2021,race,black,3723.0
Champaign,2021,race,hispanic,1762.0
Champaign,2021,race,other,1944.0
Champaign,2021,race,white,11076.0
Champaign,2022,race,american indian,30.0
Champaign,2022,race,asian,1463.0
Champaign,2022,race,black,3503.0
Champaign,2022,race,hispanic,1798.0
Champaign,2022,race,other,2369.0
Champaign,2022,race,white,10624.0
Champaign,2023,race,american indian,43.0
Champaign,2023,race,asian,1333.0
Champaign,2023,race,black,3732.0
Champaign,2023,race,hispanic,2347.0
Champaign,2023,race,other,3314.0
Champaign,2023,race,white,10239.0
Champaign,2024,race,american indian,37.0
Champaign,2024,race,asian,1441.0
Champaign,2024,race,black,3919.0
Champaign,2024,race,hispanic,2640.0
Champaign,2024,race,other,3834.0
Champaign,2024,race,white,9851.0
Christian,2010,race,american indian,0.0
Christian,2010,race,asian,34.0
Christian,2010,race,black,21.0
Christian,2010,race,hispanic,89.0
Christian,2010,race,other,85.0
Christian,2010,race,white,3676.0
Christian,2011,race,american indian,0.0
Christian,2011,race,asian,28.0
Christian,2011,race,black,25.0
Christian,2011,race,hispanic,81.0
Christian,2011,race,other,55.0
Christian,2011,race,white,3673.0
Christian,2012,race,american indian,0.0
Christian,2012,race,asian,24.0
Christian,2012,race,black,36.0
Christian,2012,race,hispanic,65.0
Christian,2012,race,other,67.0
Christian,2012,race,white,3668.0
Christian,2013,race,american indian,0.0
Christian,2013,race,asian,48.0
Christian,2013,race,black,44.0
Christian,2013,race,hispanic,86.0
Christian,2013,race,other,15.0
Christian,2013,race,white,3573.0
Christian,2014,race,american indian,0.0
Christian,2014,race,asian,0.0
Christian,2014,race,black,44.0
Christian,2014,race,hispanic,96.0
Christian,2014,race,other,16.0
Christian,2014,race,white,3461.0
Christian,2015,race,american indian,1.0
Christian,2015,race,asian,26.0
Christian,2015,race,black,65.0
Christian,2015,race,hispanic,61.0
Christian,2015,race,other,63.0
Christian,2015,race,white,3332.0
Christian,2016,race,american indian,1.0
Christian,2016,race,asian,32.0
Christian,2016,race,black,48.0
Christian,2016,race,hispanic,54.0
Christian,2016,race,other,46.0
Christian,2016,race,white,3210.0
Christian,2017,race,american indian,1.0
Christian,2017,race,asian,16.0
Christian,2017,race,black,38.0
Christian,2017,race,hispanic,56.0
Christian,2017,race,other,62.0
Christian,2017,race,white,3131.0
Christian,2018,race,american indian,1.0
Christian,2018,race,asian,10.0
Christian,2018,race,black,16.0
Christian,2018,race,hispanic,60.0
Christian,2018,race,other,74.0
Christian,2018,race,white,2994.0
Christian,2019,race,american indian,1.0
Christian,2019,race,asian,11.0
Christian,2019,race,black,54.0
Christian,2019,race,hispanic,45.0
Christian,2019,race,other,65.0
Christian,2019,race,white,2913.0
Christian,2020,race,american indian,0.0
Christian,2020,race,asian,3.0
Christian,2020,race,black,29.0
Christian,2020,race,hispanic,40.0
Christian,2020,race,other,30.0
Christian,2020,race,white,2734.0
Christian,2021,race,american indian,0.0
Christian,2021,race,asian,4.0
Christian,2021,race,black,67.0
Christian,2021,race,hispanic,16.0
Christian,2021,race,other,95.0
Christian,2021,race,white,2919.0
Christian,2022,race,american indian,34.0
Christian,2022,race,asian,42.0
Christian,2022,race,black,213.0
Christian,2022,race,hispanic,20.0
Christian,2022,race,other,132.0
Christian,2022,race,white,2733.0
Christian,2023,race,american indian,14.0
Christian,2023,race,asian,33.0
Christian,2023,race,black,80.0
Christian,2023,race,hispanic,82.0
Christian,2023,race,other,185.0
Christian,2023,race,white,2710.0
Christian,2024,race,american indian,9.0
Christian,2024,race,asian,21.0
Christian,2024,race,black,39.0
Christian,2024,race,hispanic,129.0
Christian,2024,race,other,272.0
Christian,2024,race,white,2669.0
Clark,2010,race,american indian,0.0
Clark,2010,race,asian,0.0
Clark,2010,race,black,22.0
Clark,2010,race,hispanic,29.0
Clark,2010,race,other,0.0
Clark,2010,race,white,1847.0
Clark,2011,race,american indian,0.0
Clark,2011,race,asian,0.0
Clark,2011,race,black,8.0
Clark,2011,race,hispanic,24.0
Clark,2011,race,other,72.0
Clark,2011,race,white,1785.0
Clark,2012,race,american indian,0.0
Clark,2012,race,asian,0.0
Clark,2012,race,black,6.0
Clark,2012,race,hispanic,21.0
Clark,2012,race,other,63.0
Clark,2012,race,white,1720.0
Clark,2013,race,american indian,0.0
Clark,2013,race,asian,0.0
Clark,2013,race,black,6.0
Clark,2013,race,hispanic,5.0
Clark,2013,race,other,64.0
Clark,2013,race,white,1714.0
Clark,2014,race,american indian,0.0
Clark,2014,race,asian,7.0
Clark,2014,race,black,6.0
Clark,2014,race,hispanic,6.0
Clark,2014,race,other,73.0
Clark,2014,race,white,1641.0
Clark,2015,race,american indian,0.0
Clark,2015,race,asian,10.0
Clark,2015,race,black,0.0
Clark,2015,race,hispanic,45.0
Clark,2015,race,other,149.0
Clark,2015,race,white,1683.0
Clark,2016,race,american indian,0.0
Clark,2016,race,asian,12.0
Clark,2016,race,black,0.0
Clark,2016,race,hispanic,40.0
Clark,2016,race,other,60.0
Clark,2016,race,white,1631.0
Clark,2017,race,american indian,0.0
Clark,2017,race,asian,10.0
Clark,2017,race,black,0.0
Clark,2017,race,hispanic,54.0
Clark,2017,race,other,93.0
Clark,2017,race,white,1612.0
Clark,2018,race,american indian,0.0
Clark,2018,race,asian,13.0
Clark,2018,race,black,0.0
Clark,2018,race,hispanic,74.0
Clark,2018,race,other,112.0
Clark,2018,race,white,1547.0
Clark,2019,race,american indian,0.0
Clark,2019,race,asian,11.0
Clark,2019,race,black,47.0
Clark,2019,race,hispanic,79.0
Clark,2019,race,other,110.0
Clark,2019,race,white,1512.0
Clark,2020,race,american indian,0.0
Clark,2020,race,asian,0.0
Clark,2020,race,black,37.0
Clark,2020,race,hispanic,43.0
Clark,2020,race,other,60.0
Clark,2020,race,white,1498.0
Clark,2021,race,american indian,0.0
Clark,2021,race,asian,0.0
Clark,2021,race,black,51.0
Clark,2021,race,hispanic,84.0
Clark,2021,race,other,112.0
Clark,2021,race,white,1525.0
Clark,2022,race,american indian,0.0
Clark,2022,race,asian,0.0
Clark,2022,race,black,54.0
Clark,2022,race,hispanic,104.0
Clark,2022,race,other,110.0
Clark,2022,race,white,1473.0
Clark,2023,race,american indian,0.0
Clark,2023,race,asian,0.0
Clark,2023,race,black,41.0
Clark,2023,race,hispanic,58.0
Clark,2023,race,other,62.0
Clark,2023,race,white,1519.0
Clark,2024,race,american indian,5.0
Clark,2024,race,asian,0.0
Clark,2024,race,black,0.0
Clark,2024,race,hispanic,36.0
Clark,2024,race,other,88.0
Clark,2024,race,white,1532.0
Clay,2010,race,american indian,0.0
Clay,2010,race,asian,0.0
Clay,2010,race,black,0.0
Clay,2010,race,hispanic,27.0
Clay,2010,race,other,0.0
Clay,2010,race,white,1507.0
Clay,2011,race,american indian,0.0
Clay,2011,race,asian,0.0
Clay,2011,race,black,6.0
Clay,2011,race,hispanic,13.0
Clay,2011,race,other,0.0
Clay,2011,race,white,1452.0
Clay,2012,race,american indian,33.0
Clay,2012,race,asian,0.0
Clay,2012,race,black,6.0
Clay,2012,race,hispanic,6.0
Clay,2012,race,other,37.0
Clay,2012,race,white,1340.0
Clay,2013,race,american indian,36.0
Clay,2013,race,asian,0.0
Clay,2013,race,black,7.0
Clay,2013,race,hispanic,1.0
Clay,2013,race,other,46.0
Clay,2013,race,white,1386.0
Clay,2014,race,american indian,29.0
Clay,2014,race,asian,0.0
Clay,2014,race,black,0.0
Clay,2014,race,hispanic,33.0
Clay,2014,race,other,61.0
Clay,2014,race,white,1431.0
Clay,2015,race,american indian,11.0
Clay,2015,race,asian,0.0
Clay,2015,race,black,0.0
Clay,2015,race,hispanic,30.0
Clay,2015,race,other,58.0
Clay,2015,race,white,1426.0
Clay,2016,race,american indian,9.0
Clay,2016,race,asian,0.0
Clay,2016,race,black,0.0
Clay,2016,race,hispanic,26.0
Clay,2016,race,other,43.0
Clay,2016,race,white,1425.0
Clay,2017,race,american indian,0.0
Clay,2017,race,asian,0.0
Clay,2017,race,black,0.0
Clay,2017,race,hispanic,34.0
Clay,2017,race,other,0.0
Clay,2017,race,white,1372.0
Clay,2018,race,american indian,0.0
Clay,2018,race,asian,0.0
Clay,2018,race,black,0.0
Clay,2018,race,hispanic,23.0
Clay,2018,race,other,27.0
Clay,2018,race,white,1336.0
Clay,2019,race,american indian,0.0
Clay,2019,race,asian,0.0
Clay,2019,race,black,0.0
Clay,2019,race,hispanic,1.0
Clay,2019,race,other,87.0
Clay,2019,race,white,1353.0
Clay,2020,race,american indian,0.0
Clay,2020,race,asian,0.0
Clay,2020,race,black,0.0
Clay,2020,race,hispanic,1.0
Clay,2020,race,other,105.0
Clay,2020,race,white,1367.0
Clay,2021,race,american indian,0.0
Clay,2021,race,asian,0.0
Clay,2021,race,black,0.0
Clay,2021,race,hispanic,5.0
Clay,2021,race,other,113.0
Clay,2021,race,white,1424.0
Clay,2022,race,american indian,0.0
Clay,2022,race,asian,0.0
Clay,2022,race,black,0.0
Clay,2022,race,hispanic,4.0
Clay,2022,race,other,123.0
Clay,2022,race,white,1317.0
Clay,2023,race,american indian,0.0
Clay,2023,race,asian,0.0
Clay,2023,race,black,0.0
Clay,2023,race,hispanic,29.0
Clay,2023,race,other,157.0
Clay,2023,race,white,1327.0
Clay,2024,race,american indian,0.0
Clay,2024,race,asian,0.0
Clay,2024,race,black,0.0
Clay,2024,race,hispanic,111.0
Clay,2024,race,other,159.0
Clay,2024,race,white,1217.0
Clinton,2010,race,american indian,0.0
Clinton,2010,race,asian,6.0
Clinton,2010,race,black,18.0
Clinton,2010,race,hispanic,65.0
Clinton,2010,race,other,93.0
Clinton,2010,race,white,3913.0
Clinton,2011,race,american indian,0.0
Clinton,2011,race,asian,6.0
Clinton,2011,race,black,35.0
Clinton,2011,race,hispanic,78.0
Clinton,2011,race,other,140.0
Clinton,2011,race,white,3788.0
Clinton,2012,race,american indian,0.0
Clinton,2012,race,asian,10.0
Clinton,2012,race,black,25.0
Clinton,2012,race,hispanic,111.0
Clinton,2012,race,other,132.0
Clinton,2012,race,white,3742.0
Clinton,2013,race,american indian,0.0
Clinton,2013,race,asian,13.0
Clinton,2013,race,black,13.0
Clinton,2013,race,hispanic,167.0
Clinton,2013,race,other,163.0
Clinton,2013,race,white,3663.0
Clinton,2014,race,american indian,0.0
Clinton,2014,race,asian,8.0
Clinton,2014,race,black,15.0
Clinton,2014,race,hispanic,171.0
Clinton,2014,race,other,127.0
Clinton,2014,race,white,3697.0
Clinton,2015,race,american indian,0.0
Clinton,2015,race,asian,10.0
Clinton,2015,race,black,14.0
Clinton,2015,race,hispanic,162.0
Clinton,2015,race,other,148.0
Clinton,2015,race,white,3672.0
Clinton,2016,race,american indian,0.0
Clinton,2016,race,asian,11.0
Clinton,2016,race,black,15.0
Clinton,2016,race,hispanic,187.0
Clinton,2016,race,other,128.0
Clinton,2016,race,white,3647.0
Clinton,2017,race,american indian,0.0
Clinton,2017,race,asian,23.0
Clinton,2017,race,black,18.0
Clinton,2017,race,hispanic,212.0
Clinton,2017,race,other,159.0
Clinton,2017,race,white,3704.0
Clinton,2018,race,american indian,0.0
Clinton,2018,race,asian,24.0
Clinton,2018,race,black,35.0
Clinton,2018,race,hispanic,192.0
Clinton,2018,race,other,157.0
Clinton,2018,race,white,3669.0
Clinton,2019,race,american indian,0.0
Clinton,2019,race,asian,24.0
Clinton,2019,race,black,68.0
Clinton,2019,race,hispanic,177.0
Clinton,2019,race,other,222.0
Clinton,2019,race,white,3490.0
Clinton,2020,race,american indian,0.0
Clinton,2020,race,asian,27.0
Clinton,2020,race,black,21.0
Clinton,2020,race,hispanic,152.0
Clinton,2020,race,other,220.0
Clinton,2020,race,white,3352.0
Clinton,2021,race,american indian,0.0
Clinton,2021,race,asian,52.0
Clinton,2021,race,black,20.0
Clinton,2021,race,hispanic,152.0
Clinton,2021,race,other,303.0
Clinton,2021,race,white,3180.0
Clinton,2022,race,american indian,0.0
Clinton,2022,race,asian,39.0
Clinton,2022,race,black,31.0
Clinton,2022,race,hispanic,158.0
Clinton,2022,race,other,303.0
Clinton,2022,race,white,3078.0
Clinton,2023,race,american indian,10.0
Clinton,2023,race,asian,25.0
Clinton,2023,race,black,27.0
Clinton,2023,race,hispanic,178.0
Clinton,2023,race,other,292.0
Clinton,2023,race,white,3108.0
Clinton,2024,race,american indian,11.0
Clinton,2024,race,asian,23.0
Clinton,2024,race,black,22.0
Clinton,2024,race,hispanic,213.0
Clinton,2024,race,other,307.0
Clinton,2024,race,white,3049.0
Coles,2010,race,american indian,10.0
Coles,2010,race,asian,10.0
Coles,2010,race,black,98.0
Coles,2010,race,hispanic,52.0
Coles,2010,race,other,86.0
Coles,2010,race,white,3981.0
Coles,2011,race,american indian,11.0
Coles,2011,race,asian,8.0
Coles,2011,race,black,138.0
Coles,2011,race,hispanic,53.0
Coles,2011,race,other,107.0
Coles,2011,race,white,4030.0
Coles,2012,race,american indian,1.0
Coles,2012,race,asian,10.0
Coles,2012,race,black,140.0
Coles,2012,race,hispanic,106.0
Coles,2012,race,other,175.0
Coles,2012,race,white,4179.0
Coles,2013,race,american indian,1.0
Coles,2013,race,asian,27.0
Coles,2013,race,black,238.0
Coles,2013,race,hispanic,132.0
Coles,2013,race,other,237.0
Coles,2013,race,white,4057.0
Coles,2014,race,american indian,1.0
Coles,2014,race,asian,10.0
Coles,2014,race,black,112.0
Coles,2014,race,hispanic,104.0
Coles,2014,race,other,217.0
Coles,2014,race,white,3961.0
Coles,2015,race,american indian,1.0
Coles,2015,race,asian,9.0
Coles,2015,race,black,109.0
Coles,2015,race,hispanic,149.0
Coles,2015,race,other,161.0
Coles,2015,race,white,4099.0
Coles,2016,race,american indian,0.0
Coles,2016,race,asian,68.0
Coles,2016,race,black,95.0
Coles,2016,race,hispanic,154.0
Coles,2016,race,other,104.0
Coles,2016,race,white,3992.0
Coles,2017,race,american indian,0.0
Coles,2017,race,asian,56.0
Coles,2017,race,black,107.0
Coles,2017,race,hispanic,159.0
Coles,2017,race,other,89.0
Coles,2017,race,white,4086.0
Coles,2018,race,american indian,0.0
Coles,2018,race,asian,43.0
Coles,2018,race,black,109.0
Coles,2018,race,hispanic,124.0
Coles,2018,race,other,96.0
Coles,2018,race,white,4102.0
Coles,2019,race,american indian,0.0
Coles,2019,race,asian,47.0
Coles,2019,race,black,105.0
Coles,2019,race,hispanic,117.0
Coles,2019,race,other,86.0
Coles,2019,race,white,4077.0
Coles,2020,race,american indian,0.0
Coles,2020,race,asian,68.0
Coles,2020,race,black,151.0
Coles,2020,race,hispanic,93.0
Coles,2020,race,other,122.0
Coles,2020,race,white,3936.0
Coles,2021,race,american indian,0.0
Coles,2021,race,asian,21.0
Coles,2021,race,black,114.0
Coles,2021,race,hispanic,166.0
Coles,2021,race,other,252.0
Coles,2021,race,white,3737.0
Coles,2022,race,american indian,0.0
Coles,2022,race,asian,41.0
Coles,2022,race,black,119.0
Coles,2022,race,hispanic,189.0
Coles,2022,race,other,261.0
Coles,2022,race,white,3538.0
Coles,2023,race,american indian,0.0
Coles,2023,race,asian,85.0
Coles,2023,race,black,126.0
Coles,2023,race,hispanic,132.0
Coles,2023,race,other,207.0
Coles,2023,race,white,3474.0
Coles,2024,race,american indian,0.0
Coles,2024,race,asian,58.0
Coles,2024,race,black,131.0
Coles,2024,race,hispanic,208.0
Coles,2024,race,other,273.0
Coles,2024,race,white,3458.0
Cook,2010,race,american indian,1129.0
Cook,2010,race,asian,25600.0
Cook,2010,race,black,185038.0
Cook,2010,race,hispanic,172233.0
Cook,2010,race,other,109250.0
Cook,2010,race,white,247394.0
Cook,2011,race,american indian,1142.0
Cook,2011,race,asian,26291.0
Cook,2011,race,black,178825.0
Cook,2011,race,hispanic,176519.0
Cook,2011,race,other,103424.0
Cook,2011,race,white,253228.0
Cook,2012,race,american indian,1355.0
Cook,2012,race,asian,26287.0
Cook,2012,race,black,172492.0
Cook,2012,race,hispanic,178306.0
Cook,2012,race,other,93166.0
Cook,2012,race,white,261664.0
Cook,2013,race,american indian,1400.0
Cook,2013,race,asian,27092.0
Cook,2013,race,black,164544.0
Cook,2013,race,hispanic,179917.0
Cook,2013,race,other,93385.0
Cook,2013,race,white,261220.0
Cook,2014,race,american indian,1568.0
Cook,2014,race,asian,27936.0
Cook,2014,race,black,157083.0
Cook,2014,race,hispanic,180637.0
Cook,2014,race,other,90609.0
Cook,2014,race,white,260474.0
Cook,2015,race,american indian,1461.0
Cook,2015,race,asian,28040.0
Cook,2015,race,black,150869.0
Cook,2015,race,hispanic,181525.0
Cook,2015,race,other,90905.0
Cook,2015,race,white,259284.0
Cook,2016,race,american indian,1534.0
Cook,2016,race,asian,28494.0
Cook,2016,race,black,146385.0
Cook,2016,race,hispanic,181300.0
Cook,2016,race,other,91441.0
Cook,2016,race,white,257148.0
Cook,2017,race,american indian,1358.0
Cook,2017,race,asian,28361.0
Cook,2017,race,black,141277.0
Cook,2017,race,hispanic,183396.0
Cook,2017,race,other,93175.0
Cook,2017,race,white,255030.0
Cook,2018,race,american indian,1335.0
Cook,2018,race,asian,28739.0
Cook,2018,race,black,137737.0
Cook,2018,race,hispanic,185379.0
Cook,2018,race,other,93440.0
Cook,2018,race,white,254127.0
Cook,2019,race,american indian,1735.0
Cook,2019,race,asian,28594.0
Cook,2019,race,black,134742.0
Cook,2019,race,hispanic,187123.0
Cook,2019,race,other,92648.0
Cook,2019,race,white,255104.0
Cook,2020,race,american indian,1956.0
Cook,2020,race,asian,29085.0
Cook,2020,race,black,132133.0
Cook,2020,race,hispanic,187042.0
Cook,2020,race,other,109186.0
Cook,2020,race,white,238665.0
Cook,2021,race,american indian,3383.0
Cook,2021,race,asian,30684.0
Cook,2021,race,black,133352.0
Cook,2021,race,hispanic,196513.0
Cook,2021,race,other,129196.0
Cook,2021,race,white,232513.0
Cook,2022,race,american indian,4637.0
Cook,2022,race,asian,31768.0
Cook,2022,race,black,129212.0
Cook,2022,race,hispanic,193112.0
Cook,2022,race,other,142646.0
Cook,2022,race,white,211801.0
Cook,2023,race,american indian,6029.0
Cook,2023,race,asian,32003.0
Cook,2023,race,black,127169.0
Cook,2023,race,hispanic,192628.0
Cook,2023,race,other,161310.0
Cook,2023,race,white,190966.0
Cook,2024,race,american indian,6367.0
Cook,2024,race,asian,32180.0
Cook,2024,race,black,123493.0
Cook,2024,race,hispanic,189095.0
Cook,2024,race,other,177138.0
Cook,2024,race,white,170537.0
Crawford,2010,race,american indian,19.0
Crawford,2010,race,asian,20.0
Crawford,2010,race,black,37.0
Crawford,2010,race,hispanic,126.0
Crawford,2010,race,other,204.0
Crawford,2010,race,white,2065.0
Crawford,2011,race,american indian,9.0
Crawford,2011,race,asian,12.0
Crawford,2011,race,black,9.0
Crawford,2011,race,hispanic,134.0
Crawford,2011,race,other,70.0
Crawford,2011,race,white,1916.0
Crawford,2012,race,american indian,0.0
Crawford,2012,race,asian,9.0
Crawford,2012,race,black,4.0
Crawford,2012,race,hispanic,135.0
Crawford,2012,race,other,92.0
Crawford,2012,race,white,1860.0
Crawford,2013,race,american indian,0.0
Crawford,2013,race,asian,12.0
Crawford,2013,race,black,5.0
Crawford,2013,race,hispanic,106.0
Crawford,2013,race,other,74.0
Crawford,2013,race,white,1818.0
Crawford,2014,race,american indian,0.0
Crawford,2014,race,asian,16.0
Crawford,2014,race,black,5.0
Crawford,2014,race,hispanic,84.0
Crawford,2014,race,other,65.0
Crawford,2014,race,white,1810.0
Crawford,2015,race,american indian,0.0
Crawford,2015,race,asian,9.0
Crawford,2015,race,black,7.0
Crawford,2015,race,hispanic,30.0
Crawford,2015,race,other,80.0
Crawford,2015,race,white,1715.0
Crawford,2016,race,american indian,0.0
Crawford,2016,race,asian,9.0
Crawford,2016,race,black,13.0
Crawford,2016,race,hispanic,12.0
Crawford,2016,race,other,72.0
Crawford,2016,race,white,1697.0
Crawford,2017,race,american indian,0.0
Crawford,2017,race,asian,5.0
Crawford,2017,race,black,12.0
Crawford,2017,race,hispanic,16.0
Crawford,2017,race,other,46.0
Crawford,2017,race,white,1716.0
Crawford,2018,race,american indian,0.0
Crawford,2018,race,asian,21.0
Crawford,2018,race,black,19.0
Crawford,2018,race,hispanic,37.0
Crawford,2018,race,other,90.0
Crawford,2018,race,white,1674.0
Crawford,2019,race,american indian,0.0
Crawford,2019,race,asian,12.0
Crawford,2019,race,black,66.0
Crawford,2019,race,hispanic,34.0
Crawford,2019,race,other,116.0
Crawford,2019,race,white,1527.0
Crawford,2020,race,american indian,1.0
Crawford,2020,race,asian,3.0
Crawford,2020,race,black,17.0
Crawford,2020,race,hispanic,15.0
Crawford,2020,race,other,29.0
Crawford,2020,race,white,1525.0
Crawford,2021,race,american indian,1.0
Crawford,2021,race,asian,13.0
Crawford,2021,race,black,24.0
Crawford,2021,race,hispanic,14.0
Crawford,2021,race,other,53.0
Crawford,2021,race,white,1549.0
Crawford,2022,race,american indian,2.0
Crawford,2022,race,asian,8.0
Crawford,2022,race,black,35.0
Crawford,2022,race,hispanic,21.0
Crawford,2022,race,other,81.0
Crawford,2022,race,white,1541.0
Crawford,2023,race,american indian,2.0
Crawford,2023,race,asian,0.0
Crawford,2023,race,black,35.0
Crawford,2023,race,hispanic,11.0
Crawford,2023,race,other,92.0
Crawford,2023,race,white,1543.0
Crawford,2024,race,american indian,7.0
Crawford,2024,race,asian,1.0
Crawford,2024,race,black,10.0
Crawford,2024,race,hispanic,13.0
Crawford,2024,race,other,124.0
Crawford,2024,race,white,1591.0
Cumberland,2010,race,american indian,0.0
Cumberland,2010,race,asian,0.0
Cumberland,2010,race,black,0.0
Cumberland,2010,race,hispanic,5.0
Cumberland,2010,race,other,34.0
Cumberland,2010,race,white,1080.0
Cumberland,2011,race,american indian,0.0
Cumberland,2011,race,asian,30.0
Cumberland,2011,race,black,0.0
Cumberland,2011,race,hispanic,3.0
Cumberland,2011,race,other,23.0
Cumberland,2011,race,white,1072.0
Cumberland,2012,race,american indian,0.0
Cumberland,2012,race,asian,60.0
Cumberland,2012,race,black,1.0
Cumberland,2012,race,hispanic,6.0
Cumberland,2012,race,other,11.0
Cumberland,2012,race,white,1063.0
Cumberland,2013,race,american indian,0.0
Cumberland,2013,race,asian,60.0
Cumberland,2013,race,black,2.0
Cumberland,2013,race,hispanic,11.0
Cumberland,2013,race,other,16.0
Cumberland,2013,race,white,1211.0
Cumberland,2014,race,american indian,0.0
Cumberland,2014,race,asian,65.0
Cumberland,2014,race,black,2.0
Cumberland,2014,race,hispanic,10.0
Cumberland,2014,race,other,10.0
Cumberland,2014,race,white,1199.0
Cumberland,2015,race,american indian,0.0
Cumberland,2015,race,asian,54.0
Cumberland,2015,race,black,2.0
Cumberland,2015,race,hispanic,16.0
Cumberland,2015,race,other,4.0
Cumberland,2015,race,white,1269.0
Cumberland,2016,race,american indian,0.0
Cumberland,2016,race,asian,27.0
Cumberland,2016,race,black,2.0
Cumberland,2016,race,hispanic,20.0
Cumberland,2016,race,other,4.0
Cumberland,2016,race,white,1255.0
Cumberland,2017,race,american indian,0.0
Cumberland,2017,race,asian,23.0
Cumberland,2017,race,black,1.0
Cumberland,2017,race,hispanic,18.0
Cumberland,2017,race,other,16.0
Cumberland,2017,race,white,1232.0
Cumberland,2018,race,american indian,0.0
Cumberland,2018,race,asian,18.0
Cumberland,2018,race,black,0.0
Cumberland,2018,race,hispanic,27.0
Cumberland,2018,race,other,23.0
Cumberland,2018,race,white,1146.0
Cumberland,2019,race,american indian,0.0
Cumberland,2019,race,asian,27.0
Cumberland,2019,race,black,0.0
Cumberland,2019,race,hispanic,23.0
Cumberland,2019,race,other,16.0
Cumberland,2019,race,white,1133.0
Cumberland,2020,race,american indian,0.0
Cumberland,2020,race,asian,0.0
Cumberland,2020,race,black,0.0
Cumberland,2020,race,hispanic,9.0
Cumberland,2020,race,other,16.0
Cumberland,2020,race,white,1029.0
Cumberland,2021,race,american indian,0.0
Cumberland,2021,race,asian,0.0
Cumberland,2021,race,black,0.0
Cumberland,2021,race,hispanic,11.0
Cumberland,2021,race,other,38.0
Cumberland,2021,race,white,1072.0
Cumberland,2022,race,american indian,0.0
Cumberland,2022,race,asian,0.0
Cumberland,2022,race,black,0.0
Cumberland,2022,race,hispanic,18.0
Cumberland,2022,race,other,30.0
Cumberland,2022,race,white,962.0
Cumberland,2023,race,american indian,0.0
Cumberland,2023,race,asian,0.0
Cumberland,2023,race,black,0.0
Cumberland,2023,race,hispanic,0.0
Cumberland,2023,race,other,44.0
Cumberland,2023,race,white,941.0
Cumberland,2024,race,american indian,0.0
Cumberland,2024,race,asian,4.0
Cumberland,2024,race,black,0.0
Cumberland,2024,race,hispanic,0.0
Cumberland,2024,race,other,152.0
Cumberland,2024,race,white,936.0
De Witt,2010,race,american indian,0.0
De Witt,2010,race,asian,0.0
De Witt,2010,race,black,26.0
De Witt,2010,race,hispanic,20.0
De Witt,2010,race,other,9.0
De Witt,2010,race,white,1761.0
De Witt,2011,race,american indian,0.0
De Witt,2011,race,asian,0.0
De Witt,2011,race,black,19.0
De Witt,2011,race,hispanic,22.0
De Witt,2011,race,other,4.0
De Witt,2011,race,white,1717.0
De Witt,2012,race,american indian,0.0
De Witt,2012,race,asian,9.0
De Witt,2012,race,black,28.0
De Witt,2012,race,hispanic,27.0
De Witt,2012,race,other,9.0
De Witt,2012,race,white,1685.0
De Witt,2013,race,american indian,0.0
De Witt,2013,race,asian,3.0
De Witt,2013,race,black,13.0
De Witt,2013,race,hispanic,65.0
De Witt,2013,race,other,90.0
De Witt,2013,race,white,1564.0
De Witt,2014,race,american indian,0.0
De Witt,2014,race,asian,6.0
De Witt,2014,race,black,7.0
De Witt,2014,race,hispanic,43.0
De Witt,2014,race,other,89.0
De Witt,2014,race,white,1566.0
De Witt,2015,race,american indian,0.0
De Witt,2015,race,asian,6.0
De Witt,2015,race,black,13.0
De Witt,2015,race,hispanic,27.0
De Witt,2015,race,other,68.0
De Witt,2015,race,white,1554.0
De Witt,2016,race,american indian,0.0
De Witt,2016,race,asian,3.0
De Witt,2016,race,black,0.0
De Witt,2016,race,hispanic,33.0
De Witt,2016,race,other,75.0
De Witt,2016,race,white,1517.0
De Witt,2017,race,american indian,0.0
De Witt,2017,race,asian,0.0
De Witt,2017,race,black,0.0
De Witt,2017,race,hispanic,40.0
De Witt,2017,race,other,197.0
De Witt,2017,race,white,1409.0
De Witt,2018,race,american indian,0.0
De Witt,2018,race,asian,0.0
De Witt,2018,race,black,0.0
De Witt,2018,race,hispanic,48.0
De Witt,2018,race,other,59.0
De Witt,2018,race,white,1626.0
De Witt,2019,race,american indian,0.0
De Witt,2019,race,asian,0.0
De Witt,2019,race,black,0.0
De Witt,2019,race,hispanic,58.0
De Witt,2019,race,other,49.0
De Witt,2019,race,white,1610.0
De Witt,2020,race,american indian,0.0
De Witt,2020,race,asian,0.0
De Witt,2020,race,black,5.0
De Witt,2020,race,hispanic,124.0
De Witt,2020,race,other,64.0
De Witt,2020,race,white,1607.0
De Witt,2021,race,american indian,6.0
De Witt,2021,race,asian,0.0
De Witt,2021,race,black,11.0
De Witt,2021,race,hispanic,106.0
De Witt,2021,race,other,94.0
De Witt,2021,race,white,1535.0
De Witt,2022,race,american indian,8.0
De Witt,2022,race,asian,0.0
De Witt,2022,race,black,12.0
De Witt,2022,race,hispanic,95.0
De Witt,2022,race,other,120.0
De Witt,2022,race,white,1519.0
De Witt,2023,race,american indian,16.0
De Witt,2023,race,asian,0.0
De Witt,2023,race,black,28.0
De Witt,2023,race,hispanic,105.0
De Witt,2023,race,other,90.0
De Witt,2023,race,white,1454.0
De Witt,2024,race,american indian,19.0
De Witt,2024,race,asian,0.0
De Witt,2024,race,black,26.0
De Witt,2024,race,hispanic,106.0
De Witt,2024,race,other,99.0
De Witt,2024,race,white,1434.0
DeKalb,2010,race,american indian,32.0
DeKalb,2010,race,asian,183.0
DeKalb,2010,race,black,637.0
DeKalb,2010,race,hispanic,1244.0
DeKalb,2010,race,other,848.0
DeKalb,2010,race,white,8509.0
DeKalb,2011,race,american indian,31.0
DeKalb,2011,race,asian,179.0
DeKalb,2011,race,black,695.0
DeKalb,2011,race,hispanic,1239.0
DeKalb,2011,race,other,719.0
DeKalb,2011,race,white,8689.0
DeKalb,2012,race,american indian,0.0
DeKalb,2012,race,asian,127.0
DeKalb,2012,race,black,698.0
DeKalb,2012,race,hispanic,1325.0
DeKalb,2012,race,other,874.0
DeKalb,2012,race,white,8704.0
DeKalb,2013,race,american indian,31.0
DeKalb,2013,race,asian,124.0
DeKalb,2013,race,black,706.0
DeKalb,2013,race,hispanic,1508.0
DeKalb,2013,race,other,972.0
DeKalb,2013,race,white,8778.0
DeKalb,2014,race,american indian,26.0
DeKalb,2014,race,asian,129.0
DeKalb,2014,race,black,607.0
DeKalb,2014,race,hispanic,1644.0
DeKalb,2014,race,other,1143.0
DeKalb,2014,race,white,8841.0
DeKalb,2015,race,american indian,10.0
DeKalb,2015,race,asian,78.0
DeKalb,2015,race,black,700.0
DeKalb,2015,race,hispanic,1533.0
DeKalb,2015,race,other,1119.0
DeKalb,2015,race,white,8740.0
DeKalb,2016,race,american indian,5.0
DeKalb,2016,race,asian,46.0
DeKalb,2016,race,black,681.0
DeKalb,2016,race,hispanic,1691.0
DeKalb,2016,race,other,1149.0
DeKalb,2016,race,white,8722.0
DeKalb,2017,race,american indian,6.0
DeKalb,2017,race,asian,39.0
DeKalb,2017,race,black,839.0
DeKalb,2017,race,hispanic,1709.0
DeKalb,2017,race,other,957.0
DeKalb,2017,race,white,8732.0
DeKalb,2018,race,american indian,2.0
DeKalb,2018,race,asian,40.0
DeKalb,2018,race,black,976.0
DeKalb,2018,race,hispanic,1671.0
DeKalb,2018,race,other,749.0
DeKalb,2018,race,white,8938.0
DeKalb,2019,race,american indian,5.0
DeKalb,2019,race,asian,61.0
DeKalb,2019,race,black,1066.0
DeKalb,2019,race,hispanic,1720.0
DeKalb,2019,race,other,768.0
DeKalb,2019,race,white,8932.0
DeKalb,2020,race,american indian,6.0
DeKalb,2020,race,asian,70.0
DeKalb,2020,race,black,1117.0
DeKalb,2020,race,hispanic,1877.0
DeKalb,2020,race,other,888.0
DeKalb,2020,race,white,8834.0
DeKalb,2021,race,american indian,4.0
DeKalb,2021,race,asian,103.0
DeKalb,2021,race,black,1069.0
DeKalb,2021,race,hispanic,1791.0
DeKalb,2021,race,other,1185.0
DeKalb,2021,race,white,8121.0
DeKalb,2022,race,american indian,12.0
DeKalb,2022,race,asian,127.0
DeKalb,2022,race,black,944.0
DeKalb,2022,race,hispanic,1877.0
DeKalb,2022,race,other,1635.0
DeKalb,2022,race,white,7554.0
DeKalb,2023,race,american indian,10.0
DeKalb,2023,race,asian,113.0
DeKalb,2023,race,black,1016.0
DeKalb,2023,race,hispanic,2126.0
DeKalb,2023,race,other,1978.0
DeKalb,2023,race,white,6864.0
DeKalb,2024,race,american indian,12.0
DeKalb,2024,race,asian,108.0
DeKalb,2024,race,black,885.0
DeKalb,2024,race,hispanic,2091.0
DeKalb,2024,race,other,2299.0
DeKalb,2024,race,white,6367.0
Douglas,2010,race,american indian,7.0
Douglas,2010,race,asian,0.0
Douglas,2010,race,black,0.0
Douglas,2010,race,hispanic,233.0
Douglas,2010,race,other,155.0
Douglas,2010,race,white,2314.0
Douglas,2011,race,american indian,17.0
Douglas,2011,race,asian,0.0
Douglas,2011,race,black,24.0
Douglas,2011,race,hispanic,234.0
Douglas,2011,race,other,116.0
Douglas,2011,race,white,2223.0
Douglas,2012,race,american indian,0.0
Douglas,2012,race,asian,0.0
Douglas,2012,race,black,15.0
Douglas,2012,race,hispanic,245.0
Douglas,2012,race,other,100.0
Douglas,2012,race,white,2283.0
Douglas,2013,race,american indian,0.0
Douglas,2013,race,asian,34.0
Douglas,2013,race,black,21.0
Douglas,2013,race,hispanic,253.0
Douglas,2013,race,other,100.0
Douglas,2013,race,white,2250.0
Douglas,2014,race,american indian,0.0
Douglas,2014,race,asian,48.0
Douglas,2014,race,black,23.0
Douglas,2014,race,hispanic,266.0
Douglas,2014,race,other,89.0
Douglas,2014,race,white,2248.0
Douglas,2015,race,american indian,0.0
Douglas,2015,race,asian,26.0
Douglas,2015,race,black,46.0
Douglas,2015,race,hispanic,268.0
Douglas,2015,race,other,65.0
Douglas,2015,race,white,2286.0
Douglas,2016,race,american indian,0.0
Douglas,2016,race,asian,28.0
Douglas,2016,race,black,10.0
Douglas,2016,race,hispanic,286.0
Douglas,2016,race,other,55.0
Douglas,2016,race,white,2408.0
Douglas,2017,race,american indian,14.0
Douglas,2017,race,asian,33.0
Douglas,2017,race,black,9.0
Douglas,2017,race,hispanic,307.0
Douglas,2017,race,other,59.0
Douglas,2017,race,white,2323.0
Douglas,2018,race,american indian,14.0
Douglas,2018,race,asian,27.0
Douglas,2018,race,black,5.0
Douglas,2018,race,hispanic,290.0
Douglas,2018,race,other,48.0
Douglas,2018,race,white,2319.0
Douglas,2019,race,american indian,20.0
Douglas,2019,race,asian,12.0
Douglas,2019,race,black,2.0
Douglas,2019,race,hispanic,272.0
Douglas,2019,race,other,72.0
Douglas,2019,race,white,2277.0
Douglas,2020,race,american indian,21.0
Douglas,2020,race,asian,11.0
Douglas,2020,race,black,5.0
Douglas,2020,race,hispanic,280.0
Douglas,2020,race,other,84.0
Douglas,2020,race,white,2287.0
Douglas,2021,race,american indian,28.0
Douglas,2021,race,asian,10.0
Douglas,2021,race,black,0.0
Douglas,2021,race,hispanic,289.0
Douglas,2021,race,other,140.0
Douglas,2021,race,white,2304.0
Douglas,2022,race,american indian,17.0
Douglas,2022,race,asian,7.0
Douglas,2022,race,black,0.0
Douglas,2022,race,hispanic,276.0
Douglas,2022,race,other,168.0
Douglas,2022,race,white,2146.0
Douglas,2023,race,american indian,12.0
Douglas,2023,race,asian,9.0
Douglas,2023,race,black,0.0
Douglas,2023,race,hispanic,266.0
Douglas,2023,race,other,187.0
Douglas,2023,race,white,2100.0
Douglas,2024,race,american indian,13.0
Douglas,2024,race,asian,0.0
Douglas,2024,race,black,0.0
Douglas,2024,race,hispanic,258.0
Douglas,2024,race,other,240.0
Douglas,2024,race,white,1982.0
DuPage,2010,race,american indian,236.0
DuPage,2010,race,asian,10350.0
DuPage,2010,race,black,6864.0
DuPage,2010,race,hispanic,16559.0
DuPage,2010,race,other,6893.0
DuPage,2010,race,white,85599.0
DuPage,2011,race,american indian,151.0
DuPage,2011,race,asian,10418.0
DuPage,2011,race,black,6667.0
DuPage,2011,race,hispanic,17014.0
DuPage,2011,race,other,6831.0
DuPage,2011,race,white,84364.0
DuPage,2012,race,american indian,133.0
DuPage,2012,race,asian,10283.0
DuPage,2012,race,black,6832.0
DuPage,2012,race,hispanic,17794.0
DuPage,2012,race,other,6704.0
DuPage,2012,race,white,82996.0
DuPage,2013,race,american indian,174.0
DuPage,2013,race,asian,10298.0
DuPage,2013,race,black,6740.0
DuPage,2013,race,hispanic,18460.0
DuPage,2013,race,other,7048.0
DuPage,2013,race,white,81905.0
DuPage,2014,race,american indian,200.0
DuPage,2014,race,asian,10050.0
DuPage,2014,race,black,6614.0
DuPage,2014,race,hispanic,18910.0
DuPage,2014,race,other,7165.0
DuPage,2014,race,white,80844.0
DuPage,2015,race,american indian,304.0
DuPage,2015,race,asian,9934.0
DuPage,2015,race,black,6618.0
DuPage,2015,race,hispanic,19516.0
DuPage,2015,race,other,7459.0
DuPage,2015,race,white,79143.0
DuPage,2016,race,american indian,303.0
DuPage,2016,race,asian,9868.0
DuPage,2016,race,black,6562.0
DuPage,2016,race,hispanic,20093.0
DuPage,2016,race,other,8501.0
DuPage,2016,race,white,77350.0
DuPage,2017,race,american indian,297.0
DuPage,2017,race,asian,10323.0
DuPage,2017,race,black,6174.0
DuPage,2017,race,hispanic,20751.0
DuPage,2017,race,other,9319.0
DuPage,2017,race,white,75895.0
DuPage,2018,race,american indian,366.0
DuPage,2018,race,asian,10222.0
DuPage,2018,race,black,6125.0
DuPage,2018,race,hispanic,20921.0
DuPage,2018,race,other,10026.0
DuPage,2018,race,white,73239.0
DuPage,2019,race,american indian,368.0
DuPage,2019,race,asian,10399.0
DuPage,2019,race,black,5869.0
DuPage,2019,race,hispanic,21237.0
DuPage,2019,race,other,10735.0
DuPage,2019,race,white,71343.0
DuPage,2020,race,american indian,259.0
DuPage,2020,race,asian,11088.0
DuPage,2020,race,black,5841.0
DuPage,2020,race,hispanic,21284.0
DuPage,2020,race,other,12775.0
DuPage,2020,race,white,67454.0
DuPage,2021,race,american indian,254.0
DuPage,2021,race,asian,11659.0
DuPage,2021,race,black,5900.0
DuPage,2021,race,hispanic,21752.0
DuPage,2021,race,other,15801.0
DuPage,2021,race,white,66057.0
DuPage,2022,race,american indian,317.0
DuPage,2022,race,asian,11640.0
DuPage,2022,race,black,5463.0
DuPage,2022,race,hispanic,21471.0
DuPage,2022,race,other,18151.0
DuPage,2022,race,white,61118.0
DuPage,2023,race,american indian,294.0
DuPage,2023,race,asian,11446.0
DuPage,2023,race,black,5647.0
DuPage,2023,race,hispanic,22821.0
DuPage,2023,race,other,21540.0
DuPage,2023,race,white,58599.0
DuPage,2024,race,american indian,396.0
DuPage,2024,race,asian,12159.0
DuPage,2024,race,black,5394.0
DuPage,2024,race,hispanic,22887.0
DuPage,2024,race,other,23897.0
DuPage,2024,race,white,55340.0
Edgar,2010,race,american indian,0.0
Edgar,2010,race,asian,1.0
Edgar,2010,race,black,0.0
Edgar,2010,race,hispanic,19.0
Edgar,2010,race,other,17.0
Edgar,2010,race,white,1817.0
Edgar,2011,race,american indian,0.0
Edgar,2011,race,asian,0.0
Edgar,2011,race,black,13.0
Edgar,2011,race,hispanic,22.0
Edgar,2011,race,other,16.0
Edgar,2011,race,white,1717.0
Edgar,2012,race,american indian,0.0
Edgar,2012,race,asian,0.0
Edgar,2012,race,black,11.0
Edgar,2012,race,hispanic,32.0
Edgar,2012,race,other,19.0
Edgar,2012,race,white,1723.0
Edgar,2013,race,american indian,0.0
Edgar,2013,race,asian,0.0
Edgar,2013,race,black,9.0
Edgar,2013,race,hispanic,32.0
Edgar,2013,race,other,13.0
Edgar,2013,race,white,1748.0
Edgar,2014,race,american indian,0.0
Edgar,2014,race,asian,14.0
Edgar,2014,race,black,7.0
Edgar,2014,race,hispanic,31.0
Edgar,2014,race,other,10.0
Edgar,2014,race,white,1750.0
Edgar,2015,race,american indian,0.0
Edgar,2015,race,asian,15.0
Edgar,2015,race,black,7.0
Edgar,2015,race,hispanic,34.0
Edgar,2015,race,other,11.0
Edgar,2015,race,white,1759.0
Edgar,2016,race,american indian,0.0
Edgar,2016,race,asian,18.0
Edgar,2016,race,black,0.0
Edgar,2016,race,hispanic,35.0
Edgar,2016,race,other,20.0
Edgar,2016,race,white,1693.0
Edgar,2017,race,american indian,0.0
Edgar,2017,race,asian,17.0
Edgar,2017,race,black,0.0
Edgar,2017,race,hispanic,52.0
Edgar,2017,race,other,29.0
Edgar,2017,race,white,1760.0
Edgar,2018,race,american indian,0.0
Edgar,2018,race,asian,57.0
Edgar,2018,race,black,0.0
Edgar,2018,race,hispanic,17.0
Edgar,2018,race,other,24.0
Edgar,2018,race,white,1729.0
Edgar,2019,race,american indian,0.0
Edgar,2019,race,asian,0.0
Edgar,2019,race,black,0.0
Edgar,2019,race,hispanic,9.0
Edgar,2019,race,other,24.0
Edgar,2019,race,white,1747.0
Edgar,2020,race,american indian,0.0
Edgar,2020,race,asian,0.0
Edgar,2020,race,black,0.0
Edgar,2020,race,hispanic,0.0
Edgar,2020,race,other,62.0
Edgar,2020,race,white,1675.0
Edgar,2021,race,american indian,0.0
Edgar,2021,race,asian,5.0
Edgar,2021,race,black,0.0
Edgar,2021,race,hispanic,3.0
Edgar,2021,race,other,46.0
Edgar,2021,race,white,1744.0
Edgar,2022,race,american indian,0.0
Edgar,2022,race,asian,4.0
Edgar,2022,race,black,0.0
Edgar,2022,race,hispanic,3.0
Edgar,2022,race,other,57.0
Edgar,2022,race,white,1633.0
Edgar,2023,race,american indian,0.0
Edgar,2023,race,asian,2.0
Edgar,2023,race,black,0.0
Edgar,2023,race,hispanic,18.0
Edgar,2023,race,other,91.0
Edgar,2023,race,white,1619.0
Edgar,2024,race,american indian,0.0
Edgar,2024,race,asian,2.0
Edgar,2024,race,black,0.0
Edgar,2024,race,hispanic,42.0
Edgar,2024,race,other,98.0
Edgar,2024,race,white,1459.0
Edwards,2010,race,american indian,0.0
Edwards,2010,race,asian,22.0
Edwards,2010,race,black,17.0
Edwards,2010,race,hispanic,0.0
Edwards,2010,race,other,46.0
Edwards,2010,race,white,689.0
Edwards,2011,race,american indian,0.0
Edwards,2011,race,asian,0.0
Edwards,2011,race,black,19.0
Edwards,2011,race,hispanic,0.0
Edwards,2011,race,other,31.0
Edwards,2011,race,white,673.0
Edwards,2012,race,american indian,0.0
Edwards,2012,race,asian,0.0
Edwards,2012,race,black,13.0
Edwards,2012,race,hispanic,0.0
Edwards,2012,race,other,25.0
Edwards,2012,race,white,672.0
Edwards,2013,race,american indian,0.0
Edwards,2013,race,asian,0.0
Edwards,2013,race,black,3.0
Edwards,2013,race,hispanic,12.0
Edwards,2013,race,other,17.0
Edwards,2013,race,white,690.0
Edwards,2014,race,american indian,0.0
Edwards,2014,race,asian,0.0
Edwards,2014,race,black,5.0
Edwards,2014,race,hispanic,19.0
Edwards,2014,race,other,22.0
Edwards,2014,race,white,648.0
Edwards,2015,race,american indian,0.0
Edwards,2015,race,asian,0.0
Edwards,2015,race,black,3.0
Edwards,2015,race,hispanic,13.0
Edwards,2015,race,other,24.0
Edwards,2015,race,white,673.0
Edwards,2016,race,american indian,0.0
Edwards,2016,race,asian,0.0
Edwards,2016,race,black,18.0
Edwards,2016,race,hispanic,12.0
Edwards,2016,race,other,24.0
Edwards,2016,race,white,665.0
Edwards,2017,race,american indian,0.0
Edwards,2017,race,asian,0.0
Edwards,2017,race,black,23.0
Edwards,2017,race,hispanic,25.0
Edwards,2017,race,other,39.0
Edwards,2017,race,white,640.0
Edwards,2018,race,american indian,34.0
Edwards,2018,race,asian,4.0
Edwards,2018,race,black,32.0
Edwards,2018,race,hispanic,52.0
Edwards,2018,race,other,33.0
Edwards,2018,race,white,634.0
Edwards,2019,race,american indian,35.0
Edwards,2019,race,asian,5.0
Edwards,2019,race,black,38.0
Edwards,2019,race,hispanic,56.0
Edwards,2019,race,other,34.0
Edwards,2019,race,white,639.0
Edwards,2020,race,american indian,26.0
Edwards,2020,race,asian,4.0
Edwards,2020,race,black,15.0
Edwards,2020,race,hispanic,42.0
Edwards,2020,race,other,25.0
Edwards,2020,race,white,609.0
Edwards,2021,race,american indian,33.0
Edwards,2021,race,asian,5.0
Edwards,2021,race,black,0.0
Edwards,2021,race,hispanic,47.0
Edwards,2021,race,other,16.0
Edwards,2021,race,white,557.0
Edwards,2022,race,american indian,36.0
Edwards,2022,race,asian,7.0
Edwards,2022,race,black,0.0
Edwards,2022,race,hispanic,45.0
Edwards,2022,race,other,18.0
Edwards,2022,race,white,526.0
Edwards,2023,race,american indian,0.0
Edwards,2023,race,asian,0.0
Edwards,2023,race,black,0.0
Edwards,2023,race,hispanic,17.0
Edwards,2023,race,other,22.0
Edwards,2023,race,white,532.0
Edwards,2024,race,american indian,0.0
Edwards,2024,race,asian,0.0
Edwards,2024,race,black,0.0
Edwards,2024,race,hispanic,13.0
Edwards,2024,race,other,26.0
Edwards,2024,race,white,520.0
Effingham,2010,race,american indian,0.0
Effingham,2010,race,asian,5.0
Effingham,2010,race,black,0.0
Effingham,2010,race,hispanic,116.0
Effingham,2010,race,other,156.0
Effingham,2010,race,white,4248.0
Effingham,2011,race,american indian,0.0
Effingham,2011,race,asian,3.0
Effingham,2011,race,black,1.0
Effingham,2011,race,hispanic,114.0
Effingham,2011,race,other,119.0
Effingham,2011,race,white,4131.0
Effingham,2012,race,american indian,0.0
Effingham,2012,race,asian,15.0
Effingham,2012,race,black,1.0
Effingham,2012,race,hispanic,134.0
Effingham,2012,race,other,126.0
Effingham,2012,race,white,4113.0
Effingham,2013,race,american indian,4.0
Effingham,2013,race,asian,16.0
Effingham,2013,race,black,0.0
Effingham,2013,race,hispanic,143.0
Effingham,2013,race,other,146.0
Effingham,2013,race,white,4060.0
Effingham,2014,race,american indian,4.0
Effingham,2014,race,asian,17.0
Effingham,2014,race,black,6.0
Effingham,2014,race,hispanic,146.0
Effingham,2014,race,other,109.0
Effingham,2014,race,white,4052.0
Effingham,2015,race,american indian,3.0
Effingham,2015,race,asian,29.0
Effingham,2015,race,black,6.0
Effingham,2015,race,hispanic,130.0
Effingham,2015,race,other,74.0
Effingham,2015,race,white,3905.0
Effingham,2016,race,american indian,1.0
Effingham,2016,race,asian,25.0
Effingham,2016,race,black,7.0
Effingham,2016,race,hispanic,130.0
Effingham,2016,race,other,62.0
Effingham,2016,race,white,3872.0
Effingham,2017,race,american indian,11.0
Effingham,2017,race,asian,4.0
Effingham,2017,race,black,14.0
Effingham,2017,race,hispanic,114.0
Effingham,2017,race,other,125.0
Effingham,2017,race,white,3688.0
Effingham,2018,race,american indian,7.0
Effingham,2018,race,asian,6.0
Effingham,2018,race,black,20.0
Effingham,2018,race,hispanic,111.0
Effingham,2018,race,other,95.0
Effingham,2018,race,white,3643.0
Effingham,2019,race,american indian,8.0
Effingham,2019,race,asian,11.0
Effingham,2019,race,black,31.0
Effingham,2019,race,hispanic,117.0
Effingham,2019,race,other,93.0
Effingham,2019,race,white,3548.0
Effingham,2020,race,american indian,7.0
Effingham,2020,race,asian,13.0
Effingham,2020,race,black,32.0
Effingham,2020,race,hispanic,119.0
Effingham,2020,race,other,109.0
Effingham,2020,race,white,3529.0
Effingham,2021,race,american indian,14.0
Effingham,2021,race,asian,90.0
Effingham,2021,race,black,32.0
Effingham,2021,race,hispanic,163.0
Effingham,2021,race,other,119.0
Effingham,2021,race,white,3587.0
Effingham,2022,race,american indian,0.0
Effingham,2022,race,asian,65.0
Effingham,2022,race,black,38.0
Effingham,2022,race,hispanic,163.0
Effingham,2022,race,other,120.0
Effingham,2022,race,white,3580.0
Effingham,2023,race,american indian,0.0
Effingham,2023,race,asian,80.0
Effingham,2023,race,black,37.0
Effingham,2023,race,hispanic,172.0
Effingham,2023,race,other,149.0
Effingham,2023,race,white,3487.0
Effingham,2024,race,american indian,2.0
Effingham,2024,race,asian,47.0
Effingham,2024,race,black,12.0
Effingham,2024,race,hispanic,212.0
Effingham,2024,race,other,178.0
Effingham,2024,race,white,3484.0
Fayette,2010,race,american indian,0.0
Fayette,2010,race,asian,0.0
Fayette,2010,race,black,0.0
Fayette,2010,race,hispanic,24.0
Fayette,2010,race,other,41.0
Fayette,2010,race,white,2316.0
Fayette,2011,race,american indian,0.0
Fayette,2011,race,asian,8.0
Fayette,2011,race,black,0.0
Fayette,2011,race,hispanic,33.0
Fayette,2011,race,other,76.0
Fayette,2011,race,white,2156.0
Fayette,2012,race,american indian,0.0
Fayette,2012,race,asian,37.0
Fayette,2012,race,black,0.0
Fayette,2012,race,hispanic,39.0
Fayette,2012,race,other,272.0
Fayette,2012,race,white,2229.0
Fayette,2013,race,american indian,0.0
Fayette,2013,race,asian,35.0
Fayette,2013,race,black,13.0
Fayette,2013,race,hispanic,61.0
Fayette,2013,race,other,221.0
Fayette,2013,race,white,2228.0
Fayette,2014,race,american indian,0.0
Fayette,2014,race,asian,9.0
Fayette,2014,race,black,6.0
Fayette,2014,race,hispanic,61.0
Fayette,2014,race,other,29.0
Fayette,2014,race,white,2232.0
Fayette,2015,race,american indian,0.0
Fayette,2015,race,asian,29.0
Fayette,2015,race,black,7.0
Fayette,2015,race,hispanic,53.0
Fayette,2015,race,other,79.0
Fayette,2015,race,white,2233.0
Fayette,2016,race,american indian,0.0
Fayette,2016,race,asian,36.0
Fayette,2016,race,black,15.0
Fayette,2016,race,hispanic,0.0
Fayette,2016,race,other,9.0
Fayette,2016,race,white,2218.0
Fayette,2017,race,american indian,0.0
Fayette,2017,race,asian,36.0
Fayette,2017,race,black,11.0
Fayette,2017,race,hispanic,0.0
Fayette,2017,race,other,0.0
Fayette,2017,race,white,2252.0
Fayette,2018,race,american indian,0.0
Fayette,2018,race,asian,34.0
Fayette,2018,race,black,0.0
Fayette,2018,race,hispanic,0.0
Fayette,2018,race,other,0.0
Fayette,2018,race,white,2188.0
Fayette,2019,race,american indian,0.0
Fayette,2019,race,asian,37.0
Fayette,2019,race,black,0.0
Fayette,2019,race,hispanic,0.0
Fayette,2019,race,other,0.0
Fayette,2019,race,white,2114.0
Fayette,2020,race,american indian,0.0
Fayette,2020,race,asian,26.0
Fayette,2020,race,black,0.0
Fayette,2020,race,hispanic,0.0
Fayette,2020,race,other,12.0
Fayette,2020,race,white,2116.0
Fayette,2021,race,american indian,0.0
Fayette,2021,race,asian,24.0
Fayette,2021,race,black,0.0
Fayette,2021,race,hispanic,18.0
Fayette,2021,race,other,12.0
Fayette,2021,race,white,2065.0
Fayette,2022,race,american indian,0.0
Fayette,2022,race,asian,0.0
Fayette,2022,race,black,0.0
Fayette,2022,race,hispanic,20.0
Fayette,2022,race,other,50.0
Fayette,2022,race,white,1917.0
Fayette,2023,race,american indian,0.0
Fayette,2023,race,asian,0.0
Fayette,2023,race,black,0.0
Fayette,2023,race,hispanic,40.0
Fayette,2023,race,other,89.0
Fayette,2023,race,white,1899.0
Fayette,2024,race,american indian,0.0
Fayette,2024,race,asian,0.0
Fayette,2024,race,black,0.0
Fayette,2024,race,hispanic,36.0
Fayette,2024,race,other,107.0
Fayette,2024,race,white,1890.0
Ford,2010,race,american indian,0.0
Ford,2010,race,asian,12.0
Ford,2010,race,black,19.0
Ford,2010,race,hispanic,31.0
Ford,2010,race,other,0.0
Ford,2010,race,white,1570.0
Ford,2011,race,american indian,0.0
Ford,2011,race,asian,17.0
Ford,2011,race,black,18.0
Ford,2011,race,hispanic,18.0
Ford,2011,race,other,0.0
Ford,2011,race,white,1531.0
Ford,2012,race,american indian,0.0
Ford,2012,race,asian,14.0
Ford,2012,race,black,17.0
Ford,2012,race,hispanic,19.0
Ford,2012,race,other,5.0
Ford,2012,race,white,1465.0
Ford,2013,race,american indian,0.0
Ford,2013,race,asian,20.0
Ford,2013,race,black,10.0
Ford,2013,race,hispanic,85.0
Ford,2013,race,other,28.0
Ford,2013,race,white,1477.0
Ford,2014,race,american indian,0.0
Ford,2014,race,asian,17.0
Ford,2014,race,black,13.0
Ford,2014,race,hispanic,64.0
Ford,2014,race,other,32.0
Ford,2014,race,white,1458.0
Ford,2015,race,american indian,0.0
Ford,2015,race,asian,11.0
Ford,2015,race,black,11.0
Ford,2015,race,hispanic,68.0
Ford,2015,race,other,40.0
Ford,2015,race,white,1381.0
Ford,2016,race,american indian,0.0
Ford,2016,race,asian,15.0
Ford,2016,race,black,1.0
Ford,2016,race,hispanic,69.0
Ford,2016,race,other,31.0
Ford,2016,race,white,1382.0
Ford,2017,race,american indian,0.0
Ford,2017,race,asian,15.0
Ford,2017,race,black,2.0
Ford,2017,race,hispanic,81.0
Ford,2017,race,other,62.0
Ford,2017,race,white,1266.0
Ford,2018,race,american indian,0.0
Ford,2018,race,asian,0.0
Ford,2018,race,black,2.0
Ford,2018,race,hispanic,108.0
Ford,2018,race,other,115.0
Ford,2018,race,white,1215.0
Ford,2019,race,american indian,0.0
Ford,2019,race,asian,6.0
Ford,2019,race,black,2.0
Ford,2019,race,hispanic,113.0
Ford,2019,race,other,117.0
Ford,2019,race,white,1248.0
Ford,2020,race,american indian,0.0
Ford,2020,race,asian,9.0
Ford,2020,race,black,1.0
Ford,2020,race,hispanic,90.0
Ford,2020,race,other,117.0
Ford,2020,race,white,1240.0
Ford,2021,race,american indian,0.0
Ford,2021,race,asian,6.0
Ford,2021,race,black,7.0
Ford,2021,race,hispanic,88.0
Ford,2021,race,other,163.0
Ford,2021,race,white,1275.0
Ford,2022,race,american indian,0.0
Ford,2022,race,asian,6.0
Ford,2022,race,black,4.0
Ford,2022,race,hispanic,72.0
Ford,2022,race,other,208.0
Ford,2022,race,white,1255.0
Ford,2023,race,american indian,0.0
Ford,2023,race,asian,25.0
Ford,2023,race,black,5.0
Ford,2023,race,hispanic,58.0
Ford,2023,race,other,156.0
Ford,2023,race,white,1178.0
Ford,2024,race,american indian,0.0
Ford,2024,race,asian,6.0
Ford,2024,race,black,4.0
Ford,2024,race,hispanic,79.0
Ford,2024,race,other,224.0
Ford,2024,race,white,1169.0
Franklin,2010,race,american indian,0.0
Franklin,2010,race,asian,0.0
Franklin,2010,race,black,57.0
Franklin,2010,race,hispanic,86.0
Franklin,2010,race,other,87.0
Franklin,2010,race,white,4167.0
Franklin,2011,race,american indian,0.0
Franklin,2011,race,asian,20.0
Franklin,2011,race,black,46.0
Franklin,2011,race,hispanic,112.0
Franklin,2011,race,other,69.0
Franklin,2011,race,white,4143.0
Franklin,2012,race,american indian,32.0
Franklin,2012,race,asian,14.0
Franklin,2012,race,black,7.0
Franklin,2012,race,hispanic,123.0
Franklin,2012,race,other,97.0
Franklin,2012,race,white,4062.0
Franklin,2013,race,american indian,24.0
Franklin,2013,race,asian,15.0
Franklin,2013,race,black,11.0
Franklin,2013,race,hispanic,140.0
Franklin,2013,race,other,88.0
Franklin,2013,race,white,3998.0
Franklin,2014,race,american indian,25.0
Franklin,2014,race,asian,22.0
Franklin,2014,race,black,25.0
Franklin,2014,race,hispanic,122.0
Franklin,2014,race,other,86.0
Franklin,2014,race,white,3806.0
Franklin,2015,race,american indian,33.0
Franklin,2015,race,asian,29.0
Franklin,2015,race,black,43.0
Franklin,2015,race,hispanic,122.0
Franklin,2015,race,other,99.0
Franklin,2015,race,white,3761.0
Franklin,2016,race,american indian,35.0
Franklin,2016,race,asian,0.0
Franklin,2016,race,black,48.0
Franklin,2016,race,hispanic,137.0
Franklin,2016,race,other,100.0
Franklin,2016,race,white,3774.0
Franklin,2017,race,american indian,4.0
Franklin,2017,race,asian,0.0
Franklin,2017,race,black,69.0
Franklin,2017,race,hispanic,148.0
Franklin,2017,race,other,151.0
Franklin,2017,race,white,3623.0
Franklin,2018,race,american indian,5.0
Franklin,2018,race,asian,0.0
Franklin,2018,race,black,53.0
Franklin,2018,race,hispanic,140.0
Franklin,2018,race,other,155.0
Franklin,2018,race,white,3614.0
Franklin,2019,race,american indian,5.0
Franklin,2019,race,asian,0.0
Franklin,2019,race,black,44.0
Franklin,2019,race,hispanic,119.0
Franklin,2019,race,other,161.0
Franklin,2019,race,white,3595.0
Franklin,2020,race,american indian,0.0
Franklin,2020,race,asian,20.0
Franklin,2020,race,black,39.0
Franklin,2020,race,hispanic,125.0
Franklin,2020,race,other,167.0
Franklin,2020,race,white,3843.0
Franklin,2021,race,american indian,0.0
Franklin,2021,race,asian,24.0
Franklin,2021,race,black,40.0
Franklin,2021,race,hispanic,136.0
Franklin,2021,race,other,203.0
Franklin,2021,race,white,3741.0
Franklin,2022,race,american indian,0.0
Franklin,2022,race,asian,32.0
Franklin,2022,race,black,11.0
Franklin,2022,race,hispanic,134.0
Franklin,2022,race,other,256.0
Franklin,2022,race,white,3778.0
Franklin,2023,race,american indian,4.0
Franklin,2023,race,asian,27.0
Franklin,2023,race,black,29.0
Franklin,2023,race,hispanic,119.0
Franklin,2023,race,other,291.0
Franklin,2023,race,white,3822.0
Franklin,2024,race,american indian,3.0
Franklin,2024,race,asian,18.0
Franklin,2024,race,black,21.0
Franklin,2024,race,hispanic,101.0
Franklin,2024,race,other,286.0
Franklin,2024,race,white,3775.0
Fulton,2010,race,american indian,24.0
Fulton,2010,race,asian,35.0
Fulton,2010,race,black,38.0
Fulton,2010,race,hispanic,65.0
Fulton,2010,race,other,35.0
Fulton,2010,race,white,3493.0
Fulton,2011,race,american indian,14.0
Fulton,2011,race,asian,50.0
Fulton,2011,race,black,43.0
Fulton,2011,race,hispanic,63.0
Fulton,2011,race,other,59.0
Fulton,2011,race,white,3394.0
Fulton,2012,race,american indian,9.0
Fulton,2012,race,asian,0.0
Fulton,2012,race,black,55.0
Fulton,2012,race,hispanic,59.0
Fulton,2012,race,other,66.0
Fulton,2012,race,white,3345.0
Fulton,2013,race,american indian,17.0
Fulton,2013,race,asian,0.0
Fulton,2013,race,black,28.0
Fulton,2013,race,hispanic,56.0
Fulton,2013,race,other,68.0
Fulton,2013,race,white,3496.0
Fulton,2014,race,american indian,3.0
Fulton,2014,race,asian,0.0
Fulton,2014,race,black,23.0
Fulton,2014,race,hispanic,72.0
Fulton,2014,race,other,82.0
Fulton,2014,race,white,3421.0
Fulton,2015,race,american indian,0.0
Fulton,2015,race,asian,0.0
Fulton,2015,race,black,39.0
Fulton,2015,race,hispanic,37.0
Fulton,2015,race,other,62.0
Fulton,2015,race,white,3262.0
Fulton,2016,race,american indian,0.0
Fulton,2016,race,asian,0.0
Fulton,2016,race,black,24.0
Fulton,2016,race,hispanic,50.0
Fulton,2016,race,other,104.0
Fulton,2016,race,white,3315.0
Fulton,2017,race,american indian,0.0
Fulton,2017,race,asian,0.0
Fulton,2017,race,black,52.0
Fulton,2017,race,hispanic,54.0
Fulton,2017,race,other,80.0
Fulton,2017,race,white,3371.0
Fulton,2018,race,american indian,0.0
Fulton,2018,race,asian,0.0
Fulton,2018,race,black,58.0
Fulton,2018,race,hispanic,80.0
Fulton,2018,race,other,106.0
Fulton,2018,race,white,3288.0
Fulton,2019,race,american indian,0.0
Fulton,2019,race,asian,0.0
Fulton,2019,race,black,85.0
Fulton,2019,race,hispanic,82.0
Fulton,2019,race,other,109.0
Fulton,2019,race,white,3241.0
Fulton,2020,race,american indian,0.0
Fulton,2020,race,asian,0.0
Fulton,2020,race,black,78.0
Fulton,2020,race,hispanic,114.0
Fulton,2020,race,other,88.0
Fulton,2020,race,white,3304.0
Fulton,2021,race,american indian,0.0
Fulton,2021,race,asian,0.0
Fulton,2021,race,black,30.0
Fulton,2021,race,hispanic,82.0
Fulton,2021,race,other,85.0
Fulton,2021,race,white,3221.0
Fulton,2022,race,american indian,20.0
Fulton,2022,race,asian,0.0
Fulton,2022,race,black,0.0
Fulton,2022,race,hispanic,63.0
Fulton,2022,race,other,110.0
Fulton,2022,race,white,3133.0
Fulton,2023,race,american indian,18.0
Fulton,2023,race,asian,0.0
Fulton,2023,race,black,2.0
Fulton,2023,race,hispanic,40.0
Fulton,2023,race,other,120.0
Fulton,2023,race,white,2963.0
Fulton,2024,race,american indian,16.0
Fulton,2024,race,asian,0.0
Fulton,2024,race,black,3.0
Fulton,2024,race,hispanic,45.0
Fulton,2024,race,other,146.0
Fulton,2024,race,white,2891.0
Gallatin,2010,race,american indian,10.0
Gallatin,2010,race,asian,0.0
Gallatin,2010,race,black,4.0
Gallatin,2010,race,hispanic,0.0
Gallatin,2010,race,other,13.0
Gallatin,2010,race,white,536.0
Gallatin,2011,race,american indian,0.0
Gallatin,2011,race,asian,0.0
Gallatin,2011,race,black,6.0
Gallatin,2011,race,hispanic,0.0
Gallatin,2011,race,other,10.0
Gallatin,2011,race,white,521.0
Gallatin,2012,race,american indian,0.0
Gallatin,2012,race,asian,0.0
Gallatin,2012,race,black,2.0
Gallatin,2012,race,hispanic,0.0
Gallatin,2012,race,other,3.0
Gallatin,2012,race,white,510.0
Gallatin,2013,race,american indian,0.0
Gallatin,2013,race,asian,0.0
Gallatin,2013,race,black,0.0
Gallatin,2013,race,hispanic,0.0
Gallatin,2013,race,other,29.0
Gallatin,2013,race,white,447.0
Gallatin,2014,race,american indian,0.0
Gallatin,2014,race,asian,0.0
Gallatin,2014,race,black,0.0
Gallatin,2014,race,hispanic,0.0
Gallatin,2014,race,other,29.0
Gallatin,2014,race,white,433.0
Gallatin,2015,race,american indian,0.0
Gallatin,2015,race,asian,0.0
Gallatin,2015,race,black,0.0
Gallatin,2015,race,hispanic,11.0
Gallatin,2015,race,other,30.0
Gallatin,2015,race,white,435.0
Gallatin,2016,race,american indian,0.0
Gallatin,2016,race,asian,0.0
Gallatin,2016,race,black,0.0
Gallatin,2016,race,hispanic,9.0
Gallatin,2016,race,other,60.0
Gallatin,2016,race,white,455.0
Gallatin,2017,race,american indian,0.0
Gallatin,2017,race,asian,0.0
Gallatin,2017,race,black,0.0
Gallatin,2017,race,hispanic,8.0
Gallatin,2017,race,other,66.0
Gallatin,2017,race,white,474.0
Gallatin,2018,race,american indian,0.0
Gallatin,2018,race,asian,0.0
Gallatin,2018,race,black,0.0
Gallatin,2018,race,hispanic,15.0
Gallatin,2018,race,other,40.0
Gallatin,2018,race,white,480.0
Gallatin,2019,race,american indian,0.0
Gallatin,2019,race,asian,0.0
Gallatin,2019,race,black,0.0
Gallatin,2019,race,hispanic,10.0
Gallatin,2019,race,other,38.0
Gallatin,2019,race,white,498.0
Gallatin,2020,race,american indian,0.0
Gallatin,2020,race,asian,0.0
Gallatin,2020,race,black,0.0
Gallatin,2020,race,hispanic,5.0
Gallatin,2020,race,other,52.0
Gallatin,2020,race,white,467.0
Gallatin,2021,race,american indian,0.0
Gallatin,2021,race,asian,0.0
Gallatin,2021,race,black,0.0
Gallatin,2021,race,hispanic,10.0
Gallatin,2021,race,other,34.0
Gallatin,2021,race,white,502.0
Gallatin,2022,race,american indian,0.0
Gallatin,2022,race,asian,0.0
Gallatin,2022,race,black,0.0
Gallatin,2022,race,hispanic,5.0
Gallatin,2022,race,other,26.0
Gallatin,2022,race,white,480.0
Gallatin,2023,race,american indian,0.0
Gallatin,2023,race,asian,1.0
Gallatin,2023,race,black,0.0
Gallatin,2023,race,hispanic,36.0
Gallatin,2023,race,other,33.0
Gallatin,2023,race,white,516.0
Gallatin,2024,race,american indian,0.0
Gallatin,2024,race,asian,3.0
Gallatin,2024,race,black,0.0
Gallatin,2024,race,hispanic,28.0
Gallatin,2024,race,other,29.0
Gallatin,2024,race,white,439.0
Greene,2010,race,american indian,0.0
Greene,2010,race,asian,0.0
Greene,2010,race,black,0.0
Greene,2010,race,hispanic,23.0
Greene,2010,race,other,67.0
Greene,2010,race,white,1577.0
Greene,2011,race,american indian,0.0
Greene,2011,race,asian,0.0
Greene,2011,race,black,0.0
Greene,2011,race,hispanic,16.0
Greene,2011,race,other,36.0
Greene,2011,race,white,1591.0
Greene,2012,race,american indian,0.0
Greene,2012,race,asian,0.0
Greene,2012,race,black,0.0
Greene,2012,race,hispanic,5.0
Greene,2012,race,other,69.0
Greene,2012,race,white,1571.0
Greene,2013,race,american indian,0.0
Greene,2013,race,asian,0.0
Greene,2013,race,black,0.0
Greene,2013,race,hispanic,2.0
Greene,2013,race,other,13.0
Greene,2013,race,white,1522.0
Greene,2014,race,american indian,0.0
Greene,2014,race,asian,0.0
Greene,2014,race,black,0.0
Greene,2014,race,hispanic,8.0
Greene,2014,race,other,17.0
Greene,2014,race,white,1465.0
Greene,2015,race,american indian,0.0
Greene,2015,race,asian,0.0
Greene,2015,race,black,0.0
Greene,2015,race,hispanic,19.0
Greene,2015,race,other,19.0
Greene,2015,race,white,1390.0
Greene,2016,race,american indian,0.0
Greene,2016,race,asian,0.0
Greene,2016,race,black,0.0
Greene,2016,race,hispanic,33.0
Greene,2016,race,other,30.0
Greene,2016,race,white,1323.0
Greene,2017,race,american indian,0.0
Greene,2017,race,asian,13.0
Greene,2017,race,black,0.0
Greene,2017,race,hispanic,20.0
Greene,2017,race,other,35.0
Greene,2017,race,white,1223.0
Greene,2018,race,american indian,0.0
Greene,2018,race,asian,12.0
Greene,2018,race,black,0.0
Greene,2018,race,hispanic,18.0
Greene,2018,race,other,28.0
Greene,2018,race,white,1198.0
Greene,2019,race,american indian,0.0
Greene,2019,race,asian,12.0
Greene,2019,race,black,0.0
Greene,2019,race,hispanic,0.0
Greene,2019,race,other,19.0
Greene,2019,race,white,1158.0
Greene,2020,race,american indian,0.0
Greene,2020,race,asian,6.0
Greene,2020,race,black,17.0
Greene,2020,race,hispanic,0.0
Greene,2020,race,other,40.0
Greene,2020,race,white,1122.0
Greene,2021,race,american indian,1.0
Greene,2021,race,asian,4.0
Greene,2021,race,black,15.0
Greene,2021,race,hispanic,47.0
Greene,2021,race,other,72.0
Greene,2021,race,white,1173.0
Greene,2022,race,american indian,1.0
Greene,2022,race,asian,7.0
Greene,2022,race,black,14.0
Greene,2022,race,hispanic,47.0
Greene,2022,race,other,62.0
Greene,2022,race,white,1176.0
Greene,2023,race,american indian,1.0
Greene,2023,race,asian,5.0
Greene,2023,race,black,12.0
Greene,2023,race,hispanic,23.0
Greene,2023,race,other,35.0
Greene,2023,race,white,1207.0
Greene,2024,race,american indian,1.0
Greene,2024,race,asian,20.0
Greene,2024,race,black,41.0
Greene,2024,race,hispanic,43.0
Greene,2024,race,other,54.0
Greene,2024,race,white,1225.0
Grundy,2010,race,american indian,10.0
Grundy,2010,race,asian,0.0
Grundy,2010,race,black,74.0
Grundy,2010,race,hispanic,683.0
Grundy,2010,race,other,197.0
Grundy,2010,race,white,5756.0
Grundy,2011,race,american indian,4.0
Grundy,2011,race,asian,0.0
Grundy,2011,race,black,78.0
Grundy,2011,race,hispanic,742.0
Grundy,2011,race,other,162.0
Grundy,2011,race,white,5832.0
Grundy,2012,race,american indian,5.0
Grundy,2012,race,asian,0.0
Grundy,2012,race,black,58.0
Grundy,2012,race,hispanic,755.0
Grundy,2012,race,other,157.0
Grundy,2012,race,white,5739.0
Grundy,2013,race,american indian,5.0
Grundy,2013,race,asian,13.0
Grundy,2013,race,black,51.0
Grundy,2013,race,hispanic,826.0
Grundy,2013,race,other,93.0
Grundy,2013,race,white,5719.0
Grundy,2014,race,american indian,19.0
Grundy,2014,race,asian,15.0
Grundy,2014,race,black,61.0
Grundy,2014,race,hispanic,753.0
Grundy,2014,race,other,107.0
Grundy,2014,race,white,5675.0
Grundy,2015,race,american indian,6.0
Grundy,2015,race,asian,45.0
Grundy,2015,race,black,74.0
Grundy,2015,race,hispanic,741.0
Grundy,2015,race,other,285.0
Grundy,2015,race,white,5387.0
Grundy,2016,race,american indian,0.0
Grundy,2016,race,asian,77.0
Grundy,2016,race,black,51.0
Grundy,2016,race,hispanic,866.0
Grundy,2016,race,other,415.0
Grundy,2016,race,white,5468.0
Grundy,2017,race,american indian,0.0
Grundy,2017,race,asian,69.0
Grundy,2017,race,black,56.0
Grundy,2017,race,hispanic,861.0
Grundy,2017,race,other,505.0
Grundy,2017,race,white,5572.0
Grundy,2018,race,american indian,0.0
Grundy,2018,race,asian,67.0
Grundy,2018,race,black,34.0
Grundy,2018,race,hispanic,817.0
Grundy,2018,race,other,493.0
Grundy,2018,race,white,5387.0
Grundy,2019,race,american indian,0.0
Grundy,2019,race,asian,70.0
Grundy,2019,race,black,32.0
Grundy,2019,race,hispanic,868.0
Grundy,2019,race,other,496.0
Grundy,2019,race,white,5403.0
Grundy,2020,race,american indian,0.0
Grundy,2020,race,asian,58.0
Grundy,2020,race,black,41.0
Grundy,2020,race,hispanic,963.0
Grundy,2020,race,other,450.0
Grundy,2020,race,white,5572.0
Grundy,2021,race,american indian,0.0
Grundy,2021,race,asian,33.0
Grundy,2021,race,black,37.0
Grundy,2021,race,hispanic,1015.0
Grundy,2021,race,other,652.0
Grundy,2021,race,white,5505.0
Grundy,2022,race,american indian,0.0
Grundy,2022,race,asian,56.0
Grundy,2022,race,black,8.0
Grundy,2022,race,hispanic,1077.0
Grundy,2022,race,other,776.0
Grundy,2022,race,white,5266.0
Grundy,2023,race,american indian,0.0
Grundy,2023,race,asian,30.0
Grundy,2023,race,black,31.0
Grundy,2023,race,hispanic,1136.0
Grundy,2023,race,other,857.0
Grundy,2023,race,white,5329.0
Grundy,2024,race,american indian,0.0
Grundy,2024,race,asian,32.0
Grundy,2024,race,black,73.0
Grundy,2024,race,hispanic,1090.0
Grundy,2024,race,other,913.0
Grundy,2024,race,white,5042.0
Hamilton,2010,race,american indian,0.0
Hamilton,2010,race,asian,0.0
Hamilton,2010,race,black,0.0
Hamilton,2010,race,hispanic,8.0
Hamilton,2010,race,other,15.0
Hamilton,2010,race,white,807.0
Hamilton,2011,race,american indian,0.0
Hamilton,2011,race,asian,0.0
Hamilton,2011,race,black,0.0
Hamilton,2011,race,hispanic,20.0
Hamilton,2011,race,other,26.0
Hamilton,2011,race,white,864.0
Hamilton,2012,race,american indian,0.0
Hamilton,2012,race,asian,0.0
Hamilton,2012,race,black,0.0
Hamilton,2012,race,hispanic,16.0
Hamilton,2012,race,other,16.0
Hamilton,2012,race,white,867.0
Hamilton,2013,race,american indian,0.0
Hamilton,2013,race,asian,0.0
Hamilton,2013,race,black,10.0
Hamilton,2013,race,hispanic,30.0
Hamilton,2013,race,other,30.0
Hamilton,2013,race,white,906.0
Hamilton,2014,race,american indian,0.0
Hamilton,2014,race,asian,0.0
Hamilton,2014,race,black,7.0
Hamilton,2014,race,hispanic,38.0
Hamilton,2014,race,other,37.0
Hamilton,2014,race,white,942.0
Hamilton,2015,race,american indian,0.0
Hamilton,2015,race,asian,0.0
Hamilton,2015,race,black,14.0
Hamilton,2015,race,hispanic,2.0
Hamilton,2015,race,other,0.0
Hamilton,2015,race,white,965.0
Hamilton,2016,race,american indian,0.0
Hamilton,2016,race,asian,0.0
Hamilton,2016,race,black,9.0
Hamilton,2016,race,hispanic,8.0
Hamilton,2016,race,other,0.0
Hamilton,2016,race,white,943.0
Hamilton,2017,race,american indian,0.0
Hamilton,2017,race,asian,0.0
Hamilton,2017,race,black,13.0
Hamilton,2017,race,hispanic,9.0
Hamilton,2017,race,other,0.0
Hamilton,2017,race,white,904.0
Hamilton,2018,race,american indian,0.0
Hamilton,2018,race,asian,0.0
Hamilton,2018,race,black,0.0
Hamilton,2018,race,hispanic,28.0
Hamilton,2018,race,other,0.0
Hamilton,2018,race,white,842.0
Hamilton,2019,race,american indian,0.0
Hamilton,2019,race,asian,0.0
Hamilton,2019,race,black,0.0
Hamilton,2019,race,hispanic,7.0
Hamilton,2019,race,other,0.0
Hamilton,2019,race,white,823.0
Hamilton,2020,race,american indian,0.0
Hamilton,2020,race,asian,0.0
Hamilton,2020,race,black,0.0
Hamilton,2020,race,hispanic,12.0
Hamilton,2020,race,other,27.0
Hamilton,2020,race,white,778.0
Hamilton,2021,race,american indian,0.0
Hamilton,2021,race,asian,0.0
Hamilton,2021,race,black,0.0
Hamilton,2021,race,hispanic,0.0
Hamilton,2021,race,other,56.0
Hamilton,2021,race,white,826.0
Hamilton,2022,race,american indian,0.0
Hamilton,2022,race,asian,0.0
Hamilton,2022,race,black,0.0
Hamilton,2022,race,hispanic,23.0
Hamilton,2022,race,other,54.0
Hamilton,2022,race,white,800.0
Hamilton,2023,race,american indian,0.0
Hamilton,2023,race,asian,0.0
Hamilton,2023,race,black,0.0
Hamilton,2023,race,hispanic,38.0
Hamilton,2023,race,other,87.0
Hamilton,2023,race,white,805.0
Hamilton,2024,race,american indian,0.0
Hamilton,2024,race,asian,0.0
Hamilton,2024,race,black,0.0
Hamilton,2024,race,hispanic,28.0
Hamilton,2024,race,other,58.0
Hamilton,2024,race,white,864.0
Hancock,2010,race,american indian,0.0
Hancock,2010,race,asian,0.0
Hancock,2010,race,black,0.0
Hancock,2010,race,hispanic,8.0
Hancock,2010,race,other,56.0
Hancock,2010,race,white,1952.0
Hancock,2011,race,american indian,0.0
Hancock,2011,race,asian,0.0
Hancock,2011,race,black,0.0
Hancock,2011,race,hispanic,12.0
Hancock,2011,race,other,48.0
Hancock,2011,race,white,1894.0
Hancock,2012,race,american indian,0.0
Hancock,2012,race,asian,0.0
Hancock,2012,race,black,0.0
Hancock,2012,race,hispanic,8.0
Hancock,2012,race,other,41.0
Hancock,2012,race,white,1804.0
Hancock,2013,race,american indian,0.0
Hancock,2013,race,asian,2.0
Hancock,2013,race,black,1.0
Hancock,2013,race,hispanic,13.0
Hancock,2013,race,other,40.0
Hancock,2013,race,white,1765.0
Hancock,2014,race,american indian,0.0
Hancock,2014,race,asian,3.0
Hancock,2014,race,black,1.0
Hancock,2014,race,hispanic,10.0
Hancock,2014,race,other,34.0
Hancock,2014,race,white,1767.0
Hancock,2015,race,american indian,0.0
Hancock,2015,race,asian,3.0
Hancock,2015,race,black,1.0
Hancock,2015,race,hispanic,7.0
Hancock,2015,race,other,36.0
Hancock,2015,race,white,1701.0
Hancock,2016,race,american indian,0.0
Hancock,2016,race,asian,9.0
Hancock,2016,race,black,1.0
Hancock,2016,race,hispanic,10.0
Hancock,2016,race,other,63.0
Hancock,2016,race,white,1654.0
Hancock,2017,race,american indian,0.0
Hancock,2017,race,asian,10.0
Hancock,2017,race,black,1.0
Hancock,2017,race,hispanic,24.0
Hancock,2017,race,other,56.0
Hancock,2017,race,white,1714.0
Hancock,2018,race,american indian,0.0
Hancock,2018,race,asian,12.0
Hancock,2018,race,black,0.0
Hancock,2018,race,hispanic,31.0
Hancock,2018,race,other,50.0
Hancock,2018,race,white,1720.0
Hancock,2019,race,american indian,0.0
Hancock,2019,race,asian,11.0
Hancock,2019,race,black,0.0
Hancock,2019,race,hispanic,25.0
Hancock,2019,race,other,82.0
Hancock,2019,race,white,1676.0
Hancock,2020,race,american indian,0.0
Hancock,2020,race,asian,16.0
Hancock,2020,race,black,0.0
Hancock,2020,race,hispanic,30.0
Hancock,2020,race,other,78.0
Hancock,2020,race,white,1775.0
Hancock,2021,race,american indian,0.0
Hancock,2021,race,asian,5.0
Hancock,2021,race,black,0.0
Hancock,2021,race,hispanic,24.0
Hancock,2021,race,other,40.0
Hancock,2021,race,white,1811.0
Hancock,2022,race,american indian,0.0
Hancock,2022,race,asian,0.0
Hancock,2022,race,black,0.0
Hancock,2022,race,hispanic,20.0
Hancock,2022,race,other,60.0
Hancock,2022,race,white,1760.0
Hancock,2023,race,american indian,0.0
Hancock,2023,race,asian,0.0
Hancock,2023,race,black,9.0
Hancock,2023,race,hispanic,10.0
Hancock,2023,race,other,52.0
Hancock,2023,race,white,1796.0
Hancock,2024,race,american indian,0.0
Hancock,2024,race,asian,0.0
Hancock,2024,race,black,9.0
Hancock,2024,race,hispanic,35.0
Hancock,2024,race,other,101.0
Hancock,2024,race,white,1708.0
Hardin,2010,race,american indian,0.0
Hardin,2010,race,asian,7.0
Hardin,2010,race,black,0.0
Hardin,2010,race,hispanic,8.0
Hardin,2010,race,other,54.0
Hardin,2010,race,white,269.0
Hardin,2011,race,american indian,0.0
Hardin,2011,race,asian,4.0
Hardin,2011,race,black,4.0
Hardin,2011,race,hispanic,5.0
Hardin,2011,race,other,29.0
Hardin,2011,race,white,333.0
Hardin,2012,race,american indian,0.0
Hardin,2012,race,asian,0.0
Hardin,2012,race,black,3.0
Hardin,2012,race,hispanic,6.0
Hardin,2012,race,other,20.0
Hardin,2012,race,white,421.0
Hardin,2013,race,american indian,0.0
Hardin,2013,race,asian,0.0
Hardin,2013,race,black,12.0
Hardin,2013,race,hispanic,0.0
Hardin,2013,race,other,49.0
Hardin,2013,race,white,397.0
Hardin,2014,race,american indian,0.0
Hardin,2014,race,asian,0.0
Hardin,2014,race,black,8.0
Hardin,2014,race,hispanic,23.0
Hardin,2014,race,other,72.0
Hardin,2014,race,white,382.0
Hardin,2015,race,american indian,0.0
Hardin,2015,race,asian,0.0
Hardin,2015,race,black,8.0
Hardin,2015,race,hispanic,29.0
Hardin,2015,race,other,42.0
Hardin,2015,race,white,465.0
Hardin,2016,race,american indian,0.0
Hardin,2016,race,asian,0.0
Hardin,2016,race,black,0.0
Hardin,2016,race,hispanic,24.0
Hardin,2016,race,other,70.0
Hardin,2016,race,white,394.0
Hardin,2017,race,american indian,0.0
Hardin,2017,race,asian,0.0
Hardin,2017,race,black,0.0
Hardin,2017,race,hispanic,25.0
Hardin,2017,race,other,62.0
Hardin,2017,race,white,378.0
Hardin,2018,race,american indian,0.0
Hardin,2018,race,asian,0.0
Hardin,2018,race,black,0.0
Hardin,2018,race,hispanic,22.0
Hardin,2018,race,other,38.0
Hardin,2018,race,white,379.0
Hardin,2019,race,american indian,0.0
Hardin,2019,race,asian,0.0
Hardin,2019,race,black,1.0
Hardin,2019,race,hispanic,0.0
Hardin,2019,race,other,51.0
Hardin,2019,race,white,388.0
Hardin,2020,race,american indian,0.0
Hardin,2020,race,asian,0.0
Hardin,2020,race,black,1.0
Hardin,2020,race,hispanic,0.0
Hardin,2020,race,other,7.0
Hardin,2020,race,white,305.0
Hardin,2021,race,american indian,0.0
Hardin,2021,race,asian,0.0
Hardin,2021,race,black,2.0
Hardin,2021,race,hispanic,29.0
Hardin,2021,race,other,16.0
Hardin,2021,race,white,285.0
Hardin,2022,race,american indian,0.0
Hardin,2022,race,asian,0.0
Hardin,2022,race,black,2.0
Hardin,2022,race,hispanic,16.0
Hardin,2022,race,other,13.0
Hardin,2022,race,white,296.0
Hardin,2023,race,american indian,0.0
Hardin,2023,race,asian,0.0
Hardin,2023,race,black,4.0
Hardin,2023,race,hispanic,7.0
Hardin,2023,race,other,0.0
Hardin,2023,race,white,330.0
Hardin,2024,race,american indian,0.0
Hardin,2024,race,asian,0.0
Hardin,2024,race,black,3.0
Hardin,2024,race,hispanic,9.0
Hardin,2024,race,other,0.0
Hardin,2024,race,white,330.0
Henderson,2010,race,american indian,6.0
Henderson,2010,race,asian,0.0
Henderson,2010,race,black,0.0
Henderson,2010,race,hispanic,2.0
Henderson,2010,race,other,58.0
Henderson,2010,race,white,701.0
Henderson,2011,race,american indian,5.0
Henderson,2011,race,asian,0.0
Henderson,2011,race,black,0.0
Henderson,2011,race,hispanic,3.0
Henderson,2011,race,other,80.0
Henderson,2011,race,white,698.0
Henderson,2012,race,american indian,3.0
Henderson,2012,race,asian,0.0
Henderson,2012,race,black,0.0
Henderson,2012,race,hispanic,5.0
Henderson,2012,race,other,37.0
Henderson,2012,race,white,744.0
Henderson,2013,race,american indian,0.0
Henderson,2013,race,asian,0.0
Henderson,2013,race,black,0.0
Henderson,2013,race,hispanic,10.0
Henderson,2013,race,other,34.0
Henderson,2013,race,white,740.0
Henderson,2014,race,american indian,0.0
Henderson,2014,race,asian,0.0
Henderson,2014,race,black,0.0
Henderson,2014,race,hispanic,14.0
Henderson,2014,race,other,21.0
Henderson,2014,race,white,745.0
Henderson,2015,race,american indian,0.0
Henderson,2015,race,asian,0.0
Henderson,2015,race,black,0.0
Henderson,2015,race,hispanic,15.0
Henderson,2015,race,other,9.0
Henderson,2015,race,white,695.0
Henderson,2016,race,american indian,0.0
Henderson,2016,race,asian,14.0
Henderson,2016,race,black,0.0
Henderson,2016,race,hispanic,14.0
Henderson,2016,race,other,10.0
Henderson,2016,race,white,654.0
Henderson,2017,race,american indian,0.0
Henderson,2017,race,asian,12.0
Henderson,2017,race,black,0.0
Henderson,2017,race,hispanic,19.0
Henderson,2017,race,other,14.0
Henderson,2017,race,white,645.0
Henderson,2018,race,american indian,0.0
Henderson,2018,race,asian,10.0
Henderson,2018,race,black,0.0
Henderson,2018,race,hispanic,21.0
Henderson,2018,race,other,19.0
Henderson,2018,race,white,590.0
Henderson,2019,race,american indian,0.0
Henderson,2019,race,asian,11.0
Henderson,2019,race,black,0.0
Henderson,2019,race,hispanic,25.0
Henderson,2019,race,other,24.0
Henderson,2019,race,white,613.0
Henderson,2020,race,american indian,0.0
Henderson,2020,race,asian,13.0
Henderson,2020,race,black,0.0
Henderson,2020,race,hispanic,24.0
Henderson,2020,race,other,26.0
Henderson,2020,race,white,594.0
Henderson,2021,race,american indian,0.0
Henderson,2021,race,asian,0.0
Henderson,2021,race,black,0.0
Henderson,2021,race,hispanic,36.0
Henderson,2021,race,other,32.0
Henderson,2021,race,white,560.0
Henderson,2022,race,american indian,0.0
Henderson,2022,race,asian,0.0
Henderson,2022,race,black,0.0
Henderson,2022,race,hispanic,60.0
Henderson,2022,race,other,49.0
Henderson,2022,race,white,531.0
Henderson,2023,race,american indian,0.0
Henderson,2023,race,asian,0.0
Henderson,2023,race,black,0.0
Henderson,2023,race,hispanic,57.0
Henderson,2023,race,other,59.0
Henderson,2023,race,white,542.0
Henderson,2024,race,american indian,25.0
Henderson,2024,race,asian,3.0
Henderson,2024,race,black,0.0
Henderson,2024,race,hispanic,25.0
Henderson,2024,race,other,23.0
Henderson,2024,race,white,483.0
Henry,2010,race,american indian,24.0
Henry,2010,race,asian,14.0
Henry,2010,race,black,228.0
Henry,2010,race,hispanic,325.0
Henry,2010,race,other,284.0
Henry,2010,race,white,5181.0
Henry,2011,race,american indian,22.0
Henry,2011,race,asian,10.0
Henry,2011,race,black,229.0
Henry,2011,race,hispanic,321.0
Henry,2011,race,other,273.0
Henry,2011,race,white,5047.0
Henry,2012,race,american indian,11.0
Henry,2012,race,asian,7.0
Henry,2012,race,black,221.0
Henry,2012,race,hispanic,418.0
Henry,2012,race,other,337.0
Henry,2012,race,white,5036.0
Henry,2013,race,american indian,15.0
Henry,2013,race,asian,18.0
Henry,2013,race,black,220.0
Henry,2013,race,hispanic,439.0
Henry,2013,race,other,321.0
Henry,2013,race,white,5044.0
Henry,2014,race,american indian,18.0
Henry,2014,race,asian,35.0
Henry,2014,race,black,169.0
Henry,2014,race,hispanic,482.0
Henry,2014,race,other,377.0
Henry,2014,race,white,5077.0
Henry,2015,race,american indian,0.0
Henry,2015,race,asian,78.0
Henry,2015,race,black,205.0
Henry,2015,race,hispanic,475.0
Henry,2015,race,other,247.0
Henry,2015,race,white,5154.0
Henry,2016,race,american indian,0.0
Henry,2016,race,asian,77.0
Henry,2016,race,black,203.0
Henry,2016,race,hispanic,483.0
Henry,2016,race,other,332.0
Henry,2016,race,white,5147.0
Henry,2017,race,american indian,0.0
Henry,2017,race,asian,81.0
Henry,2017,race,black,174.0
Henry,2017,race,hispanic,435.0
Henry,2017,race,other,277.0
Henry,2017,race,white,5069.0
Henry,2018,race,american indian,0.0
Henry,2018,race,asian,70.0
Henry,2018,race,black,164.0
Henry,2018,race,hispanic,399.0
Henry,2018,race,other,180.0
Henry,2018,race,white,4969.0
Henry,2019,race,american indian,0.0
Henry,2019,race,asian,65.0
Henry,2019,race,black,187.0
Henry,2019,race,hispanic,496.0
Henry,2019,race,other,256.0
Henry,2019,race,white,4972.0
Henry,2020,race,american indian,0.0
Henry,2020,race,asian,66.0
Henry,2020,race,black,142.0
Henry,2020,race,hispanic,472.0
Henry,2020,race,other,376.0
Henry,2020,race,white,4686.0
Henry,2021,race,american indian,0.0
Henry,2021,race,asian,53.0
Henry,2021,race,black,222.0
Henry,2021,race,hispanic,468.0
Henry,2021,race,other,399.0
Henry,2021,race,white,4540.0
Henry,2022,race,american indian,0.0
Henry,2022,race,asian,62.0
Henry,2022,race,black,191.0
Henry,2022,race,hispanic,459.0
Henry,2022,race,other,507.0
Henry,2022,race,white,4312.0
Henry,2023,race,american indian,0.0
Henry,2023,race,asian,60.0
Henry,2023,race,black,215.0
Henry,2023,race,hispanic,543.0
Henry,2023,race,other,717.0
Henry,2023,race,white,4164.0
Henry,2024,race,american indian,0.0
Henry,2024,race,asian,69.0
Henry,2024,race,black,30.0
Henry,2024,race,hispanic,472.0
Henry,2024,race,other,902.0
Henry,2024,race,white,4149.0
Iroquois,2010,race,american indian,0.0
Iroquois,2010,race,asian,12.0
Iroquois,2010,race,black,110.0
Iroquois,2010,race,hispanic,293.0
Iroquois,2010,race,other,141.0
Iroquois,2010,race,white,3214.0
Iroquois,2011,race,american indian,0.0
Iroquois,2011,race,asian,24.0
Iroquois,2011,race,black,101.0
Iroquois,2011,race,hispanic,312.0
Iroquois,2011,race,other,116.0
Iroquois,2011,race,white,3233.0
Iroquois,2012,race,american indian,0.0
Iroquois,2012,race,asian,15.0
Iroquois,2012,race,black,114.0
Iroquois,2012,race,hispanic,297.0
Iroquois,2012,race,other,110.0
Iroquois,2012,race,white,3192.0
Iroquois,2013,race,american indian,0.0
Iroquois,2013,race,asian,8.0
Iroquois,2013,race,black,113.0
Iroquois,2013,race,hispanic,305.0
Iroquois,2013,race,other,111.0
Iroquois,2013,race,white,3084.0
Iroquois,2014,race,american indian,0.0
Iroquois,2014,race,asian,6.0
Iroquois,2014,race,black,88.0
Iroquois,2014,race,hispanic,343.0
Iroquois,2014,race,other,183.0
Iroquois,2014,race,white,3023.0
Iroquois,2015,race,american indian,0.0
Iroquois,2015,race,asian,8.0
Iroquois,2015,race,black,93.0
Iroquois,2015,race,hispanic,348.0
Iroquois,2015,race,other,213.0
Iroquois,2015,race,white,2931.0
Iroquois,2016,race,american indian,0.0
Iroquois,2016,race,asian,8.0
Iroquois,2016,race,black,62.0
Iroquois,2016,race,hispanic,360.0
Iroquois,2016,race,other,291.0
Iroquois,2016,race,white,2777.0
Iroquois,2017,race,american indian,0.0
Iroquois,2017,race,asian,7.0
Iroquois,2017,race,black,66.0
Iroquois,2017,race,hispanic,358.0
Iroquois,2017,race,other,318.0
Iroquois,2017,race,white,2678.0
Iroquois,2018,race,american indian,0.0
Iroquois,2018,race,asian,8.0
Iroquois,2018,race,black,81.0
Iroquois,2018,race,hispanic,377.0
Iroquois,2018,race,other,357.0
Iroquois,2018,race,white,2580.0
Iroquois,2019,race,american indian,0.0
Iroquois,2019,race,asian,9.0
Iroquois,2019,race,black,60.0
Iroquois,2019,race,hispanic,378.0
Iroquois,2019,race,other,380.0
Iroquois,2019,race,white,2526.0
Iroquois,2020,race,american indian,0.0
Iroquois,2020,race,asian,8.0
Iroquois,2020,race,black,35.0
Iroquois,2020,race,hispanic,374.0
Iroquois,2020,race,other,414.0
Iroquois,2020,race,white,2477.0
Iroquois,2021,race,american indian,0.0
Iroquois,2021,race,asian,5.0
Iroquois,2021,race,black,64.0
Iroquois,2021,race,hispanic,359.0
Iroquois,2021,race,other,415.0
Iroquois,2021,race,white,2401.0
Iroquois,2022,race,american indian,1.0
Iroquois,2022,race,asian,7.0
Iroquois,2022,race,black,22.0
Iroquois,2022,race,hispanic,324.0
Iroquois,2022,race,other,417.0
Iroquois,2022,race,white,2251.0
Iroquois,2023,race,american indian,3.0
Iroquois,2023,race,asian,2.0
Iroquois,2023,race,black,19.0
Iroquois,2023,race,hispanic,326.0
Iroquois,2023,race,other,396.0
Iroquois,2023,race,white,2264.0
Iroquois,2024,race,american indian,20.0
Iroquois,2024,race,asian,5.0
Iroquois,2024,race,black,16.0
Iroquois,2024,race,hispanic,308.0
Iroquois,2024,race,other,420.0
Iroquois,2024,race,white,2174.0
Jackson,2010,race,american indian,0.0
Jackson,2010,race,asian,154.0
Jackson,2010,race,black,844.0
Jackson,2010,race,hispanic,181.0
Jackson,2010,race,other,262.0
Jackson,2010,race,white,3637.0
Jackson,2011,race,american indian,1.0
Jackson,2011,race,asian,171.0
Jackson,2011,race,black,933.0
Jackson,2011,race,hispanic,78.0
Jackson,2011,race,other,245.0
Jackson,2011,race,white,3407.0
Jackson,2012,race,american indian,1.0
Jackson,2012,race,asian,187.0
Jackson,2012,race,black,971.0
Jackson,2012,race,hispanic,83.0
Jackson,2012,race,other,250.0
Jackson,2012,race,white,3326.0
Jackson,2013,race,american indian,16.0
Jackson,2013,race,asian,219.0
Jackson,2013,race,black,954.0
Jackson,2013,race,hispanic,149.0
Jackson,2013,race,other,229.0
Jackson,2013,race,white,3089.0
Jackson,2014,race,american indian,17.0
Jackson,2014,race,asian,231.0
Jackson,2014,race,black,1015.0
Jackson,2014,race,hispanic,200.0
Jackson,2014,race,other,208.0
Jackson,2014,race,white,3193.0
Jackson,2015,race,american indian,34.0
Jackson,2015,race,asian,230.0
Jackson,2015,race,black,1047.0
Jackson,2015,race,hispanic,243.0
Jackson,2015,race,other,235.0
Jackson,2015,race,white,3107.0
Jackson,2016,race,american indian,26.0
Jackson,2016,race,asian,250.0
Jackson,2016,race,black,1027.0
Jackson,2016,race,hispanic,291.0
Jackson,2016,race,other,241.0
Jackson,2016,race,white,3102.0
Jackson,2017,race,american indian,28.0
Jackson,2017,race,asian,219.0
Jackson,2017,race,black,839.0
Jackson,2017,race,hispanic,340.0
Jackson,2017,race,other,314.0
Jackson,2017,race,white,3286.0
Jackson,2018,race,american indian,2.0
Jackson,2018,race,asian,237.0
Jackson,2018,race,black,958.0
Jackson,2018,race,hispanic,365.0
Jackson,2018,race,other,360.0
Jackson,2018,race,white,3243.0
Jackson,2019,race,american indian,14.0
Jackson,2019,race,asian,201.0
Jackson,2019,race,black,988.0
Jackson,2019,race,hispanic,378.0
Jackson,2019,race,other,445.0
Jackson,2019,race,white,3325.0
Jackson,2020,race,american indian,13.0
Jackson,2020,race,asian,192.0
Jackson,2020,race,black,825.0
Jackson,2020,race,hispanic,332.0
Jackson,2020,race,other,333.0
Jackson,2020,race,white,3450.0
Jackson,2021,race,american indian,38.0
Jackson,2021,race,asian,191.0
Jackson,2021,race,black,712.0
Jackson,2021,race,hispanic,320.0
Jackson,2021,race,other,560.0
Jackson,2021,race,white,3163.0
Jackson,2022,race,american indian,7.0
Jackson,2022,race,asian,152.0
Jackson,2022,race,black,691.0
Jackson,2022,race,hispanic,303.0
Jackson,2022,race,other,573.0
Jackson,2022,race,white,3032.0
Jackson,2023,race,american indian,21.0
Jackson,2023,race,asian,170.0
Jackson,2023,race,black,716.0
Jackson,2023,race,hispanic,330.0
Jackson,2023,race,other,609.0
Jackson,2023,race,white,3073.0
Jackson,2024,race,american indian,0.0
Jackson,2024,race,asian,110.0
Jackson,2024,race,black,689.0
Jackson,2024,race,hispanic,462.0
Jackson,2024,race,other,626.0
Jackson,2024,race,white,3073.0
Jasper,2010,race,american indian,0.0
Jasper,2010,race,asian,0.0
Jasper,2010,race,black,0.0
Jasper,2010,race,hispanic,0.0
Jasper,2010,race,other,19.0
Jasper,2010,race,white,961.0
Jasper,2011,race,american indian,0.0
Jasper,2011,race,asian,0.0
Jasper,2011,race,black,0.0
Jasper,2011,race,hispanic,1.0
Jasper,2011,race,other,16.0
Jasper,2011,race,white,924.0
Jasper,2012,race,american indian,0.0
Jasper,2012,race,asian,2.0
Jasper,2012,race,black,0.0
Jasper,2012,race,hispanic,4.0
Jasper,2012,race,other,8.0
Jasper,2012,race,white,939.0
Jasper,2013,race,american indian,0.0
Jasper,2013,race,asian,1.0
Jasper,2013,race,black,0.0
Jasper,2013,race,hispanic,10.0
Jasper,2013,race,other,3.0
Jasper,2013,race,white,940.0
Jasper,2014,race,american indian,0.0
Jasper,2014,race,asian,1.0
Jasper,2014,race,black,0.0
Jasper,2014,race,hispanic,13.0
Jasper,2014,race,other,24.0
Jasper,2014,race,white,963.0
Jasper,2015,race,american indian,0.0
Jasper,2015,race,asian,2.0
Jasper,2015,race,black,0.0
Jasper,2015,race,hispanic,18.0
Jasper,2015,race,other,37.0
Jasper,2015,race,white,987.0
Jasper,2016,race,american indian,0.0
Jasper,2016,race,asian,1.0
Jasper,2016,race,black,16.0
Jasper,2016,race,hispanic,37.0
Jasper,2016,race,other,16.0
Jasper,2016,race,white,975.0
Jasper,2017,race,american indian,2.0
Jasper,2017,race,asian,0.0
Jasper,2017,race,black,8.0
Jasper,2017,race,hispanic,39.0
Jasper,2017,race,other,26.0
Jasper,2017,race,white,1004.0
Jasper,2018,race,american indian,2.0
Jasper,2018,race,asian,0.0
Jasper,2018,race,black,20.0
Jasper,2018,race,hispanic,2.0
Jasper,2018,race,other,26.0
Jasper,2018,race,white,926.0
Jasper,2019,race,american indian,2.0
Jasper,2019,race,asian,0.0
Jasper,2019,race,black,13.0
Jasper,2019,race,hispanic,3.0
Jasper,2019,race,other,29.0
Jasper,2019,race,white,953.0
Jasper,2020,race,american indian,2.0
Jasper,2020,race,asian,0.0
Jasper,2020,race,black,10.0
Jasper,2020,race,hispanic,0.0
Jasper,2020,race,other,20.0
Jasper,2020,race,white,930.0
Jasper,2021,race,american indian,2.0
Jasper,2021,race,asian,0.0
Jasper,2021,race,black,4.0
Jasper,2021,race,hispanic,12.0
Jasper,2021,race,other,30.0
Jasper,2021,race,white,947.0
Jasper,2022,race,american indian,0.0
Jasper,2022,race,asian,0.0
Jasper,2022,race,black,2.0
Jasper,2022,race,hispanic,26.0
Jasper,2022,race,other,30.0
Jasper,2022,race,white,954.0
Jasper,2023,race,american indian,0.0
Jasper,2023,race,asian,0.0
Jasper,2023,race,black,0.0
Jasper,2023,race,hispanic,14.0
Jasper,2023,race,other,18.0
Jasper,2023,race,white,885.0
Jasper,2024,race,american indian,0.0
Jasper,2024,race,asian,0.0
Jasper,2024,race,black,0.0
Jasper,2024,race,hispanic,21.0
Jasper,2024,race,other,27.0
Jasper,2024,race,white,811.0
Jefferson,2010,race,american indian,3.0
Jefferson,2010,race,asian,0.0
Jefferson,2010,race,black,386.0
Jefferson,2010,race,hispanic,100.0
Jefferson,2010,race,other,148.0
Jefferson,2010,race,white,3508.0
Jefferson,2011,race,american indian,4.0
Jefferson,2011,race,asian,1.0
Jefferson,2011,race,black,353.0
Jefferson,2011,race,hispanic,52.0
Jefferson,2011,race,other,131.0
Jefferson,2011,race,white,3315.0
Jefferson,2012,race,american indian,0.0
Jefferson,2012,race,asian,45.0
Jefferson,2012,race,black,361.0
Jefferson,2012,race,hispanic,97.0
Jefferson,2012,race,other,140.0
Jefferson,2012,race,white,3281.0
Jefferson,2013,race,american indian,0.0
Jefferson,2013,race,asian,41.0
Jefferson,2013,race,black,393.0
Jefferson,2013,race,hispanic,110.0
Jefferson,2013,race,other,152.0
Jefferson,2013,race,white,3226.0
Jefferson,2014,race,american indian,0.0
Jefferson,2014,race,asian,57.0
Jefferson,2014,race,black,345.0
Jefferson,2014,race,hispanic,81.0
Jefferson,2014,race,other,171.0
Jefferson,2014,race,white,3199.0
Jefferson,2015,race,american indian,0.0
Jefferson,2015,race,asian,53.0
Jefferson,2015,race,black,257.0
Jefferson,2015,race,hispanic,89.0
Jefferson,2015,race,other,151.0
Jefferson,2015,race,white,3152.0
Jefferson,2016,race,american indian,3.0
Jefferson,2016,race,asian,100.0
Jefferson,2016,race,black,260.0
Jefferson,2016,race,hispanic,72.0
Jefferson,2016,race,other,162.0
Jefferson,2016,race,white,3148.0
Jefferson,2017,race,american indian,4.0
Jefferson,2017,race,asian,87.0
Jefferson,2017,race,black,258.0
Jefferson,2017,race,hispanic,64.0
Jefferson,2017,race,other,173.0
Jefferson,2017,race,white,3049.0
Jefferson,2018,race,american indian,5.0
Jefferson,2018,race,asian,108.0
Jefferson,2018,race,black,265.0
Jefferson,2018,race,hispanic,75.0
Jefferson,2018,race,other,165.0
Jefferson,2018,race,white,2976.0
Jefferson,2019,race,american indian,21.0
Jefferson,2019,race,asian,93.0
Jefferson,2019,race,black,264.0
Jefferson,2019,race,hispanic,99.0
Jefferson,2019,race,other,155.0
Jefferson,2019,race,white,3011.0
Jefferson,2020,race,american indian,26.0
Jefferson,2020,race,asian,91.0
Jefferson,2020,race,black,274.0
Jefferson,2020,race,hispanic,94.0
Jefferson,2020,race,other,229.0
Jefferson,2020,race,white,2936.0
Jefferson,2021,race,american indian,34.0
Jefferson,2021,race,asian,44.0
Jefferson,2021,race,black,301.0
Jefferson,2021,race,hispanic,182.0
Jefferson,2021,race,other,278.0
Jefferson,2021,race,white,3002.0
Jefferson,2022,race,american indian,20.0
Jefferson,2022,race,asian,38.0
Jefferson,2022,race,black,247.0
Jefferson,2022,race,hispanic,200.0
Jefferson,2022,race,other,455.0
Jefferson,2022,race,white,2967.0
Jefferson,2023,race,american indian,13.0
Jefferson,2023,race,asian,30.0
Jefferson,2023,race,black,306.0
Jefferson,2023,race,hispanic,178.0
Jefferson,2023,race,other,419.0
Jefferson,2023,race,white,2984.0
Jefferson,2024,race,american indian,24.0
Jefferson,2024,race,asian,32.0
Jefferson,2024,race,black,317.0
Jefferson,2024,race,hispanic,183.0
Jefferson,2024,race,other,533.0
Jefferson,2024,race,white,2937.0
Jersey,2010,race,american indian,0.0
Jersey,2010,race,asian,5.0
Jersey,2010,race,black,46.0
Jersey,2010,race,hispanic,1.0
Jersey,2010,race,other,50.0
Jersey,2010,race,white,2540.0
Jersey,2011,race,american indian,0.0
Jersey,2011,race,asian,4.0
Jersey,2011,race,black,46.0
Jersey,2011,race,hispanic,11.0
Jersey,2011,race,other,38.0
Jersey,2011,race,white,2548.0
Jersey,2012,race,american indian,0.0
Jersey,2012,race,asian,24.0
Jersey,2012,race,black,32.0
Jersey,2012,race,hispanic,11.0
Jersey,2012,race,other,48.0
Jersey,2012,race,white,2629.0
Jersey,2013,race,american indian,0.0
Jersey,2013,race,asian,44.0
Jersey,2013,race,black,15.0
Jersey,2013,race,hispanic,28.0
Jersey,2013,race,other,30.0
Jersey,2013,race,white,2605.0
Jersey,2014,race,american indian,0.0
Jersey,2014,race,asian,46.0
Jersey,2014,race,black,16.0
Jersey,2014,race,hispanic,60.0
Jersey,2014,race,other,51.0
Jersey,2014,race,white,2610.0
Jersey,2015,race,american indian,0.0
Jersey,2015,race,asian,38.0
Jersey,2015,race,black,10.0
Jersey,2015,race,hispanic,51.0
Jersey,2015,race,other,55.0
Jersey,2015,race,white,2475.0
Jersey,2016,race,american indian,0.0
Jersey,2016,race,asian,21.0
Jersey,2016,race,black,10.0
Jersey,2016,race,hispanic,49.0
Jersey,2016,race,other,61.0
Jersey,2016,race,white,2318.0
Jersey,2017,race,american indian,0.0
Jersey,2017,race,asian,0.0
Jersey,2017,race,black,13.0
Jersey,2017,race,hispanic,51.0
Jersey,2017,race,other,108.0
Jersey,2017,race,white,2359.0
Jersey,2018,race,american indian,0.0
Jersey,2018,race,asian,0.0
Jersey,2018,race,black,22.0
Jersey,2018,race,hispanic,48.0
Jersey,2018,race,other,156.0
Jersey,2018,race,white,2352.0
Jersey,2019,race,american indian,0.0
Jersey,2019,race,asian,0.0
Jersey,2019,race,black,26.0
Jersey,2019,race,hispanic,47.0
Jersey,2019,race,other,172.0
Jersey,2019,race,white,2182.0
Jersey,2020,race,american indian,0.0
Jersey,2020,race,asian,0.0
Jersey,2020,race,black,24.0
Jersey,2020,race,hispanic,41.0
Jersey,2020,race,other,173.0
Jersey,2020,race,white,2189.0
Jersey,2021,race,american indian,0.0
Jersey,2021,race,asian,0.0
Jersey,2021,race,black,23.0
Jersey,2021,race,hispanic,41.0
Jersey,2021,race,other,188.0
Jersey,2021,race,white,2242.0
Jersey,2022,race,american indian,0.0
Jersey,2022,race,asian,0.0
Jersey,2022,race,black,13.0
Jersey,2022,race,hispanic,57.0
Jersey,2022,race,other,90.0
Jersey,2022,race,white,2073.0
Jersey,2023,race,american indian,0.0
Jersey,2023,race,asian,0.0
Jersey,2023,race,black,12.0
Jersey,2023,race,hispanic,57.0
Jersey,2023,race,other,177.0
Jersey,2023,race,white,2049.0
Jersey,2024,race,american indian,0.0
Jersey,2024,race,asian,0.0
Jersey,2024,race,black,4.0
Jersey,2024,race,hispanic,73.0
Jersey,2024,race,other,146.0
Jersey,2024,race,white,1928.0
Jo Daviess,2010,race,american indian,0.0
Jo Daviess,2010,race,asian,10.0
Jo Daviess,2010,race,black,6.0
Jo Daviess,2010,race,hispanic,25.0
Jo Daviess,2010,race,other,35.0
Jo Daviess,2010,race,white,2171.0
Jo Daviess,2011,race,american indian,0.0
Jo Daviess,2011,race,asian,5.0
Jo Daviess,2011,race,black,11.0
Jo Daviess,2011,race,hispanic,39.0
Jo Daviess,2011,race,other,63.0
Jo Daviess,2011,race,white,2211.0
Jo Daviess,2012,race,american indian,6.0
Jo Daviess,2012,race,asian,6.0
Jo Daviess,2012,race,black,5.0
Jo Daviess,2012,race,hispanic,67.0
Jo Daviess,2012,race,other,38.0
Jo Daviess,2012,race,white,2225.0
Jo Daviess,2013,race,american indian,6.0
Jo Daviess,2013,race,asian,8.0
Jo Daviess,2013,race,black,2.0
Jo Daviess,2013,race,hispanic,71.0
Jo Daviess,2013,race,other,93.0
Jo Daviess,2013,race,white,2202.0
Jo Daviess,2014,race,american indian,3.0
Jo Daviess,2014,race,asian,0.0
Jo Daviess,2014,race,black,1.0
Jo Daviess,2014,race,hispanic,90.0
Jo Daviess,2014,race,other,106.0
Jo Daviess,2014,race,white,2281.0
Jo Daviess,2015,race,american indian,4.0
Jo Daviess,2015,race,asian,2.0
Jo Daviess,2015,race,black,1.0
Jo Daviess,2015,race,hispanic,84.0
Jo Daviess,2015,race,other,103.0
Jo Daviess,2015,race,white,2222.0
Jo Daviess,2016,race,american indian,8.0
Jo Daviess,2016,race,asian,2.0
Jo Daviess,2016,race,black,1.0
Jo Daviess,2016,race,hispanic,152.0
Jo Daviess,2016,race,other,95.0
Jo Daviess,2016,race,white,2219.0
Jo Daviess,2017,race,american indian,4.0
Jo Daviess,2017,race,asian,3.0
Jo Daviess,2017,race,black,2.0
Jo Daviess,2017,race,hispanic,216.0
Jo Daviess,2017,race,other,86.0
Jo Daviess,2017,race,white,2288.0
Jo Daviess,2018,race,american indian,4.0
Jo Daviess,2018,race,asian,9.0
Jo Daviess,2018,race,black,2.0
Jo Daviess,2018,race,hispanic,128.0
Jo Daviess,2018,race,other,100.0
Jo Daviess,2018,race,white,2042.0
Jo Daviess,2019,race,american indian,7.0
Jo Daviess,2019,race,asian,21.0
Jo Daviess,2019,race,black,2.0
Jo Daviess,2019,race,hispanic,147.0
Jo Daviess,2019,race,other,59.0
Jo Daviess,2019,race,white,1999.0
Jo Daviess,2020,race,american indian,8.0
Jo Daviess,2020,race,asian,18.0
Jo Daviess,2020,race,black,3.0
Jo Daviess,2020,race,hispanic,186.0
Jo Daviess,2020,race,other,78.0
Jo Daviess,2020,race,white,1934.0
Jo Daviess,2021,race,american indian,6.0
Jo Daviess,2021,race,asian,15.0
Jo Daviess,2021,race,black,12.0
Jo Daviess,2021,race,hispanic,210.0
Jo Daviess,2021,race,other,82.0
Jo Daviess,2021,race,white,2038.0
Jo Daviess,2022,race,american indian,3.0
Jo Daviess,2022,race,asian,15.0
Jo Daviess,2022,race,black,6.0
Jo Daviess,2022,race,hispanic,164.0
Jo Daviess,2022,race,other,130.0
Jo Daviess,2022,race,white,1879.0
Jo Daviess,2023,race,american indian,3.0
Jo Daviess,2023,race,asian,12.0
Jo Daviess,2023,race,black,8.0
Jo Daviess,2023,race,hispanic,186.0
Jo Daviess,2023,race,other,196.0
Jo Daviess,2023,race,white,1940.0
Jo Daviess,2024,race,american indian,1.0
Jo Daviess,2024,race,asian,6.0
Jo Daviess,2024,race,black,7.0
Jo Daviess,2024,race,hispanic,165.0
Jo Daviess,2024,race,other,178.0
Jo Daviess,2024,race,white,1887.0
Johnson,2010,race,american indian,0.0
Johnson,2010,race,asian,5.0
Johnson,2010,race,black,42.0
Johnson,2010,race,hispanic,3.0
Johnson,2010,race,other,0.0
Johnson,2010,race,white,1269.0
Johnson,2011,race,american indian,0.0
Johnson,2011,race,asian,2.0
Johnson,2011,race,black,10.0
Johnson,2011,race,hispanic,4.0
Johnson,2011,race,other,11.0
Johnson,2011,race,white,1263.0
Johnson,2012,race,american indian,0.0
Johnson,2012,race,asian,4.0
Johnson,2012,race,black,10.0
Johnson,2012,race,hispanic,4.0
Johnson,2012,race,other,21.0
Johnson,2012,race,white,1253.0
Johnson,2013,race,american indian,0.0
Johnson,2013,race,asian,4.0
Johnson,2013,race,black,4.0
Johnson,2013,race,hispanic,6.0
Johnson,2013,race,other,33.0
Johnson,2013,race,white,1195.0
Johnson,2014,race,american indian,0.0
Johnson,2014,race,asian,0.0
Johnson,2014,race,black,5.0
Johnson,2014,race,hispanic,2.0
Johnson,2014,race,other,50.0
Johnson,2014,race,white,1144.0
Johnson,2015,race,american indian,0.0
Johnson,2015,race,asian,0.0
Johnson,2015,race,black,7.0
Johnson,2015,race,hispanic,15.0
Johnson,2015,race,other,62.0
Johnson,2015,race,white,1103.0
Johnson,2016,race,american indian,0.0
Johnson,2016,race,asian,0.0
Johnson,2016,race,black,3.0
Johnson,2016,race,hispanic,18.0
Johnson,2016,race,other,24.0
Johnson,2016,race,white,1019.0
Johnson,2017,race,american indian,0.0
Johnson,2017,race,asian,0.0
Johnson,2017,race,black,2.0
Johnson,2017,race,hispanic,14.0
Johnson,2017,race,other,9.0
Johnson,2017,race,white,1036.0
Johnson,2018,race,american indian,0.0
Johnson,2018,race,asian,6.0
Johnson,2018,race,black,0.0
Johnson,2018,race,hispanic,17.0
Johnson,2018,race,other,4.0
Johnson,2018,race,white,999.0
Johnson,2019,race,american indian,0.0
Johnson,2019,race,asian,7.0
Johnson,2019,race,black,0.0
Johnson,2019,race,hispanic,10.0
Johnson,2019,race,other,12.0
Johnson,2019,race,white,966.0
Johnson,2020,race,american indian,0.0
Johnson,2020,race,asian,4.0
Johnson,2020,race,black,0.0
Johnson,2020,race,hispanic,3.0
Johnson,2020,race,other,8.0
Johnson,2020,race,white,979.0
Johnson,2021,race,american indian,0.0
Johnson,2021,race,asian,8.0
Johnson,2021,race,black,0.0
Johnson,2021,race,hispanic,22.0
Johnson,2021,race,other,39.0
Johnson,2021,race,white,1111.0
Johnson,2022,race,american indian,0.0
Johnson,2022,race,asian,12.0
Johnson,2022,race,black,0.0
Johnson,2022,race,hispanic,24.0
Johnson,2022,race,other,337.0
Johnson,2022,race,white,1061.0
Johnson,2023,race,american indian,0.0
Johnson,2023,race,asian,11.0
Johnson,2023,race,black,0.0
Johnson,2023,race,hispanic,31.0
Johnson,2023,race,other,117.0
Johnson,2023,race,white,1108.0
Johnson,2024,race,american indian,0.0
Johnson,2024,race,asian,16.0
Johnson,2024,race,black,0.0
Johnson,2024,race,hispanic,100.0
Johnson,2024,race,other,174.0
Johnson,2024,race,white,1123.0
Kane,2010,race,american indian,90.0
Kane,2010,race,asian,1974.0
Kane,2010,race,black,4345.0
Kane,2010,race,hispanic,22736.0
Kane,2010,race,other,12646.0
Kane,2010,race,white,45082.0
Kane,2011,race,american indian,45.0
Kane,2011,race,asian,1961.0
Kane,2011,race,black,4074.0
Kane,2011,race,hispanic,23446.0
Kane,2011,race,other,13545.0
Kane,2011,race,white,45700.0
Kane,2012,race,american indian,265.0
Kane,2012,race,asian,1994.0
Kane,2012,race,black,4245.0
Kane,2012,race,hispanic,24447.0
Kane,2012,race,other,13834.0
Kane,2012,race,white,45748.0
Kane,2013,race,american indian,255.0
Kane,2013,race,asian,2183.0
Kane,2013,race,black,3906.0
Kane,2013,race,hispanic,25594.0
Kane,2013,race,other,14170.0
Kane,2013,race,white,46738.0
Kane,2014,race,american indian,305.0
Kane,2014,race,asian,2119.0
Kane,2014,race,black,4148.0
Kane,2014,race,hispanic,25550.0
Kane,2014,race,other,14448.0
Kane,2014,race,white,45499.0
Kane,2015,race,american indian,356.0
Kane,2015,race,asian,2177.0
Kane,2015,race,black,3968.0
Kane,2015,race,hispanic,25840.0
Kane,2015,race,other,15100.0
Kane,2015,race,white,44970.0
Kane,2016,race,american indian,397.0
Kane,2016,race,asian,2392.0
Kane,2016,race,black,4108.0
Kane,2016,race,hispanic,26505.0
Kane,2016,race,other,15658.0
Kane,2016,race,white,45028.0
Kane,2017,race,american indian,264.0
Kane,2017,race,asian,2568.0
Kane,2017,race,black,3898.0
Kane,2017,race,hispanic,27114.0
Kane,2017,race,other,15623.0
Kane,2017,race,white,44992.0
Kane,2018,race,american indian,335.0
Kane,2018,race,asian,2696.0
Kane,2018,race,black,3670.0
Kane,2018,race,hispanic,27780.0
Kane,2018,race,other,15550.0
Kane,2018,race,white,44416.0
Kane,2019,race,american indian,380.0
Kane,2019,race,asian,2872.0
Kane,2019,race,black,3762.0
Kane,2019,race,hispanic,28600.0
Kane,2019,race,other,15094.0
Kane,2019,race,white,44903.0
Kane,2020,race,american indian,367.0
Kane,2020,race,asian,3036.0
Kane,2020,race,black,3373.0
Kane,2020,race,hispanic,28959.0
Kane,2020,race,other,16442.0
Kane,2020,race,white,43192.0
Kane,2021,race,american indian,424.0
Kane,2021,race,asian,2955.0
Kane,2021,race,black,3282.0
Kane,2021,race,hispanic,28996.0
Kane,2021,race,other,18393.0
Kane,2021,race,white,40035.0
Kane,2022,race,american indian,618.0
Kane,2022,race,asian,2504.0
Kane,2022,race,black,3208.0
Kane,2022,race,hispanic,28334.0
Kane,2022,race,other,20564.0
Kane,2022,race,white,36400.0
Kane,2023,race,american indian,738.0
Kane,2023,race,asian,2524.0
Kane,2023,race,black,3195.0
Kane,2023,race,hispanic,28077.0
Kane,2023,race,other,24029.0
Kane,2023,race,white,32421.0
Kane,2024,race,american indian,854.0
Kane,2024,race,asian,2343.0
Kane,2024,race,black,2828.0
Kane,2024,race,hispanic,27442.0
Kane,2024,race,other,26068.0
Kane,2024,race,white,28574.0
Kankakee,2010,race,american indian,14.0
Kankakee,2010,race,asian,53.0
Kankakee,2010,race,black,2774.0
Kankakee,2010,race,hispanic,1428.0
Kankakee,2010,race,other,959.0
Kankakee,2010,race,white,9558.0
Kankakee,2011,race,american indian,15.0
Kankakee,2011,race,asian,91.0
Kankakee,2011,race,black,2536.0
Kankakee,2011,race,hispanic,1498.0
Kankakee,2011,race,other,961.0
Kankakee,2011,race,white,9550.0
Kankakee,2012,race,american indian,24.0
Kankakee,2012,race,asian,105.0
Kankakee,2012,race,black,2248.0
Kankakee,2012,race,hispanic,1568.0
Kankakee,2012,race,other,983.0
Kankakee,2012,race,white,9382.0
Kankakee,2013,race,american indian,25.0
Kankakee,2013,race,asian,112.0
Kankakee,2013,race,black,2071.0
Kankakee,2013,race,hispanic,1706.0
Kankakee,2013,race,other,966.0
Kankakee,2013,race,white,9439.0
Kankakee,2014,race,american indian,17.0
Kankakee,2014,race,asian,111.0
Kankakee,2014,race,black,2106.0
Kankakee,2014,race,hispanic,1646.0
Kankakee,2014,race,other,965.0
Kankakee,2014,race,white,9243.0
Kankakee,2015,race,american indian,16.0
Kankakee,2015,race,asian,122.0
Kankakee,2015,race,black,2222.0
Kankakee,2015,race,hispanic,1704.0
Kankakee,2015,race,other,773.0
Kankakee,2015,race,white,9221.0
Kankakee,2016,race,american indian,16.0
Kankakee,2016,race,asian,117.0
Kankakee,2016,race,black,2181.0
Kankakee,2016,race,hispanic,1779.0
Kankakee,2016,race,other,961.0
Kankakee,2016,race,white,9105.0
Kankakee,2017,race,american indian,16.0
Kankakee,2017,race,asian,131.0
Kankakee,2017,race,black,2223.0
Kankakee,2017,race,hispanic,1900.0
Kankakee,2017,race,other,996.0
Kankakee,2017,race,white,8970.0
Kankakee,2018,race,american indian,18.0
Kankakee,2018,race,asian,107.0
Kankakee,2018,race,black,2244.0
Kankakee,2018,race,hispanic,1812.0
Kankakee,2018,race,other,1056.0
Kankakee,2018,race,white,8703.0
Kankakee,2019,race,american indian,0.0
Kankakee,2019,race,asian,115.0
Kankakee,2019,race,black,2162.0
Kankakee,2019,race,hispanic,1880.0
Kankakee,2019,race,other,1044.0
Kankakee,2019,race,white,8588.0
Kankakee,2020,race,american indian,8.0
Kankakee,2020,race,asian,94.0
Kankakee,2020,race,black,2011.0
Kankakee,2020,race,hispanic,2138.0
Kankakee,2020,race,other,1497.0
Kankakee,2020,race,white,8547.0
Kankakee,2021,race,american indian,84.0
Kankakee,2021,race,asian,36.0
Kankakee,2021,race,black,1833.0
Kankakee,2021,race,hispanic,2252.0
Kankakee,2021,race,other,1623.0
Kankakee,2021,race,white,8265.0
Kankakee,2022,race,american indian,158.0
Kankakee,2022,race,asian,71.0
Kankakee,2022,race,black,1906.0
Kankakee,2022,race,hispanic,2372.0
Kankakee,2022,race,other,1851.0
Kankakee,2022,race,white,7854.0
Kankakee,2023,race,american indian,229.0
Kankakee,2023,race,asian,74.0
Kankakee,2023,race,black,2010.0
Kankakee,2023,race,hispanic,2389.0
Kankakee,2023,race,other,1971.0
Kankakee,2023,race,white,7513.0
Kankakee,2024,race,american indian,185.0
Kankakee,2024,race,asian,41.0
Kankakee,2024,race,black,1927.0
Kankakee,2024,race,hispanic,2390.0
Kankakee,2024,race,other,2266.0
Kankakee,2024,race,white,7154.0
Kendall,2010,race,american indian,3.0
Kendall,2010,race,asian,295.0
Kendall,2010,race,black,1004.0
Kendall,2010,race,hispanic,2624.0
Kendall,2010,race,other,1433.0
Kendall,2010,race,white,10825.0
Kendall,2011,race,american indian,72.0
Kendall,2011,race,asian,334.0
Kendall,2011,race,black,1082.0
Kendall,2011,race,hispanic,2906.0
Kendall,2011,race,other,1507.0
Kendall,2011,race,white,11422.0
Kendall,2012,race,american indian,91.0
Kendall,2012,race,asian,368.0
Kendall,2012,race,black,1077.0
Kendall,2012,race,hispanic,3099.0
Kendall,2012,race,other,1686.0
Kendall,2012,race,white,11979.0
Kendall,2013,race,american indian,86.0
Kendall,2013,race,asian,437.0
Kendall,2013,race,black,1134.0
Kendall,2013,race,hispanic,3195.0
Kendall,2013,race,other,1859.0
Kendall,2013,race,white,12250.0
Kendall,2014,race,american indian,71.0
Kendall,2014,race,asian,582.0
Kendall,2014,race,black,1159.0
Kendall,2014,race,hispanic,3691.0
Kendall,2014,race,other,2080.0
Kendall,2014,race,white,12453.0
Kendall,2015,race,american indian,63.0
Kendall,2015,race,asian,378.0
Kendall,2015,race,black,1233.0
Kendall,2015,race,hispanic,3580.0
Kendall,2015,race,other,1672.0
Kendall,2015,race,white,12764.0
Kendall,2016,race,american indian,31.0
Kendall,2016,race,asian,348.0
Kendall,2016,race,black,1175.0
Kendall,2016,race,hispanic,3652.0
Kendall,2016,race,other,1901.0
Kendall,2016,race,white,12835.0
Kendall,2017,race,american indian,30.0
Kendall,2017,race,asian,476.0
Kendall,2017,race,black,1345.0
Kendall,2017,race,hispanic,3800.0
Kendall,2017,race,other,1955.0
Kendall,2017,race,white,12301.0
Kendall,2018,race,american indian,22.0
Kendall,2018,race,asian,558.0
Kendall,2018,race,black,1417.0
Kendall,2018,race,hispanic,3884.0
Kendall,2018,race,other,1775.0
Kendall,2018,race,white,12665.0
Kendall,2019,race,american indian,49.0
Kendall,2019,race,asian,693.0
Kendall,2019,race,black,1553.0
Kendall,2019,race,hispanic,3718.0
Kendall,2019,race,other,1677.0
Kendall,2019,race,white,12739.0
Kendall,2020,race,american indian,59.0
Kendall,2020,race,asian,770.0
Kendall,2020,race,black,1794.0
Kendall,2020,race,hispanic,4100.0
Kendall,2020,race,other,2236.0
Kendall,2020,race,white,12024.0
Kendall,2021,race,american indian,83.0
Kendall,2021,race,asian,460.0
Kendall,2021,race,black,1871.0
Kendall,2021,race,hispanic,4149.0
Kendall,2021,race,other,3169.0
Kendall,2021,race,white,11533.0
Kendall,2022,race,american indian,104.0
Kendall,2022,race,asian,366.0
Kendall,2022,race,black,1444.0
Kendall,2022,race,hispanic,4150.0
Kendall,2022,race,other,3428.0
Kendall,2022,race,white,11317.0
Kendall,2023,race,american indian,114.0
Kendall,2023,race,asian,386.0
Kendall,2023,race,black,1374.0
Kendall,2023,race,hispanic,4331.0
Kendall,2023,race,other,4224.0
Kendall,2023,race,white,11023.0
Kendall,2024,race,american indian,145.0
Kendall,2024,race,asian,442.0
Kendall,2024,race,black,1225.0
Kendall,2024,race,hispanic,4749.0
Kendall,2024,race,other,5228.0
Kendall,2024,race,white,10849.0
Knox,2010,race,american indian,39.0
Knox,2010,race,asian,10.0
Knox,2010,race,black,420.0
Knox,2010,race,hispanic,333.0
Knox,2010,race,other,169.0
Knox,2010,race,white,4525.0
Knox,2011,race,american indian,24.0
Knox,2011,race,asian,14.0
Knox,2011,race,black,437.0
Knox,2011,race,hispanic,370.0
Knox,2011,race,other,220.0
Knox,2011,race,white,4426.0
Knox,2012,race,american indian,15.0
Knox,2012,race,asian,15.0
Knox,2012,race,black,405.0
Knox,2012,race,hispanic,403.0
Knox,2012,race,other,224.0
Knox,2012,race,white,4396.0
Knox,2013,race,american indian,13.0
Knox,2013,race,asian,15.0
Knox,2013,race,black,336.0
Knox,2013,race,hispanic,444.0
Knox,2013,race,other,316.0
Knox,2013,race,white,4271.0
Knox,2014,race,american indian,7.0
Knox,2014,race,asian,16.0
Knox,2014,race,black,307.0
Knox,2014,race,hispanic,446.0
Knox,2014,race,other,312.0
Knox,2014,race,white,4215.0
Knox,2015,race,american indian,33.0
Knox,2015,race,asian,52.0
Knox,2015,race,black,288.0
Knox,2015,race,hispanic,439.0
Knox,2015,race,other,397.0
Knox,2015,race,white,4126.0
Knox,2016,race,american indian,56.0
Knox,2016,race,asian,97.0
Knox,2016,race,black,298.0
Knox,2016,race,hispanic,443.0
Knox,2016,race,other,382.0
Knox,2016,race,white,4194.0
Knox,2017,race,american indian,91.0
Knox,2017,race,asian,72.0
Knox,2017,race,black,291.0
Knox,2017,race,hispanic,460.0
Knox,2017,race,other,363.0
Knox,2017,race,white,4059.0
Knox,2018,race,american indian,81.0
Knox,2018,race,asian,55.0
Knox,2018,race,black,263.0
Knox,2018,race,hispanic,447.0
Knox,2018,race,other,317.0
Knox,2018,race,white,4034.0
Knox,2019,race,american indian,116.0
Knox,2019,race,asian,70.0
Knox,2019,race,black,242.0
Knox,2019,race,hispanic,501.0
Knox,2019,race,other,342.0
Knox,2019,race,white,3859.0
Knox,2020,race,american indian,8.0
Knox,2020,race,asian,63.0
Knox,2020,race,black,272.0
Knox,2020,race,hispanic,484.0
Knox,2020,race,other,313.0
Knox,2020,race,white,3808.0
Knox,2021,race,american indian,7.0
Knox,2021,race,asian,25.0
Knox,2021,race,black,298.0
Knox,2021,race,hispanic,502.0
Knox,2021,race,other,457.0
Knox,2021,race,white,3724.0
Knox,2022,race,american indian,4.0
Knox,2022,race,asian,21.0
Knox,2022,race,black,290.0
Knox,2022,race,hispanic,447.0
Knox,2022,race,other,524.0
Knox,2022,race,white,3566.0
Knox,2023,race,american indian,6.0
Knox,2023,race,asian,27.0
Knox,2023,race,black,271.0
Knox,2023,race,hispanic,450.0
Knox,2023,race,other,657.0
Knox,2023,race,white,3379.0
Knox,2024,race,american indian,0.0
Knox,2024,race,asian,98.0
Knox,2024,race,black,285.0
Knox,2024,race,hispanic,476.0
Knox,2024,race,other,727.0
Knox,2024,race,white,3130.0
LaSalle,2010,race,american indian,0.0
LaSalle,2010,race,asian,41.0
LaSalle,2010,race,black,145.0
LaSalle,2010,race,hispanic,1309.0
LaSalle,2010,race,other,954.0
LaSalle,2010,race,white,10951.0
LaSalle,2011,race,american indian,0.0
LaSalle,2011,race,asian,29.0
LaSalle,2011,race,black,173.0
LaSalle,2011,race,hispanic,1478.0
LaSalle,2011,race,other,889.0
LaSalle,2011,race,white,10960.0
LaSalle,2012,race,american indian,0.0
LaSalle,2012,race,asian,46.0
LaSalle,2012,race,black,269.0
LaSalle,2012,race,hispanic,1463.0
LaSalle,2012,race,other,773.0
LaSalle,2012,race,white,10904.0
LaSalle,2013,race,american indian,10.0
LaSalle,2013,race,asian,84.0
LaSalle,2013,race,black,261.0
LaSalle,2013,race,hispanic,1544.0
LaSalle,2013,race,other,664.0
LaSalle,2013,race,white,10934.0
LaSalle,2014,race,american indian,5.0
LaSalle,2014,race,asian,86.0
LaSalle,2014,race,black,278.0
LaSalle,2014,race,hispanic,1671.0
LaSalle,2014,race,other,633.0
LaSalle,2014,race,white,11119.0
LaSalle,2015,race,american indian,5.0
LaSalle,2015,race,asian,92.0
LaSalle,2015,race,black,278.0
LaSalle,2015,race,hispanic,1737.0
LaSalle,2015,race,other,740.0
LaSalle,2015,race,white,11137.0
LaSalle,2016,race,american indian,7.0
LaSalle,2016,race,asian,96.0
LaSalle,2016,race,black,312.0
LaSalle,2016,race,hispanic,1573.0
LaSalle,2016,race,other,655.0
LaSalle,2016,race,white,10782.0
LaSalle,2017,race,american indian,9.0
LaSalle,2017,race,asian,141.0
LaSalle,2017,race,black,299.0
LaSalle,2017,race,hispanic,1626.0
LaSalle,2017,race,other,704.0
LaSalle,2017,race,white,10792.0
LaSalle,2018,race,american indian,0.0
LaSalle,2018,race,asian,146.0
LaSalle,2018,race,black,281.0
LaSalle,2018,race,hispanic,1666.0
LaSalle,2018,race,other,654.0
LaSalle,2018,race,white,10550.0
LaSalle,2019,race,american indian,0.0
LaSalle,2019,race,asian,113.0
LaSalle,2019,race,black,254.0
LaSalle,2019,race,hispanic,1735.0
LaSalle,2019,race,other,742.0
LaSalle,2019,race,white,9996.0
LaSalle,2020,race,american indian,3.0
LaSalle,2020,race,asian,170.0
LaSalle,2020,race,black,310.0
LaSalle,2020,race,hispanic,1671.0
LaSalle,2020,race,other,761.0
LaSalle,2020,race,white,9487.0
LaSalle,2021,race,american indian,1.0
LaSalle,2021,race,asian,177.0
LaSalle,2021,race,black,321.0
LaSalle,2021,race,hispanic,1892.0
LaSalle,2021,race,other,1075.0
LaSalle,2021,race,white,9495.0
LaSalle,2022,race,american indian,1.0
LaSalle,2022,race,asian,31.0
LaSalle,2022,race,black,320.0
LaSalle,2022,race,hispanic,1962.0
LaSalle,2022,race,other,1387.0
LaSalle,2022,race,white,9107.0
LaSalle,2023,race,american indian,19.0
LaSalle,2023,race,asian,39.0
LaSalle,2023,race,black,392.0
LaSalle,2023,race,hispanic,1988.0
LaSalle,2023,race,other,1613.0
LaSalle,2023,race,white,8884.0
LaSalle,2024,race,american indian,51.0
LaSalle,2024,race,asian,58.0
LaSalle,2024,race,black,400.0
LaSalle,2024,race,hispanic,2080.0
LaSalle,2024,race,other,1904.0
LaSalle,2024,race,white,8698.0
Lake,2010,race,american indian,134.0
Lake,2010,race,asian,4715.0
Lake,2010,race,black,6780.0
Lake,2010,race,hispanic,20123.0
Lake,2010,race,other,11799.0
Lake,2010,race,white,67114.0
Lake,2011,race,american indian,123.0
Lake,2011,race,asian,4780.0
Lake,2011,race,black,6804.0
Lake,2011,race,hispanic,21270.0
Lake,2011,race,other,11559.0
Lake,2011,race,white,67518.0
Lake,2012,race,american indian,150.0
Lake,2012,race,asian,4724.0
Lake,2012,race,black,6504.0
Lake,2012,race,hispanic,22315.0
Lake,2012,race,other,10992.0
Lake,2012,race,white,67917.0
Lake,2013,race,american indian,141.0
Lake,2013,race,asian,4951.0
Lake,2013,race,black,6703.0
Lake,2013,race,hispanic,23309.0
Lake,2013,race,other,9916.0
Lake,2013,race,white,68076.0
Lake,2014,race,american indian,142.0
Lake,2014,race,asian,5013.0
Lake,2014,race,black,6541.0
Lake,2014,race,hispanic,24084.0
Lake,2014,race,other,8699.0
Lake,2014,race,white,69247.0
Lake,2015,race,american indian,103.0
Lake,2015,race,asian,5215.0
Lake,2015,race,black,6661.0
Lake,2015,race,hispanic,24097.0
Lake,2015,race,other,7483.0
Lake,2015,race,white,69637.0
Lake,2016,race,american indian,114.0
Lake,2016,race,asian,5340.0
Lake,2016,race,black,6437.0
Lake,2016,race,hispanic,24059.0
Lake,2016,race,other,7822.0
Lake,2016,race,white,67650.0
Lake,2017,race,american indian,154.0
Lake,2017,race,asian,5698.0
Lake,2017,race,black,6110.0
Lake,2017,race,hispanic,24285.0
Lake,2017,race,other,9064.0
Lake,2017,race,white,65005.0
Lake,2018,race,american indian,241.0
Lake,2018,race,asian,5907.0
Lake,2018,race,black,6060.0
Lake,2018,race,hispanic,25203.0
Lake,2018,race,other,10430.0
Lake,2018,race,white,63482.0
Lake,2019,race,american indian,329.0
Lake,2019,race,asian,6141.0
Lake,2019,race,black,5977.0
Lake,2019,race,hispanic,25083.0
Lake,2019,race,other,11651.0
Lake,2019,race,white,59789.0
Lake,2020,race,american indian,490.0
Lake,2020,race,asian,6133.0
Lake,2020,race,black,5912.0
Lake,2020,race,hispanic,25473.0
Lake,2020,race,other,14477.0
Lake,2020,race,white,55772.0
Lake,2021,race,american indian,548.0
Lake,2021,race,asian,6238.0
Lake,2021,race,black,6081.0
Lake,2021,race,hispanic,26017.0
Lake,2021,race,other,17513.0
Lake,2021,race,white,54353.0
Lake,2022,race,american indian,792.0
Lake,2022,race,asian,6258.0
Lake,2022,race,black,6475.0
Lake,2022,race,hispanic,26143.0
Lake,2022,race,other,19696.0
Lake,2022,race,white,49495.0
Lake,2023,race,american indian,985.0
Lake,2023,race,asian,6600.0
Lake,2023,race,black,6295.0
Lake,2023,race,hispanic,27194.0
Lake,2023,race,other,22272.0
Lake,2023,race,white,46228.0
Lake,2024,race,american indian,1161.0
Lake,2024,race,asian,6977.0
Lake,2024,race,black,6034.0
Lake,2024,race,hispanic,27585.0
Lake,2024,race,other,25216.0
Lake,2024,race,white,42557.0
Lawrence,2010,race,american indian,0.0
Lawrence,2010,race,asian,0.0
Lawrence,2010,race,black,6.0
Lawrence,2010,race,hispanic,3.0
Lawrence,2010,race,other,29.0
Lawrence,2010,race,white,1338.0
Lawrence,2011,race,american indian,0.0
Lawrence,2011,race,asian,0.0
Lawrence,2011,race,black,14.0
Lawrence,2011,race,hispanic,6.0
Lawrence,2011,race,other,29.0
Lawrence,2011,race,white,1375.0
Lawrence,2012,race,american indian,1.0
Lawrence,2012,race,asian,0.0
Lawrence,2012,race,black,1.0
Lawrence,2012,race,hispanic,1.0
Lawrence,2012,race,other,2.0
Lawrence,2012,race,white,160.0
Lawrence,2013,race,american indian,12.0
Lawrence,2013,race,asian,0.0
Lawrence,2013,race,black,0.0
Lawrence,2013,race,hispanic,28.0
Lawrence,2013,race,other,25.0
Lawrence,2013,race,white,1400.0
Lawrence,2014,race,american indian,16.0
Lawrence,2014,race,asian,0.0
Lawrence,2014,race,black,0.0
Lawrence,2014,race,hispanic,45.0
Lawrence,2014,race,other,42.0
Lawrence,2014,race,white,1309.0
Lawrence,2015,race,american indian,11.0
Lawrence,2015,race,asian,0.0
Lawrence,2015,race,black,0.0
Lawrence,2015,race,hispanic,59.0
Lawrence,2015,race,other,48.0
Lawrence,2015,race,white,1228.0
Lawrence,2016,race,american indian,9.0
Lawrence,2016,race,asian,1.0
Lawrence,2016,race,black,0.0
Lawrence,2016,race,hispanic,58.0
Lawrence,2016,race,other,46.0
Lawrence,2016,race,white,1287.0
Lawrence,2017,race,american indian,0.0
Lawrence,2017,race,asian,4.0
Lawrence,2017,race,black,0.0
Lawrence,2017,race,hispanic,48.0
Lawrence,2017,race,other,39.0
Lawrence,2017,race,white,1270.0
Lawrence,2018,race,american indian,0.0
Lawrence,2018,race,asian,5.0
Lawrence,2018,race,black,0.0
Lawrence,2018,race,hispanic,97.0
Lawrence,2018,race,other,84.0
Lawrence,2018,race,white,1313.0
Lawrence,2019,race,american indian,8.0
Lawrence,2019,race,asian,3.0
Lawrence,2019,race,black,0.0
Lawrence,2019,race,hispanic,11.0
Lawrence,2019,race,other,11.0
Lawrence,2019,race,white,1326.0
Lawrence,2020,race,american indian,16.0
Lawrence,2020,race,asian,5.0
Lawrence,2020,race,black,35.0
Lawrence,2020,race,hispanic,0.0
Lawrence,2020,race,other,0.0
Lawrence,2020,race,white,1374.0
Lawrence,2021,race,american indian,12.0
Lawrence,2021,race,asian,0.0
Lawrence,2021,race,black,49.0
Lawrence,2021,race,hispanic,0.0
Lawrence,2021,race,other,19.0
Lawrence,2021,race,white,1378.0
Lawrence,2022,race,american indian,9.0
Lawrence,2022,race,asian,0.0
Lawrence,2022,race,black,44.0
Lawrence,2022,race,hispanic,0.0
Lawrence,2022,race,other,23.0
Lawrence,2022,race,white,1408.0
Lawrence,2023,race,american indian,9.0
Lawrence,2023,race,asian,0.0
Lawrence,2023,race,black,39.0
Lawrence,2023,race,hispanic,6.0
Lawrence,2023,race,other,49.0
Lawrence,2023,race,white,1396.0
Lawrence,2024,race,american indian,0.0
Lawrence,2024,race,asian,0.0
Lawrence,2024,race,black,32.0
Lawrence,2024,race,hispanic,7.0
Lawrence,2024,race,other,79.0
Lawrence,2024,race,white,1379.0
Lee,2010,race,american indian,0.0
Lee,2010,race,asian,3.0
Lee,2010,race,black,82.0
Lee,2010,race,hispanic,235.0
Lee,2010,race,other,179.0
Lee,2010,race,white,3556.0
Lee,2011,race,american indian,0.0
Lee,2011,race,asian,10.0
Lee,2011,race,black,107.0
Lee,2011,race,hispanic,258.0
Lee,2011,race,other,152.0
Lee,2011,race,white,3461.0
Lee,2012,race,american indian,0.0
Lee,2012,race,asian,17.0
Lee,2012,race,black,85.0
Lee,2012,race,hispanic,272.0
Lee,2012,race,other,179.0
Lee,2012,race,white,3307.0
Lee,2013,race,american indian,0.0
Lee,2013,race,asian,17.0
Lee,2013,race,black,98.0
Lee,2013,race,hispanic,277.0
Lee,2013,race,other,154.0
Lee,2013,race,white,3213.0
Lee,2014,race,american indian,0.0
Lee,2014,race,asian,6.0
Lee,2014,race,black,83.0
Lee,2014,race,hispanic,281.0
Lee,2014,race,other,171.0
Lee,2014,race,white,3152.0
Lee,2015,race,american indian,0.0
Lee,2015,race,asian,12.0
Lee,2015,race,black,82.0
Lee,2015,race,hispanic,254.0
Lee,2015,race,other,170.0
Lee,2015,race,white,2976.0
Lee,2016,race,american indian,0.0
Lee,2016,race,asian,9.0
Lee,2016,race,black,68.0
Lee,2016,race,hispanic,287.0
Lee,2016,race,other,211.0
Lee,2016,race,white,2737.0
Lee,2017,race,american indian,0.0
Lee,2017,race,asian,27.0
Lee,2017,race,black,70.0
Lee,2017,race,hispanic,259.0
Lee,2017,race,other,174.0
Lee,2017,race,white,2628.0
Lee,2018,race,american indian,0.0
Lee,2018,race,asian,34.0
Lee,2018,race,black,70.0
Lee,2018,race,hispanic,256.0
Lee,2018,race,other,200.0
Lee,2018,race,white,2640.0
Lee,2019,race,american indian,0.0
Lee,2019,race,asian,30.0
Lee,2019,race,black,80.0
Lee,2019,race,hispanic,268.0
Lee,2019,race,other,126.0
Lee,2019,race,white,2715.0
Lee,2020,race,american indian,0.0
Lee,2020,race,asian,69.0
Lee,2020,race,black,69.0
Lee,2020,race,hispanic,297.0
Lee,2020,race,other,145.0
Lee,2020,race,white,2727.0
Lee,2021,race,american indian,0.0
Lee,2021,race,asian,31.0
Lee,2021,race,black,83.0
Lee,2021,race,hispanic,295.0
Lee,2021,race,other,212.0
Lee,2021,race,white,2920.0
Lee,2022,race,american indian,0.0
Lee,2022,race,asian,17.0
Lee,2022,race,black,118.0
Lee,2022,race,hispanic,308.0
Lee,2022,race,other,299.0
Lee,2022,race,white,2973.0
Lee,2023,race,american indian,3.0
Lee,2023,race,asian,12.0
Lee,2023,race,black,93.0
Lee,2023,race,hispanic,316.0
Lee,2023,race,other,331.0
Lee,2023,race,white,2975.0
Lee,2024,race,american indian,3.0
Lee,2024,race,asian,46.0
Lee,2024,race,black,101.0
Lee,2024,race,hispanic,328.0
Lee,2024,race,other,372.0
Lee,2024,race,white,2902.0
Livingston,2010,race,american indian,0.0
Livingston,2010,race,asian,8.0
Livingston,2010,race,black,19.0
Livingston,2010,race,hispanic,273.0
Livingston,2010,race,other,41.0
Livingston,2010,race,white,4387.0
Livingston,2011,race,american indian,0.0
Livingston,2011,race,asian,10.0
Livingston,2011,race,black,9.0
Livingston,2011,race,hispanic,248.0
Livingston,2011,race,other,32.0
Livingston,2011,race,white,4256.0
Livingston,2012,race,american indian,2.0
Livingston,2012,race,asian,7.0
Livingston,2012,race,black,13.0
Livingston,2012,race,hispanic,283.0
Livingston,2012,race,other,72.0
Livingston,2012,race,white,4379.0
Livingston,2013,race,american indian,3.0
Livingston,2013,race,asian,6.0
Livingston,2013,race,black,22.0
Livingston,2013,race,hispanic,273.0
Livingston,2013,race,other,40.0
Livingston,2013,race,white,4258.0
Livingston,2014,race,american indian,8.0
Livingston,2014,race,asian,13.0
Livingston,2014,race,black,17.0
Livingston,2014,race,hispanic,268.0
Livingston,2014,race,other,70.0
Livingston,2014,race,white,3981.0
Livingston,2015,race,american indian,10.0
Livingston,2015,race,asian,4.0
Livingston,2015,race,black,16.0
Livingston,2015,race,hispanic,259.0
Livingston,2015,race,other,52.0
Livingston,2015,race,white,3801.0
Livingston,2016,race,american indian,11.0
Livingston,2016,race,asian,13.0
Livingston,2016,race,black,80.0
Livingston,2016,race,hispanic,278.0
Livingston,2016,race,other,124.0
Livingston,2016,race,white,3740.0
Livingston,2017,race,american indian,0.0
Livingston,2017,race,asian,27.0
Livingston,2017,race,black,91.0
Livingston,2017,race,hispanic,259.0
Livingston,2017,race,other,128.0
Livingston,2017,race,white,3605.0
Livingston,2018,race,american indian,0.0
Livingston,2018,race,asian,0.0
Livingston,2018,race,black,106.0
Livingston,2018,race,hispanic,273.0
Livingston,2018,race,other,156.0
Livingston,2018,race,white,3526.0
Livingston,2019,race,american indian,0.0
Livingston,2019,race,asian,0.0
Livingston,2019,race,black,161.0
Livingston,2019,race,hispanic,276.0
Livingston,2019,race,other,158.0
Livingston,2019,race,white,3566.0
Livingston,2020,race,american indian,0.0
Livingston,2020,race,asian,0.0
Livingston,2020,race,black,127.0
Livingston,2020,race,hispanic,290.0
Livingston,2020,race,other,253.0
Livingston,2020,race,white,3600.0
Livingston,2021,race,american indian,0.0
Livingston,2021,race,asian,0.0
Livingston,2021,race,black,97.0
Livingston,2021,race,hispanic,288.0
Livingston,2021,race,other,347.0
Livingston,2021,race,white,3588.0
Livingston,2022,race,american indian,0.0
Livingston,2022,race,asian,0.0
Livingston,2022,race,black,93.0
Livingston,2022,race,hispanic,204.0
Livingston,2022,race,other,287.0
Livingston,2022,race,white,3351.0
Livingston,2023,race,american indian,12.0
Livingston,2023,race,asian,0.0
Livingston,2023,race,black,77.0
Livingston,2023,race,hispanic,246.0
Livingston,2023,race,other,355.0
Livingston,2023,race,white,3321.0
Livingston,2024,race,american indian,9.0
Livingston,2024,race,asian,0.0
Livingston,2024,race,black,21.0
Livingston,2024,race,hispanic,290.0
Livingston,2024,race,other,483.0
Livingston,2024,race,white,2914.0
Logan,2010,race,american indian,7.0
Logan,2010,race,asian,17.0
Logan,2010,race,black,53.0
Logan,2010,race,hispanic,65.0
Logan,2010,race,other,71.0
Logan,2010,race,white,2754.0
Logan,2011,race,american indian,2.0
Logan,2011,race,asian,35.0
Logan,2011,race,black,66.0
Logan,2011,race,hispanic,103.0
Logan,2011,race,other,46.0
Logan,2011,race,white,2599.0
Logan,2012,race,american indian,4.0
Logan,2012,race,asian,44.0
Logan,2012,race,black,67.0
Logan,2012,race,hispanic,15.0
Logan,2012,race,other,21.0
Logan,2012,race,white,2528.0
Logan,2013,race,american indian,12.0
Logan,2013,race,asian,16.0
Logan,2013,race,black,46.0
Logan,2013,race,hispanic,3.0
Logan,2013,race,other,91.0
Logan,2013,race,white,2376.0
Logan,2014,race,american indian,10.0
Logan,2014,race,asian,8.0
Logan,2014,race,black,32.0
Logan,2014,race,hispanic,4.0
Logan,2014,race,other,146.0
Logan,2014,race,white,2382.0
Logan,2015,race,american indian,6.0
Logan,2015,race,asian,14.0
Logan,2015,race,black,41.0
Logan,2015,race,hispanic,16.0
Logan,2015,race,other,220.0
Logan,2015,race,white,2326.0
Logan,2016,race,american indian,16.0
Logan,2016,race,asian,7.0
Logan,2016,race,black,63.0
Logan,2016,race,hispanic,11.0
Logan,2016,race,other,267.0
Logan,2016,race,white,2172.0
Logan,2017,race,american indian,2.0
Logan,2017,race,asian,6.0
Logan,2017,race,black,8.0
Logan,2017,race,hispanic,61.0
Logan,2017,race,other,156.0
Logan,2017,race,white,2398.0
Logan,2018,race,american indian,5.0
Logan,2018,race,asian,3.0
Logan,2018,race,black,17.0
Logan,2018,race,hispanic,80.0
Logan,2018,race,other,180.0
Logan,2018,race,white,2498.0
Logan,2019,race,american indian,33.0
Logan,2019,race,asian,4.0
Logan,2019,race,black,16.0
Logan,2019,race,hispanic,115.0
Logan,2019,race,other,143.0
Logan,2019,race,white,2383.0
Logan,2020,race,american indian,20.0
Logan,2020,race,asian,0.0
Logan,2020,race,black,22.0
Logan,2020,race,hispanic,93.0
Logan,2020,race,other,114.0
Logan,2020,race,white,2276.0
Logan,2021,race,american indian,22.0
Logan,2021,race,asian,7.0
Logan,2021,race,black,30.0
Logan,2021,race,hispanic,91.0
Logan,2021,race,other,85.0
Logan,2021,race,white,2284.0
Logan,2022,race,american indian,42.0
Logan,2022,race,asian,16.0
Logan,2022,race,black,29.0
Logan,2022,race,hispanic,125.0
Logan,2022,race,other,75.0
Logan,2022,race,white,2387.0
Logan,2023,race,american indian,22.0
Logan,2023,race,asian,10.0
Logan,2023,race,black,44.0
Logan,2023,race,hispanic,153.0
Logan,2023,race,other,188.0
Logan,2023,race,white,2229.0
Logan,2024,race,american indian,0.0
Logan,2024,race,asian,10.0
Logan,2024,race,black,73.0
Logan,2024,race,hispanic,143.0
Logan,2024,race,other,243.0
Logan,2024,race,white,2245.0
Macon,2010,race,american indian,0.0
Macon,2010,race,asian,131.0
Macon,2010,race,black,2324.0
Macon,2010,race,hispanic,299.0
Macon,2010,race,other,572.0
Macon,2010,race,white,7971.0
Macon,2011,race,american indian,0.0
Macon,2011,race,asian,135.0
Macon,2011,race,black,2332.0
Macon,2011,race,hispanic,277.0
Macon,2011,race,other,487.0
Macon,2011,race,white,7705.0
Macon,2012,race,american indian,0.0
Macon,2012,race,asian,32.0
Macon,2012,race,black,2352.0
Macon,2012,race,hispanic,275.0
Macon,2012,race,other,597.0
Macon,2012,race,white,7764.0
Macon,2013,race,american indian,0.0
Macon,2013,race,asian,84.0
Macon,2013,race,black,2292.0
Macon,2013,race,hispanic,260.0
Macon,2013,race,other,719.0
Macon,2013,race,white,7575.0
Macon,2014,race,american indian,0.0
Macon,2014,race,asian,80.0
Macon,2014,race,black,2344.0
Macon,2014,race,hispanic,225.0
Macon,2014,race,other,784.0
Macon,2014,race,white,7429.0
Macon,2015,race,american indian,0.0
Macon,2015,race,asian,100.0
Macon,2015,race,black,2111.0
Macon,2015,race,hispanic,290.0
Macon,2015,race,other,1058.0
Macon,2015,race,white,7456.0
Macon,2016,race,american indian,0.0
Macon,2016,race,asian,100.0
Macon,2016,race,black,1890.0
Macon,2016,race,hispanic,240.0
Macon,2016,race,other,1246.0
Macon,2016,race,white,7243.0
Macon,2017,race,american indian,0.0
Macon,2017,race,asian,111.0
Macon,2017,race,black,1853.0
Macon,2017,race,hispanic,266.0
Macon,2017,race,other,1250.0
Macon,2017,race,white,7168.0
Macon,2018,race,american indian,11.0
Macon,2018,race,asian,125.0
Macon,2018,race,black,2003.0
Macon,2018,race,hispanic,270.0
Macon,2018,race,other,1225.0
Macon,2018,race,white,7345.0
Macon,2019,race,american indian,13.0
Macon,2019,race,asian,131.0
Macon,2019,race,black,1932.0
Macon,2019,race,hispanic,340.0
Macon,2019,race,other,1195.0
Macon,2019,race,white,7166.0
Macon,2020,race,american indian,10.0
Macon,2020,race,asian,193.0
Macon,2020,race,black,2249.0
Macon,2020,race,hispanic,364.0
Macon,2020,race,other,775.0
Macon,2020,race,white,7347.0
Macon,2021,race,american indian,13.0
Macon,2021,race,asian,165.0
Macon,2021,race,black,2290.0
Macon,2021,race,hispanic,411.0
Macon,2021,race,other,803.0
Macon,2021,race,white,7394.0
Macon,2022,race,american indian,5.0
Macon,2022,race,asian,240.0
Macon,2022,race,black,2173.0
Macon,2022,race,hispanic,378.0
Macon,2022,race,other,910.0
Macon,2022,race,white,7172.0
Macon,2023,race,american indian,0.0
Macon,2023,race,asian,237.0
Macon,2023,race,black,2246.0
Macon,2023,race,hispanic,402.0
Macon,2023,race,other,775.0
Macon,2023,race,white,6836.0
Macon,2024,race,american indian,0.0
Macon,2024,race,asian,272.0
Macon,2024,race,black,2023.0
Macon,2024,race,hispanic,403.0
Macon,2024,race,other,1143.0
Macon,2024,race,white,6817.0
Macoupin,2010,race,american indian,10.0
Macoupin,2010,race,asian,1.0
Macoupin,2010,race,black,12.0
Macoupin,2010,race,hispanic,56.0
Macoupin,2010,race,other,76.0
Macoupin,2010,race,white,5032.0
Macoupin,2011,race,american indian,7.0
Macoupin,2011,race,asian,1.0
Macoupin,2011,race,black,23.0
Macoupin,2011,race,hispanic,74.0
Macoupin,2011,race,other,138.0
Macoupin,2011,race,white,4896.0
Macoupin,2012,race,american indian,0.0
Macoupin,2012,race,asian,3.0
Macoupin,2012,race,black,15.0
Macoupin,2012,race,hispanic,73.0
Macoupin,2012,race,other,154.0
Macoupin,2012,race,white,4852.0
Macoupin,2013,race,american indian,0.0
Macoupin,2013,race,asian,7.0
Macoupin,2013,race,black,19.0
Macoupin,2013,race,hispanic,65.0
Macoupin,2013,race,other,159.0
Macoupin,2013,race,white,4917.0
Macoupin,2014,race,american indian,0.0
Macoupin,2014,race,asian,12.0
Macoupin,2014,race,black,9.0
Macoupin,2014,race,hispanic,61.0
Macoupin,2014,race,other,167.0
Macoupin,2014,race,white,4686.0
Macoupin,2015,race,american indian,1.0
Macoupin,2015,race,asian,25.0
Macoupin,2015,race,black,43.0
Macoupin,2015,race,hispanic,83.0
Macoupin,2015,race,other,208.0
Macoupin,2015,race,white,4688.0
Macoupin,2016,race,american indian,1.0
Macoupin,2016,race,asian,40.0
Macoupin,2016,race,black,25.0
Macoupin,2016,race,hispanic,93.0
Macoupin,2016,race,other,205.0
Macoupin,2016,race,white,4695.0
Macoupin,2017,race,american indian,1.0
Macoupin,2017,race,asian,35.0
Macoupin,2017,race,black,28.0
Macoupin,2017,race,hispanic,82.0
Macoupin,2017,race,other,193.0
Macoupin,2017,race,white,4565.0
Macoupin,2018,race,american indian,9.0
Macoupin,2018,race,asian,38.0
Macoupin,2018,race,black,56.0
Macoupin,2018,race,hispanic,119.0
Macoupin,2018,race,other,192.0
Macoupin,2018,race,white,4568.0
Macoupin,2019,race,american indian,11.0
Macoupin,2019,race,asian,37.0
Macoupin,2019,race,black,36.0
Macoupin,2019,race,hispanic,108.0
Macoupin,2019,race,other,191.0
Macoupin,2019,race,white,4464.0
Macoupin,2020,race,american indian,27.0
Macoupin,2020,race,asian,46.0
Macoupin,2020,race,black,11.0
Macoupin,2020,race,hispanic,80.0
Macoupin,2020,race,other,177.0
Macoupin,2020,race,white,4422.0
Macoupin,2021,race,american indian,12.0
Macoupin,2021,race,asian,22.0
Macoupin,2021,race,black,13.0
Macoupin,2021,race,hispanic,82.0
Macoupin,2021,race,other,136.0
Macoupin,2021,race,white,4361.0
Macoupin,2022,race,american indian,6.0
Macoupin,2022,race,asian,15.0
Macoupin,2022,race,black,21.0
Macoupin,2022,race,hispanic,109.0
Macoupin,2022,race,other,221.0
Macoupin,2022,race,white,4397.0
Macoupin,2023,race,american indian,0.0
Macoupin,2023,race,asian,0.0
Macoupin,2023,race,black,46.0
Macoupin,2023,race,hispanic,103.0
Macoupin,2023,race,other,242.0
Macoupin,2023,race,white,4127.0
Macoupin,2024,race,american indian,3.0
Macoupin,2024,race,asian,0.0
Macoupin,2024,race,black,98.0
Macoupin,2024,race,hispanic,80.0
Macoupin,2024,race,other,249.0
Macoupin,2024,race,white,4004.0
Madison,2010,race,american indian,52.0
Madison,2010,race,asian,121.0
Madison,2010,race,black,2769.0
Madison,2010,race,hispanic,1076.0
Madison,2010,race,other,1144.0
Madison,2010,race,white,23081.0
Madison,2011,race,american indian,48.0
Madison,2011,race,asian,142.0
Madison,2011,race,black,2751.0
Madison,2011,race,hispanic,990.0
Madison,2011,race,other,1120.0
Madison,2011,race,white,23110.0
Madison,2012,race,american indian,27.0
Madison,2012,race,asian,195.0
Madison,2012,race,black,2642.0
Madison,2012,race,hispanic,1083.0
Madison,2012,race,other,1347.0
Madison,2012,race,white,22936.0
Madison,2013,race,american indian,28.0
Madison,2013,race,asian,211.0
Madison,2013,race,black,2829.0
Madison,2013,race,hispanic,1172.0
Madison,2013,race,other,1172.0
Madison,2013,race,white,22929.0
Madison,2014,race,american indian,53.0
Madison,2014,race,asian,197.0
Madison,2014,race,black,2981.0
Madison,2014,race,hispanic,1195.0
Madison,2014,race,other,1324.0
Madison,2014,race,white,22619.0
Madison,2015,race,american indian,77.0
Madison,2015,race,asian,179.0
Madison,2015,race,black,3095.0
Madison,2015,race,hispanic,1211.0
Madison,2015,race,other,1512.0
Madison,2015,race,white,22633.0
Madison,2016,race,american indian,84.0
Madison,2016,race,asian,190.0
Madison,2016,race,black,2990.0
Madison,2016,race,hispanic,1230.0
Madison,2016,race,other,1468.0
Madison,2016,race,white,22275.0
Madison,2017,race,american indian,37.0
Madison,2017,race,asian,229.0
Madison,2017,race,black,3163.0
Madison,2017,race,hispanic,1245.0
Madison,2017,race,other,1399.0
Madison,2017,race,white,22305.0
Madison,2018,race,american indian,50.0
Madison,2018,race,asian,251.0
Madison,2018,race,black,2831.0
Madison,2018,race,hispanic,1345.0
Madison,2018,race,other,1767.0
Madison,2018,race,white,21919.0
Madison,2019,race,american indian,17.0
Madison,2019,race,asian,303.0
Madison,2019,race,black,2997.0
Madison,2019,race,hispanic,1365.0
Madison,2019,race,other,1633.0
Madison,2019,race,white,21798.0
Madison,2020,race,american indian,11.0
Madison,2020,race,asian,384.0
Madison,2020,race,black,2822.0
Madison,2020,race,hispanic,1284.0
Madison,2020,race,other,1629.0
Madison,2020,race,white,21725.0
Madison,2021,race,american indian,12.0
Madison,2021,race,asian,341.0
Madison,2021,race,black,2765.0
Madison,2021,race,hispanic,1303.0
Madison,2021,race,other,2003.0
Madison,2021,race,white,21942.0
Madison,2022,race,american indian,66.0
Madison,2022,race,asian,284.0
Madison,2022,race,black,2738.0
Madison,2022,race,hispanic,1349.0
Madison,2022,race,other,2375.0
Madison,2022,race,white,20729.0
Madison,2023,race,american indian,61.0
Madison,2023,race,asian,309.0
Madison,2023,race,black,2697.0
Madison,2023,race,hispanic,1603.0
Madison,2023,race,other,2827.0
Madison,2023,race,white,21140.0
Madison,2024,race,american indian,54.0
Madison,2024,race,asian,109.0
Madison,2024,race,black,2245.0
Madison,2024,race,hispanic,1669.0
Madison,2024,race,other,3769.0
Madison,2024,race,white,20595.0
Marion,2010,race,american indian,0.0
Marion,2010,race,asian,18.0
Marion,2010,race,black,104.0
Marion,2010,race,hispanic,44.0
Marion,2010,race,other,348.0
Marion,2010,race,white,4016.0
Marion,2011,race,american indian,0.0
Marion,2011,race,asian,17.0
Marion,2011,race,black,182.0
Marion,2011,race,hispanic,81.0
Marion,2011,race,other,312.0
Marion,2011,race,white,3787.0
Marion,2012,race,american indian,3.0
Marion,2012,race,asian,22.0
Marion,2012,race,black,195.0
Marion,2012,race,hispanic,80.0
Marion,2012,race,other,251.0
Marion,2012,race,white,3775.0
Marion,2013,race,american indian,3.0
Marion,2013,race,asian,35.0
Marion,2013,race,black,235.0
Marion,2013,race,hispanic,68.0
Marion,2013,race,other,206.0
Marion,2013,race,white,3533.0
Marion,2014,race,american indian,3.0
Marion,2014,race,asian,40.0
Marion,2014,race,black,161.0
Marion,2014,race,hispanic,63.0
Marion,2014,race,other,157.0
Marion,2014,race,white,3547.0
Marion,2015,race,american indian,9.0
Marion,2015,race,asian,58.0
Marion,2015,race,black,161.0
Marion,2015,race,hispanic,58.0
Marion,2015,race,other,172.0
Marion,2015,race,white,3383.0
Marion,2016,race,american indian,6.0
Marion,2016,race,asian,50.0
Marion,2016,race,black,112.0
Marion,2016,race,hispanic,56.0
Marion,2016,race,other,203.0
Marion,2016,race,white,3359.0
Marion,2017,race,american indian,0.0
Marion,2017,race,asian,30.0
Marion,2017,race,black,98.0
Marion,2017,race,hispanic,53.0
Marion,2017,race,other,241.0
Marion,2017,race,white,3366.0
Marion,2018,race,american indian,0.0
Marion,2018,race,asian,25.0
Marion,2018,race,black,114.0
Marion,2018,race,hispanic,63.0
Marion,2018,race,other,268.0
Marion,2018,race,white,3294.0
Marion,2019,race,american indian,0.0
Marion,2019,race,asian,25.0
Marion,2019,race,black,221.0
Marion,2019,race,hispanic,65.0
Marion,2019,race,other,252.0
Marion,2019,race,white,3177.0
Marion,2020,race,american indian,0.0
Marion,2020,race,asian,11.0
Marion,2020,race,black,192.0
Marion,2020,race,hispanic,76.0
Marion,2020,race,other,263.0
Marion,2020,race,white,3289.0
Marion,2021,race,american indian,0.0
Marion,2021,race,asian,41.0
Marion,2021,race,black,281.0
Marion,2021,race,hispanic,85.0
Marion,2021,race,other,245.0
Marion,2021,race,white,3328.0
Marion,2022,race,american indian,0.0
Marion,2022,race,asian,57.0
Marion,2022,race,black,309.0
Marion,2022,race,hispanic,117.0
Marion,2022,race,other,288.0
Marion,2022,race,white,3354.0
Marion,2023,race,american indian,0.0
Marion,2023,race,asian,43.0
Marion,2023,race,black,312.0
Marion,2023,race,hispanic,104.0
Marion,2023,race,other,293.0
Marion,2023,race,white,3567.0
Marion,2024,race,american indian,0.0
Marion,2024,race,asian,41.0
Marion,2024,race,black,173.0
Marion,2024,race,hispanic,108.0
Marion,2024,race,other,481.0
Marion,2024,race,white,3465.0
Marshall,2010,race,american indian,0.0
Marshall,2010,race,asian,42.0
Marshall,2010,race,black,0.0
Marshall,2010,race,hispanic,44.0
Marshall,2010,race,other,14.0
Marshall,2010,race,white,1326.0
Marshall,2011,race,american indian,0.0
Marshall,2011,race,asian,34.0
Marshall,2011,race,black,0.0
Marshall,2011,race,hispanic,57.0
Marshall,2011,race,other,24.0
Marshall,2011,race,white,1266.0
Marshall,2012,race,american indian,3.0
Marshall,2012,race,asian,35.0
Marshall,2012,race,black,0.0
Marshall,2012,race,hispanic,55.0
Marshall,2012,race,other,28.0
Marshall,2012,race,white,1227.0
Marshall,2013,race,american indian,7.0
Marshall,2013,race,asian,9.0
Marshall,2013,race,black,0.0
Marshall,2013,race,hispanic,56.0
Marshall,2013,race,other,35.0
Marshall,2013,race,white,1149.0
Marshall,2014,race,american indian,8.0
Marshall,2014,race,asian,12.0
Marshall,2014,race,black,0.0
Marshall,2014,race,hispanic,39.0
Marshall,2014,race,other,34.0
Marshall,2014,race,white,1100.0
Marshall,2015,race,american indian,5.0
Marshall,2015,race,asian,5.0
Marshall,2015,race,black,0.0
Marshall,2015,race,hispanic,42.0
Marshall,2015,race,other,28.0
Marshall,2015,race,white,1103.0
Marshall,2016,race,american indian,6.0
Marshall,2016,race,asian,12.0
Marshall,2016,race,black,0.0
Marshall,2016,race,hispanic,41.0
Marshall,2016,race,other,36.0
Marshall,2016,race,white,1079.0
Marshall,2017,race,american indian,0.0
Marshall,2017,race,asian,1.0
Marshall,2017,race,black,0.0
Marshall,2017,race,hispanic,69.0
Marshall,2017,race,other,35.0
Marshall,2017,race,white,1065.0
Marshall,2018,race,american indian,0.0
Marshall,2018,race,asian,2.0
Marshall,2018,race,black,0.0
Marshall,2018,race,hispanic,64.0
Marshall,2018,race,other,32.0
Marshall,2018,race,white,1142.0
Marshall,2019,race,american indian,0.0
Marshall,2019,race,asian,6.0
Marshall,2019,race,black,0.0
Marshall,2019,race,hispanic,62.0
Marshall,2019,race,other,95.0
Marshall,2019,race,white,1133.0
Marshall,2020,race,american indian,0.0
Marshall,2020,race,asian,4.0
Marshall,2020,race,black,0.0
Marshall,2020,race,hispanic,63.0
Marshall,2020,race,other,79.0
Marshall,2020,race,white,1103.0
Marshall,2021,race,american indian,0.0
Marshall,2021,race,asian,0.0
Marshall,2021,race,black,0.0
Marshall,2021,race,hispanic,76.0
Marshall,2021,race,other,90.0
Marshall,2021,race,white,1131.0
Marshall,2022,race,american indian,0.0
Marshall,2022,race,asian,0.0
Marshall,2022,race,black,0.0
Marshall,2022,race,hispanic,73.0
Marshall,2022,race,other,144.0
Marshall,2022,race,white,1039.0
Marshall,2023,race,american indian,0.0
Marshall,2023,race,asian,0.0
Marshall,2023,race,black,0.0
Marshall,2023,race,hispanic,78.0
Marshall,2023,race,other,158.0
Marshall,2023,race,white,989.0
Marshall,2024,race,american indian,0.0
Marshall,2024,race,asian,0.0
Marshall,2024,race,black,2.0
Marshall,2024,race,hispanic,83.0
Marshall,2024,race,other,146.0
Marshall,2024,race,white,987.0
Mason,2010,race,american indian,0.0
Mason,2010,race,asian,32.0
Mason,2010,race,black,0.0
Mason,2010,race,hispanic,18.0
Mason,2010,race,other,21.0
Mason,2010,race,white,1524.0
Mason,2011,race,american indian,0.0
Mason,2011,race,asian,0.0
Mason,2011,race,black,0.0
Mason,2011,race,hispanic,20.0
Mason,2011,race,other,28.0
Mason,2011,race,white,1493.0
Mason,2012,race,american indian,0.0
Mason,2012,race,asian,0.0
Mason,2012,race,black,0.0
Mason,2012,race,hispanic,39.0
Mason,2012,race,other,6.0
Mason,2012,race,white,1553.0
Mason,2013,race,american indian,0.0
Mason,2013,race,asian,0.0
Mason,2013,race,black,0.0
Mason,2013,race,hispanic,0.0
Mason,2013,race,other,45.0
Mason,2013,race,white,1499.0
Mason,2014,race,american indian,0.0
Mason,2014,race,asian,0.0
Mason,2014,race,black,0.0
Mason,2014,race,hispanic,0.0
Mason,2014,race,other,37.0
Mason,2014,race,white,1454.0
Mason,2015,race,american indian,0.0
Mason,2015,race,asian,0.0
Mason,2015,race,black,0.0
Mason,2015,race,hispanic,0.0
Mason,2015,race,other,128.0
Mason,2015,race,white,1458.0
Mason,2016,race,american indian,0.0
Mason,2016,race,asian,0.0
Mason,2016,race,black,0.0
Mason,2016,race,hispanic,0.0
Mason,2016,race,other,115.0
Mason,2016,race,white,1392.0
Mason,2017,race,american indian,0.0
Mason,2017,race,asian,0.0
Mason,2017,race,black,0.0
Mason,2017,race,hispanic,0.0
Mason,2017,race,other,114.0
Mason,2017,race,white,1354.0
Mason,2018,race,american indian,0.0
Mason,2018,race,asian,0.0
Mason,2018,race,black,0.0
Mason,2018,race,hispanic,15.0
Mason,2018,race,other,89.0
Mason,2018,race,white,1350.0
Mason,2019,race,american indian,0.0
Mason,2019,race,asian,0.0
Mason,2019,race,black,0.0
Mason,2019,race,hispanic,15.0
Mason,2019,race,other,59.0
Mason,2019,race,white,1343.0
Mason,2020,race,american indian,0.0
Mason,2020,race,asian,0.0
Mason,2020,race,black,0.0
Mason,2020,race,hispanic,15.0
Mason,2020,race,other,43.0
Mason,2020,race,white,1381.0
Mason,2021,race,american indian,0.0
Mason,2021,race,asian,0.0
Mason,2021,race,black,0.0
Mason,2021,race,hispanic,15.0
Mason,2021,race,other,45.0
Mason,2021,race,white,1410.0
Mason,2022,race,american indian,0.0
Mason,2022,race,asian,0.0
Mason,2022,race,black,0.0
Mason,2022,race,hispanic,9.0
Mason,2022,race,other,50.0
Mason,2022,race,white,1261.0
Mason,2023,race,american indian,5.0
Mason,2023,race,asian,0.0
Mason,2023,race,black,0.0
Mason,2023,race,hispanic,25.0
Mason,2023,race,other,60.0
Mason,2023,race,white,1291.0
Mason,2024,race,american indian,10.0
Mason,2024,race,asian,0.0
Mason,2024,race,black,0.0
Mason,2024,race,hispanic,45.0
Mason,2024,race,other,52.0
Mason,2024,race,white,1286.0
Massac,2010,race,american indian,0.0
Massac,2010,race,asian,0.0
Massac,2010,race,black,57.0
Massac,2010,race,hispanic,140.0
Massac,2010,race,other,132.0
Massac,2010,race,white,1576.0
Massac,2011,race,american indian,0.0
Massac,2011,race,asian,0.0
Massac,2011,race,black,66.0
Massac,2011,race,hispanic,77.0
Massac,2011,race,other,118.0
Massac,2011,race,white,1470.0
Massac,2012,race,american indian,0.0
Massac,2012,race,asian,6.0
Massac,2012,race,black,73.0
Massac,2012,race,hispanic,92.0
Massac,2012,race,other,92.0
Massac,2012,race,white,1550.0
Massac,2013,race,american indian,0.0
Massac,2013,race,asian,13.0
Massac,2013,race,black,98.0
Massac,2013,race,hispanic,26.0
Massac,2013,race,other,105.0
Massac,2013,race,white,1374.0
Massac,2014,race,american indian,0.0
Massac,2014,race,asian,11.0
Massac,2014,race,black,86.0
Massac,2014,race,hispanic,108.0
Massac,2014,race,other,111.0
Massac,2014,race,white,1426.0
Massac,2015,race,american indian,0.0
Massac,2015,race,asian,23.0
Massac,2015,race,black,64.0
Massac,2015,race,hispanic,90.0
Massac,2015,race,other,59.0
Massac,2015,race,white,1435.0
Massac,2016,race,american indian,0.0
Massac,2016,race,asian,14.0
Massac,2016,race,black,104.0
Massac,2016,race,hispanic,77.0
Massac,2016,race,other,34.0
Massac,2016,race,white,1344.0
Massac,2017,race,american indian,0.0
Massac,2017,race,asian,12.0
Massac,2017,race,black,18.0
Massac,2017,race,hispanic,50.0
Massac,2017,race,other,86.0
Massac,2017,race,white,1135.0
Massac,2018,race,american indian,0.0
Massac,2018,race,asian,6.0
Massac,2018,race,black,18.0
Massac,2018,race,hispanic,53.0
Massac,2018,race,other,104.0
Massac,2018,race,white,1100.0
Massac,2019,race,american indian,0.0
Massac,2019,race,asian,17.0
Massac,2019,race,black,41.0
Massac,2019,race,hispanic,39.0
Massac,2019,race,other,87.0
Massac,2019,race,white,1040.0
Massac,2020,race,american indian,0.0
Massac,2020,race,asian,14.0
Massac,2020,race,black,45.0
Massac,2020,race,hispanic,32.0
Massac,2020,race,other,141.0
Massac,2020,race,white,1008.0
Massac,2021,race,american indian,0.0
Massac,2021,race,asian,9.0
Massac,2021,race,black,48.0
Massac,2021,race,hispanic,64.0
Massac,2021,race,other,211.0
Massac,2021,race,white,1072.0
Massac,2022,race,american indian,0.0
Massac,2022,race,asian,15.0
Massac,2022,race,black,71.0
Massac,2022,race,hispanic,73.0
Massac,2022,race,other,200.0
Massac,2022,race,white,1186.0
Massac,2023,race,american indian,0.0
Massac,2023,race,asian,15.0
Massac,2023,race,black,105.0
Massac,2023,race,hispanic,73.0
Massac,2023,race,other,250.0
Massac,2023,race,white,1182.0
Massac,2024,race,american indian,0.0
Massac,2024,race,asian,0.0
Massac,2024,race,black,109.0
Massac,2024,race,hispanic,116.0
Massac,2024,race,other,307.0
Massac,2024,race,white,1204.0
McDonough,2010,race,american indian,0.0
McDonough,2010,race,asian,13.0
McDonough,2010,race,black,94.0
McDonough,2010,race,hispanic,120.0
McDonough,2010,race,other,115.0
McDonough,2010,race,white,2028.0
McDonough,2011,race,american indian,0.0
McDonough,2011,race,asian,15.0
McDonough,2011,race,black,36.0
McDonough,2011,race,hispanic,125.0
McDonough,2011,race,other,105.0
McDonough,2011,race,white,2019.0
McDonough,2012,race,american indian,0.0
McDonough,2012,race,asian,11.0
McDonough,2012,race,black,69.0
McDonough,2012,race,hispanic,132.0
McDonough,2012,race,other,81.0
McDonough,2012,race,white,1964.0
McDonough,2013,race,american indian,0.0
McDonough,2013,race,asian,2.0
McDonough,2013,race,black,128.0
McDonough,2013,race,hispanic,126.0
McDonough,2013,race,other,87.0
McDonough,2013,race,white,1950.0
McDonough,2014,race,american indian,0.0
McDonough,2014,race,asian,21.0
McDonough,2014,race,black,116.0
McDonough,2014,race,hispanic,137.0
McDonough,2014,race,other,128.0
McDonough,2014,race,white,1938.0
McDonough,2015,race,american indian,0.0
McDonough,2015,race,asian,36.0
McDonough,2015,race,black,103.0
McDonough,2015,race,hispanic,116.0
McDonough,2015,race,other,77.0
McDonough,2015,race,white,1983.0
McDonough,2016,race,american indian,0.0
McDonough,2016,race,asian,48.0
McDonough,2016,race,black,94.0
McDonough,2016,race,hispanic,131.0
McDonough,2016,race,other,138.0
McDonough,2016,race,white,2119.0
McDonough,2017,race,american indian,0.0
McDonough,2017,race,asian,99.0
McDonough,2017,race,black,60.0
McDonough,2017,race,hispanic,111.0
McDonough,2017,race,other,191.0
McDonough,2017,race,white,2259.0
McDonough,2018,race,american indian,0.0
McDonough,2018,race,asian,77.0
McDonough,2018,race,black,27.0
McDonough,2018,race,hispanic,124.0
McDonough,2018,race,other,115.0
McDonough,2018,race,white,2260.0
McDonough,2019,race,american indian,0.0
McDonough,2019,race,asian,51.0
McDonough,2019,race,black,51.0
McDonough,2019,race,hispanic,93.0
McDonough,2019,race,other,118.0
McDonough,2019,race,white,2313.0
McDonough,2020,race,american indian,1.0
McDonough,2020,race,asian,45.0
McDonough,2020,race,black,81.0
McDonough,2020,race,hispanic,100.0
McDonough,2020,race,other,124.0
McDonough,2020,race,white,2296.0
McDonough,2021,race,american indian,2.0
McDonough,2021,race,asian,49.0
McDonough,2021,race,black,141.0
McDonough,2021,race,hispanic,71.0
McDonough,2021,race,other,118.0
McDonough,2021,race,white,1980.0
McDonough,2022,race,american indian,2.0
McDonough,2022,race,asian,84.0
McDonough,2022,race,black,164.0
McDonough,2022,race,hispanic,92.0
McDonough,2022,race,other,137.0
McDonough,2022,race,white,1920.0
McDonough,2023,race,american indian,3.0
McDonough,2023,race,asian,8.0
McDonough,2023,race,black,229.0
McDonough,2023,race,hispanic,97.0
McDonough,2023,race,other,165.0
McDonough,2023,race,white,1884.0
McDonough,2024,race,american indian,1.0
McDonough,2024,race,asian,8.0
McDonough,2024,race,black,219.0
McDonough,2024,race,hispanic,84.0
McDonough,2024,race,other,160.0
McDonough,2024,race,white,1879.0
McHenry,2010,race,american indian,87.0
McHenry,2010,race,asian,868.0
McHenry,2010,race,black,605.0
McHenry,2010,race,hispanic,4892.0
McHenry,2010,race,other,2682.0
McHenry,2010,race,white,35791.0
McHenry,2011,race,american indian,77.0
McHenry,2011,race,asian,878.0
McHenry,2011,race,black,666.0
McHenry,2011,race,hispanic,5288.0
McHenry,2011,race,other,2816.0
McHenry,2011,race,white,35645.0
McHenry,2012,race,american indian,66.0
McHenry,2012,race,asian,926.0
McHenry,2012,race,black,680.0
McHenry,2012,race,hispanic,5743.0
McHenry,2012,race,other,2689.0
McHenry,2012,race,white,35651.0
McHenry,2013,race,american indian,63.0
McHenry,2013,race,asian,1018.0
McHenry,2013,race,black,625.0
McHenry,2013,race,hispanic,6135.0
McHenry,2013,race,other,2547.0
McHenry,2013,race,white,35978.0
McHenry,2014,race,american indian,57.0
McHenry,2014,race,asian,1085.0
McHenry,2014,race,black,658.0
McHenry,2014,race,hispanic,6069.0
McHenry,2014,race,other,2514.0
McHenry,2014,race,white,35073.0
McHenry,2015,race,american indian,13.0
McHenry,2015,race,asian,1107.0
McHenry,2015,race,black,667.0
McHenry,2015,race,hispanic,6314.0
McHenry,2015,race,other,2196.0
McHenry,2015,race,white,34854.0
McHenry,2016,race,american indian,2.0
McHenry,2016,race,asian,1275.0
McHenry,2016,race,black,624.0
McHenry,2016,race,hispanic,6516.0
McHenry,2016,race,other,1684.0
McHenry,2016,race,white,35049.0
McHenry,2017,race,american indian,36.0
McHenry,2017,race,asian,1057.0
McHenry,2017,race,black,564.0
McHenry,2017,race,hispanic,6578.0
McHenry,2017,race,other,1690.0
McHenry,2017,race,white,34473.0
McHenry,2018,race,american indian,30.0
McHenry,2018,race,asian,1087.0
McHenry,2018,race,black,596.0
McHenry,2018,race,hispanic,6489.0
McHenry,2018,race,other,1736.0
McHenry,2018,race,white,33688.0
McHenry,2019,race,american indian,38.0
McHenry,2019,race,asian,1165.0
McHenry,2019,race,black,581.0
McHenry,2019,race,hispanic,6569.0
McHenry,2019,race,other,1620.0
McHenry,2019,race,white,32786.0
McHenry,2020,race,american indian,44.0
McHenry,2020,race,asian,991.0
McHenry,2020,race,black,628.0
McHenry,2020,race,hispanic,7025.0
McHenry,2020,race,other,2839.0
McHenry,2020,race,white,31462.0
McHenry,2021,race,american indian,107.0
McHenry,2021,race,asian,983.0
McHenry,2021,race,black,662.0
McHenry,2021,race,hispanic,7181.0
McHenry,2021,race,other,3721.0
McHenry,2021,race,white,31051.0
McHenry,2022,race,american indian,101.0
McHenry,2022,race,asian,1004.0
McHenry,2022,race,black,671.0
McHenry,2022,race,hispanic,7564.0
McHenry,2022,race,other,5340.0
McHenry,2022,race,white,28894.0
McHenry,2023,race,american indian,171.0
McHenry,2023,race,asian,968.0
McHenry,2023,race,black,675.0
McHenry,2023,race,hispanic,8617.0
McHenry,2023,race,other,7357.0
McHenry,2023,race,white,26715.0
McHenry,2024,race,american indian,209.0
McHenry,2024,race,asian,956.0
McHenry,2024,race,black,560.0
McHenry,2024,race,hispanic,8743.0
McHenry,2024,race,other,9133.0
McHenry,2024,race,white,24831.0
McLean,2010,race,american indian,19.0
McLean,2010,race,asian,447.0
McLean,2010,race,black,1990.0
McLean,2010,race,hispanic,837.0
McLean,2010,race,other,900.0
McLean,2010,race,white,12990.0
McLean,2011,race,american indian,48.0
McLean,2011,race,asian,452.0
McLean,2011,race,black,2169.0
McLean,2011,race,hispanic,957.0
McLean,2011,race,other,780.0
McLean,2011,race,white,13199.0
McLean,2012,race,american indian,49.0
McLean,2012,race,asian,415.0
McLean,2012,race,black,2098.0
McLean,2012,race,hispanic,940.0
McLean,2012,race,other,917.0
McLean,2012,race,white,13056.0
McLean,2013,race,american indian,61.0
McLean,2013,race,asian,412.0
McLean,2013,race,black,2041.0
McLean,2013,race,hispanic,1008.0
McLean,2013,race,other,946.0
McLean,2013,race,white,13105.0
McLean,2014,race,american indian,70.0
McLean,2014,race,asian,491.0
McLean,2014,race,black,2155.0
McLean,2014,race,hispanic,1126.0
McLean,2014,race,other,1052.0
McLean,2014,race,white,13175.0
McLean,2015,race,american indian,64.0
McLean,2015,race,asian,524.0
McLean,2015,race,black,1974.0
McLean,2015,race,hispanic,1192.0
McLean,2015,race,other,1062.0
McLean,2015,race,white,13233.0
McLean,2016,race,american indian,29.0
McLean,2016,race,asian,609.0
McLean,2016,race,black,1905.0
McLean,2016,race,hispanic,1171.0
McLean,2016,race,other,947.0
McLean,2016,race,white,12848.0
McLean,2017,race,american indian,42.0
McLean,2017,race,asian,709.0
McLean,2017,race,black,1950.0
McLean,2017,race,hispanic,1189.0
McLean,2017,race,other,997.0
McLean,2017,race,white,12853.0
McLean,2018,race,american indian,15.0
McLean,2018,race,asian,766.0
McLean,2018,race,black,2023.0
McLean,2018,race,hispanic,1202.0
McLean,2018,race,other,974.0
McLean,2018,race,white,12502.0
McLean,2019,race,american indian,13.0
McLean,2019,race,asian,836.0
McLean,2019,race,black,1831.0
McLean,2019,race,hispanic,1122.0
McLean,2019,race,other,936.0
McLean,2019,race,white,12482.0
McLean,2020,race,american indian,28.0
McLean,2020,race,asian,1014.0
McLean,2020,race,black,1722.0
McLean,2020,race,hispanic,1225.0
McLean,2020,race,other,1338.0
McLean,2020,race,white,12406.0
McLean,2021,race,american indian,22.0
McLean,2021,race,asian,1042.0
McLean,2021,race,black,1851.0
McLean,2021,race,hispanic,1329.0
McLean,2021,race,other,1704.0
McLean,2021,race,white,12595.0
McLean,2022,race,american indian,13.0
McLean,2022,race,asian,1007.0
McLean,2022,race,black,1793.0
McLean,2022,race,hispanic,1460.0
McLean,2022,race,other,1923.0
McLean,2022,race,white,12510.0
McLean,2023,race,american indian,41.0
McLean,2023,race,asian,957.0
McLean,2023,race,black,1759.0
McLean,2023,race,hispanic,1835.0
McLean,2023,race,other,2656.0
McLean,2023,race,white,12370.0
McLean,2024,race,american indian,51.0
McLean,2024,race,asian,998.0
McLean,2024,race,black,1836.0
McLean,2024,race,hispanic,1927.0
McLean,2024,race,other,2830.0
McLean,2024,race,white,12217.0
Menard,2010,race,american indian,0.0
Menard,2010,race,asian,0.0
Menard,2010,race,black,6.0
Menard,2010,race,hispanic,13.0
Menard,2010,race,other,0.0
Menard,2010,race,white,1566.0
Menard,2011,race,american indian,0.0
Menard,2011,race,asian,0.0
Menard,2011,race,black,13.0
Menard,2011,race,hispanic,15.0
Menard,2011,race,other,6.0
Menard,2011,race,white,1537.0
Menard,2012,race,american indian,0.0
Menard,2012,race,asian,0.0
Menard,2012,race,black,18.0
Menard,2012,race,hispanic,25.0
Menard,2012,race,other,22.0
Menard,2012,race,white,1428.0
Menard,2013,race,american indian,0.0
Menard,2013,race,asian,0.0
Menard,2013,race,black,5.0
Menard,2013,race,hispanic,35.0
Menard,2013,race,other,36.0
Menard,2013,race,white,1451.0
Menard,2014,race,american indian,0.0
Menard,2014,race,asian,0.0
Menard,2014,race,black,7.0
Menard,2014,race,hispanic,59.0
Menard,2014,race,other,34.0
Menard,2014,race,white,1442.0
Menard,2015,race,american indian,0.0
Menard,2015,race,asian,0.0
Menard,2015,race,black,4.0
Menard,2015,race,hispanic,51.0
Menard,2015,race,other,38.0
Menard,2015,race,white,1344.0
Menard,2016,race,american indian,0.0
Menard,2016,race,asian,0.0
Menard,2016,race,black,13.0
Menard,2016,race,hispanic,59.0
Menard,2016,race,other,19.0
Menard,2016,race,white,1347.0
Menard,2017,race,american indian,0.0
Menard,2017,race,asian,0.0
Menard,2017,race,black,17.0
Menard,2017,race,hispanic,48.0
Menard,2017,race,other,28.0
Menard,2017,race,white,1268.0
Menard,2018,race,american indian,0.0
Menard,2018,race,asian,0.0
Menard,2018,race,black,8.0
Menard,2018,race,hispanic,47.0
Menard,2018,race,other,11.0
Menard,2018,race,white,1225.0
Menard,2019,race,american indian,0.0
Menard,2019,race,asian,0.0
Menard,2019,race,black,4.0
Menard,2019,race,hispanic,37.0
Menard,2019,race,other,26.0
Menard,2019,race,white,1134.0
Menard,2020,race,american indian,0.0
Menard,2020,race,asian,0.0
Menard,2020,race,black,51.0
Menard,2020,race,hispanic,41.0
Menard,2020,race,other,28.0
Menard,2020,race,white,1113.0
Menard,2021,race,american indian,0.0
Menard,2021,race,asian,6.0
Menard,2021,race,black,67.0
Menard,2021,race,hispanic,31.0
Menard,2021,race,other,41.0
Menard,2021,race,white,1086.0
Menard,2022,race,american indian,0.0
Menard,2022,race,asian,5.0
Menard,2022,race,black,61.0
Menard,2022,race,hispanic,24.0
Menard,2022,race,other,79.0
Menard,2022,race,white,1100.0
Menard,2023,race,american indian,0.0
Menard,2023,race,asian,6.0
Menard,2023,race,black,25.0
Menard,2023,race,hispanic,24.0
Menard,2023,race,other,51.0
Menard,2023,race,white,1079.0
Menard,2024,race,american indian,0.0
Menard,2024,race,asian,5.0
Menard,2024,race,black,24.0
Menard,2024,race,hispanic,38.0
Menard,2024,race,other,80.0
Menard,2024,race,white,1083.0
Mercer,2010,race,american indian,2.0
Mercer,2010,race,asian,2.0
Mercer,2010,race,black,14.0
Mercer,2010,race,hispanic,36.0
Mercer,2010,race,other,43.0
Mercer,2010,race,white,1648.0
Mercer,2011,race,american indian,4.0
Mercer,2011,race,asian,3.0
Mercer,2011,race,black,15.0
Mercer,2011,race,hispanic,36.0
Mercer,2011,race,other,51.0
Mercer,2011,race,white,1678.0
Mercer,2012,race,american indian,3.0
Mercer,2012,race,asian,5.0
Mercer,2012,race,black,22.0
Mercer,2012,race,hispanic,43.0
Mercer,2012,race,other,51.0
Mercer,2012,race,white,1722.0
Mercer,2013,race,american indian,3.0
Mercer,2013,race,asian,7.0
Mercer,2013,race,black,2.0
Mercer,2013,race,hispanic,41.0
Mercer,2013,race,other,71.0
Mercer,2013,race,white,1712.0
Mercer,2014,race,american indian,1.0
Mercer,2014,race,asian,3.0
Mercer,2014,race,black,2.0
Mercer,2014,race,hispanic,43.0
Mercer,2014,race,other,69.0
Mercer,2014,race,white,1720.0
Mercer,2015,race,american indian,1.0
Mercer,2015,race,asian,5.0
Mercer,2015,race,black,6.0
Mercer,2015,race,hispanic,52.0
Mercer,2015,race,other,72.0
Mercer,2015,race,white,1674.0
Mercer,2016,race,american indian,1.0
Mercer,2016,race,asian,8.0
Mercer,2016,race,black,6.0
Mercer,2016,race,hispanic,66.0
Mercer,2016,race,other,63.0
Mercer,2016,race,white,1642.0
Mercer,2017,race,american indian,1.0
Mercer,2017,race,asian,8.0
Mercer,2017,race,black,5.0
Mercer,2017,race,hispanic,79.0
Mercer,2017,race,other,89.0
Mercer,2017,race,white,1582.0
Mercer,2018,race,american indian,1.0
Mercer,2018,race,asian,9.0
Mercer,2018,race,black,5.0
Mercer,2018,race,hispanic,85.0
Mercer,2018,race,other,79.0
Mercer,2018,race,white,1501.0
Mercer,2019,race,american indian,1.0
Mercer,2019,race,asian,6.0
Mercer,2019,race,black,8.0
Mercer,2019,race,hispanic,75.0
Mercer,2019,race,other,59.0
Mercer,2019,race,white,1535.0
Mercer,2020,race,american indian,2.0
Mercer,2020,race,asian,4.0
Mercer,2020,race,black,0.0
Mercer,2020,race,hispanic,71.0
Mercer,2020,race,other,78.0
Mercer,2020,race,white,1558.0
Mercer,2021,race,american indian,0.0
Mercer,2021,race,asian,5.0
Mercer,2021,race,black,0.0
Mercer,2021,race,hispanic,74.0
Mercer,2021,race,other,127.0
Mercer,2021,race,white,1601.0
Mercer,2022,race,american indian,0.0
Mercer,2022,race,asian,6.0
Mercer,2022,race,black,0.0
Mercer,2022,race,hispanic,74.0
Mercer,2022,race,other,138.0
Mercer,2022,race,white,1556.0
Mercer,2023,race,american indian,0.0
Mercer,2023,race,asian,4.0
Mercer,2023,race,black,0.0
Mercer,2023,race,hispanic,103.0
Mercer,2023,race,other,163.0
Mercer,2023,race,white,1615.0
Mercer,2024,race,american indian,0.0
Mercer,2024,race,asian,0.0
Mercer,2024,race,black,0.0
Mercer,2024,race,hispanic,99.0
Mercer,2024,race,other,123.0
Mercer,2024,race,white,1602.0
Monroe,2010,race,american indian,3.0
Monroe,2010,race,asian,11.0
Monroe,2010,race,black,0.0
Monroe,2010,race,hispanic,50.0
Monroe,2010,race,other,56.0
Monroe,2010,race,white,3910.0
Monroe,2011,race,american indian,6.0
Monroe,2011,race,asian,16.0
Monroe,2011,race,black,0.0
Monroe,2011,race,hispanic,60.0
Monroe,2011,race,other,85.0
Monroe,2011,race,white,3999.0
Monroe,2012,race,american indian,7.0
Monroe,2012,race,asian,35.0
Monroe,2012,race,black,0.0
Monroe,2012,race,hispanic,111.0
Monroe,2012,race,other,58.0
Monroe,2012,race,white,4051.0
Monroe,2013,race,american indian,0.0
Monroe,2013,race,asian,45.0
Monroe,2013,race,black,0.0
Monroe,2013,race,hispanic,124.0
Monroe,2013,race,other,56.0
Monroe,2013,race,white,4065.0
Monroe,2014,race,american indian,0.0
Monroe,2014,race,asian,67.0
Monroe,2014,race,black,0.0
Monroe,2014,race,hispanic,93.0
Monroe,2014,race,other,54.0
Monroe,2014,race,white,4134.0
Monroe,2015,race,american indian,0.0
Monroe,2015,race,asian,110.0
Monroe,2015,race,black,0.0
Monroe,2015,race,hispanic,150.0
Monroe,2015,race,other,32.0
Monroe,2015,race,white,4104.0
Monroe,2016,race,american indian,0.0
Monroe,2016,race,asian,109.0
Monroe,2016,race,black,0.0
Monroe,2016,race,hispanic,136.0
Monroe,2016,race,other,61.0
Monroe,2016,race,white,4029.0
Monroe,2017,race,american indian,0.0
Monroe,2017,race,asian,48.0
Monroe,2017,race,black,0.0
Monroe,2017,race,hispanic,113.0
Monroe,2017,race,other,39.0
Monroe,2017,race,white,3989.0
Monroe,2018,race,american indian,0.0
Monroe,2018,race,asian,46.0
Monroe,2018,race,black,0.0
Monroe,2018,race,hispanic,92.0
Monroe,2018,race,other,79.0
Monroe,2018,race,white,3873.0
Monroe,2019,race,american indian,0.0
Monroe,2019,race,asian,39.0
Monroe,2019,race,black,0.0
Monroe,2019,race,hispanic,96.0
Monroe,2019,race,other,108.0
Monroe,2019,race,white,3631.0
Monroe,2020,race,american indian,26.0
Monroe,2020,race,asian,22.0
Monroe,2020,race,black,0.0
Monroe,2020,race,hispanic,70.0
Monroe,2020,race,other,72.0
Monroe,2020,race,white,3729.0
Monroe,2021,race,american indian,51.0
Monroe,2021,race,asian,21.0
Monroe,2021,race,black,0.0
Monroe,2021,race,hispanic,61.0
Monroe,2021,race,other,118.0
Monroe,2021,race,white,3719.0
Monroe,2022,race,american indian,30.0
Monroe,2022,race,asian,0.0
Monroe,2022,race,black,99.0
Monroe,2022,race,hispanic,68.0
Monroe,2022,race,other,120.0
Monroe,2022,race,white,3624.0
Monroe,2023,race,american indian,21.0
Monroe,2023,race,asian,0.0
Monroe,2023,race,black,94.0
Monroe,2023,race,hispanic,62.0
Monroe,2023,race,other,143.0
Monroe,2023,race,white,3537.0
Monroe,2024,race,american indian,18.0
Monroe,2024,race,asian,37.0
Monroe,2024,race,black,63.0
Monroe,2024,race,hispanic,72.0
Monroe,2024,race,other,138.0
Monroe,2024,race,white,3590.0
Montgomery,2010,race,american indian,0.0
Montgomery,2010,race,asian,0.0
Montgomery,2010,race,black,2.0
Montgomery,2010,race,hispanic,47.0
Montgomery,2010,race,other,44.0
Montgomery,2010,race,white,3019.0
Montgomery,2011,race,american indian,0.0
Montgomery,2011,race,asian,12.0
Montgomery,2011,race,black,2.0
Montgomery,2011,race,hispanic,52.0
Montgomery,2011,race,other,57.0
Montgomery,2011,race,white,3016.0
Montgomery,2012,race,american indian,0.0
Montgomery,2012,race,asian,14.0
Montgomery,2012,race,black,2.0
Montgomery,2012,race,hispanic,11.0
Montgomery,2012,race,other,25.0
Montgomery,2012,race,white,2860.0
Montgomery,2013,race,american indian,0.0
Montgomery,2013,race,asian,13.0
Montgomery,2013,race,black,11.0
Montgomery,2013,race,hispanic,83.0
Montgomery,2013,race,other,66.0
Montgomery,2013,race,white,2936.0
Montgomery,2014,race,american indian,0.0
Montgomery,2014,race,asian,13.0
Montgomery,2014,race,black,31.0
Montgomery,2014,race,hispanic,7.0
Montgomery,2014,race,other,42.0
Montgomery,2014,race,white,2747.0
Montgomery,2015,race,american indian,0.0
Montgomery,2015,race,asian,13.0
Montgomery,2015,race,black,52.0
Montgomery,2015,race,hispanic,55.0
Montgomery,2015,race,other,65.0
Montgomery,2015,race,white,2617.0
Montgomery,2016,race,american indian,0.0
Montgomery,2016,race,asian,0.0
Montgomery,2016,race,black,61.0
Montgomery,2016,race,hispanic,15.0
Montgomery,2016,race,other,89.0
Montgomery,2016,race,white,2535.0
Montgomery,2017,race,american indian,0.0
Montgomery,2017,race,asian,0.0
Montgomery,2017,race,black,54.0
Montgomery,2017,race,hispanic,23.0
Montgomery,2017,race,other,116.0
Montgomery,2017,race,white,2447.0
Montgomery,2018,race,american indian,0.0
Montgomery,2018,race,asian,0.0
Montgomery,2018,race,black,51.0
Montgomery,2018,race,hispanic,21.0
Montgomery,2018,race,other,88.0
Montgomery,2018,race,white,2430.0
Montgomery,2019,race,american indian,0.0
Montgomery,2019,race,asian,0.0
Montgomery,2019,race,black,10.0
Montgomery,2019,race,hispanic,37.0
Montgomery,2019,race,other,69.0
Montgomery,2019,race,white,2477.0
Montgomery,2020,race,american indian,0.0
Montgomery,2020,race,asian,0.0
Montgomery,2020,race,black,7.0
Montgomery,2020,race,hispanic,4.0
Montgomery,2020,race,other,141.0
Montgomery,2020,race,white,2495.0
Montgomery,2021,race,american indian,0.0
Montgomery,2021,race,asian,0.0
Montgomery,2021,race,black,26.0
Montgomery,2021,race,hispanic,6.0
Montgomery,2021,race,other,105.0
Montgomery,2021,race,white,2552.0
Montgomery,2022,race,american indian,0.0
Montgomery,2022,race,asian,0.0
Montgomery,2022,race,black,41.0
Montgomery,2022,race,hispanic,7.0
Montgomery,2022,race,other,128.0
Montgomery,2022,race,white,2439.0
Montgomery,2023,race,american indian,0.0
Montgomery,2023,race,asian,0.0
Montgomery,2023,race,black,24.0
Montgomery,2023,race,hispanic,19.0
Montgomery,2023,race,other,144.0
Montgomery,2023,race,white,2431.0
Montgomery,2024,race,american indian,0.0
Montgomery,2024,race,asian,0.0
Montgomery,2024,race,black,57.0
Montgomery,2024,race,hispanic,42.0
Montgomery,2024,race,other,144.0
Montgomery,2024,race,white,2431.0
Morgan,2010,race,american indian,31.0
Morgan,2010,race,asian,0.0
Morgan,2010,race,black,246.0
Morgan,2010,race,hispanic,158.0
Morgan,2010,race,other,115.0
Morgan,2010,race,white,3507.0
Morgan,2011,race,american indian,27.0
Morgan,2011,race,asian,7.0
Morgan,2011,race,black,205.0
Morgan,2011,race,hispanic,124.0
Morgan,2011,race,other,164.0
Morgan,2011,race,white,3372.0
Morgan,2012,race,american indian,0.0
Morgan,2012,race,asian,7.0
Morgan,2012,race,black,187.0
Morgan,2012,race,hispanic,107.0
Morgan,2012,race,other,181.0
Morgan,2012,race,white,3264.0
Morgan,2013,race,american indian,0.0
Morgan,2013,race,asian,10.0
Morgan,2013,race,black,230.0
Morgan,2013,race,hispanic,109.0
Morgan,2013,race,other,181.0
Morgan,2013,race,white,3103.0
Morgan,2014,race,american indian,0.0
Morgan,2014,race,asian,13.0
Morgan,2014,race,black,210.0
Morgan,2014,race,hispanic,90.0
Morgan,2014,race,other,213.0
Morgan,2014,race,white,3061.0
Morgan,2015,race,american indian,0.0
Morgan,2015,race,asian,20.0
Morgan,2015,race,black,233.0
Morgan,2015,race,hispanic,116.0
Morgan,2015,race,other,178.0
Morgan,2015,race,white,3109.0
Morgan,2016,race,american indian,0.0
Morgan,2016,race,asian,22.0
Morgan,2016,race,black,205.0
Morgan,2016,race,hispanic,79.0
Morgan,2016,race,other,202.0
Morgan,2016,race,white,2841.0
Morgan,2017,race,american indian,8.0
Morgan,2017,race,asian,14.0
Morgan,2017,race,black,215.0
Morgan,2017,race,hispanic,90.0
Morgan,2017,race,other,230.0
Morgan,2017,race,white,2725.0
Morgan,2018,race,american indian,7.0
Morgan,2018,race,asian,14.0
Morgan,2018,race,black,122.0
Morgan,2018,race,hispanic,40.0
Morgan,2018,race,other,181.0
Morgan,2018,race,white,2687.0
Morgan,2019,race,american indian,21.0
Morgan,2019,race,asian,0.0
Morgan,2019,race,black,105.0
Morgan,2019,race,hispanic,4.0
Morgan,2019,race,other,141.0
Morgan,2019,race,white,2473.0
Morgan,2020,race,american indian,28.0
Morgan,2020,race,asian,44.0
Morgan,2020,race,black,129.0
Morgan,2020,race,hispanic,19.0
Morgan,2020,race,other,222.0
Morgan,2020,race,white,2378.0
Morgan,2021,race,american indian,27.0
Morgan,2021,race,asian,26.0
Morgan,2021,race,black,109.0
Morgan,2021,race,hispanic,14.0
Morgan,2021,race,other,228.0
Morgan,2021,race,white,2431.0
Morgan,2022,race,american indian,12.0
Morgan,2022,race,asian,43.0
Morgan,2022,race,black,51.0
Morgan,2022,race,hispanic,33.0
Morgan,2022,race,other,295.0
Morgan,2022,race,white,2620.0
Morgan,2023,race,american indian,14.0
Morgan,2023,race,asian,39.0
Morgan,2023,race,black,74.0
Morgan,2023,race,hispanic,61.0
Morgan,2023,race,other,294.0
Morgan,2023,race,white,2585.0
Morgan,2024,race,american indian,6.0
Morgan,2024,race,asian,38.0
Morgan,2024,race,black,69.0
Morgan,2024,race,hispanic,64.0
Morgan,2024,race,other,361.0
Morgan,2024,race,white,2602.0
Moultrie,2010,race,american indian,0.0
Moultrie,2010,race,asian,0.0
Moultrie,2010,race,black,0.0
Moultrie,2010,race,hispanic,56.0
Moultrie,2010,race,other,73.0
Moultrie,2010,race,white,1583.0
Moultrie,2011,race,american indian,0.0
Moultrie,2011,race,asian,0.0
Moultrie,2011,race,black,0.0
Moultrie,2011,race,hispanic,25.0
Moultrie,2011,race,other,71.0
Moultrie,2011,race,white,1585.0
Moultrie,2012,race,american indian,0.0
Moultrie,2012,race,asian,0.0
Moultrie,2012,race,black,0.0
Moultrie,2012,race,hispanic,50.0
Moultrie,2012,race,other,68.0
Moultrie,2012,race,white,1557.0
Moultrie,2013,race,american indian,0.0
Moultrie,2013,race,asian,0.0
Moultrie,2013,race,black,0.0
Moultrie,2013,race,hispanic,52.0
Moultrie,2013,race,other,70.0
Moultrie,2013,race,white,1651.0
Moultrie,2014,race,american indian,0.0
Moultrie,2014,race,asian,0.0
Moultrie,2014,race,black,0.0
Moultrie,2014,race,hispanic,41.0
Moultrie,2014,race,other,57.0
Moultrie,2014,race,white,1745.0
Moultrie,2015,race,american indian,0.0
Moultrie,2015,race,asian,0.0
Moultrie,2015,race,black,0.0
Moultrie,2015,race,hispanic,26.0
Moultrie,2015,race,other,64.0
Moultrie,2015,race,white,1662.0
Moultrie,2016,race,american indian,0.0
Moultrie,2016,race,asian,0.0
Moultrie,2016,race,black,0.0
Moultrie,2016,race,hispanic,21.0
Moultrie,2016,race,other,16.0
Moultrie,2016,race,white,1662.0
Moultrie,2017,race,american indian,2.0
Moultrie,2017,race,asian,0.0
Moultrie,2017,race,black,0.0
Moultrie,2017,race,hispanic,42.0
Moultrie,2017,race,other,23.0
Moultrie,2017,race,white,1716.0
Moultrie,2018,race,american indian,1.0
Moultrie,2018,race,asian,0.0
Moultrie,2018,race,black,0.0
Moultrie,2018,race,hispanic,56.0
Moultrie,2018,race,other,27.0
Moultrie,2018,race,white,1687.0
Moultrie,2019,race,american indian,2.0
Moultrie,2019,race,asian,0.0
Moultrie,2019,race,black,0.0
Moultrie,2019,race,hispanic,53.0
Moultrie,2019,race,other,16.0
Moultrie,2019,race,white,1637.0
Moultrie,2020,race,american indian,2.0
Moultrie,2020,race,asian,0.0
Moultrie,2020,race,black,3.0
Moultrie,2020,race,hispanic,76.0
Moultrie,2020,race,other,44.0
Moultrie,2020,race,white,1679.0
Moultrie,2021,race,american indian,1.0
Moultrie,2021,race,asian,0.0
Moultrie,2021,race,black,9.0
Moultrie,2021,race,hispanic,84.0
Moultrie,2021,race,other,93.0
Moultrie,2021,race,white,1697.0
Moultrie,2022,race,american indian,0.0
Moultrie,2022,race,asian,0.0
Moultrie,2022,race,black,12.0
Moultrie,2022,race,hispanic,99.0
Moultrie,2022,race,other,111.0
Moultrie,2022,race,white,1665.0
Moultrie,2023,race,american indian,0.0
Moultrie,2023,race,asian,0.0
Moultrie,2023,race,black,12.0
Moultrie,2023,race,hispanic,102.0
Moultrie,2023,race,other,128.0
Moultrie,2023,race,white,1617.0
Moultrie,2024,race,american indian,0.0
Moultrie,2024,race,asian,0.0
Moultrie,2024,race,black,11.0
Moultrie,2024,race,hispanic,102.0
Moultrie,2024,race,other,145.0
Moultrie,2024,race,white,1576.0
Ogle,2010,race,american indian,5.0
Ogle,2010,race,asian,43.0
Ogle,2010,race,black,85.0
Ogle,2010,race,hispanic,747.0
Ogle,2010,race,other,377.0
Ogle,2010,race,white,6347.0
Ogle,2011,race,american indian,4.0
Ogle,2011,race,asian,66.0
Ogle,2011,race,black,78.0
Ogle,2011,race,hispanic,756.0
Ogle,2011,race,other,296.0
Ogle,2011,race,white,6317.0
Ogle,2012,race,american indian,6.0
Ogle,2012,race,asian,73.0
Ogle,2012,race,black,87.0
Ogle,2012,race,hispanic,750.0
Ogle,2012,race,other,247.0
Ogle,2012,race,white,6202.0
Ogle,2013,race,american indian,6.0
Ogle,2013,race,asian,62.0
Ogle,2013,race,black,71.0
Ogle,2013,race,hispanic,739.0
Ogle,2013,race,other,279.0
Ogle,2013,race,white,6051.0
Ogle,2014,race,american indian,7.0
Ogle,2014,race,asian,22.0
Ogle,2014,race,black,77.0
Ogle,2014,race,hispanic,825.0
Ogle,2014,race,other,388.0
Ogle,2014,race,white,5746.0
Ogle,2015,race,american indian,0.0
Ogle,2015,race,asian,11.0
Ogle,2015,race,black,89.0
Ogle,2015,race,hispanic,882.0
Ogle,2015,race,other,326.0
Ogle,2015,race,white,5576.0
Ogle,2016,race,american indian,0.0
Ogle,2016,race,asian,7.0
Ogle,2016,race,black,92.0
Ogle,2016,race,hispanic,911.0
Ogle,2016,race,other,364.0
Ogle,2016,race,white,5360.0
Ogle,2017,race,american indian,0.0
Ogle,2017,race,asian,18.0
Ogle,2017,race,black,104.0
Ogle,2017,race,hispanic,929.0
Ogle,2017,race,other,274.0
Ogle,2017,race,white,5366.0
Ogle,2018,race,american indian,21.0
Ogle,2018,race,asian,28.0
Ogle,2018,race,black,114.0
Ogle,2018,race,hispanic,982.0
Ogle,2018,race,other,283.0
Ogle,2018,race,white,5477.0
Ogle,2019,race,american indian,13.0
Ogle,2019,race,asian,64.0
Ogle,2019,race,black,128.0
Ogle,2019,race,hispanic,880.0
Ogle,2019,race,other,202.0
Ogle,2019,race,white,5361.0
Ogle,2020,race,american indian,11.0
Ogle,2020,race,asian,48.0
Ogle,2020,race,black,110.0
Ogle,2020,race,hispanic,820.0
Ogle,2020,race,other,340.0
Ogle,2020,race,white,5225.0
Ogle,2021,race,american indian,24.0
Ogle,2021,race,asian,49.0
Ogle,2021,race,black,150.0
Ogle,2021,race,hispanic,909.0
Ogle,2021,race,other,501.0
Ogle,2021,race,white,5237.0
Ogle,2022,race,american indian,26.0
Ogle,2022,race,asian,33.0
Ogle,2022,race,black,151.0
Ogle,2022,race,hispanic,911.0
Ogle,2022,race,other,753.0
Ogle,2022,race,white,4891.0
Ogle,2023,race,american indian,20.0
Ogle,2023,race,asian,4.0
Ogle,2023,race,black,153.0
Ogle,2023,race,hispanic,1008.0
Ogle,2023,race,other,853.0
Ogle,2023,race,white,4690.0
Ogle,2024,race,american indian,13.0
Ogle,2024,race,asian,21.0
Ogle,2024,race,black,148.0
Ogle,2024,race,hispanic,1062.0
Ogle,2024,race,other,1037.0
Ogle,2024,race,white,4418.0
Peoria,2010,race,american indian,33.0
Peoria,2010,race,asian,398.0
Peoria,2010,race,black,5385.0
Peoria,2010,race,hispanic,812.0
Peoria,2010,race,other,1562.0
Peoria,2010,race,white,12926.0
Peoria,2011,race,american indian,76.0
Peoria,2011,race,asian,428.0
Peoria,2011,race,black,5378.0
Peoria,2011,race,hispanic,831.0
Peoria,2011,race,other,1536.0
Peoria,2011,race,white,12844.0
Peoria,2012,race,american indian,104.0
Peoria,2012,race,asian,449.0
Peoria,2012,race,black,5292.0
Peoria,2012,race,hispanic,906.0
Peoria,2012,race,other,1396.0
Peoria,2012,race,white,12526.0
Peoria,2013,race,american indian,113.0
Peoria,2013,race,asian,476.0
Peoria,2013,race,black,5345.0
Peoria,2013,race,hispanic,980.0
Peoria,2013,race,other,1469.0
Peoria,2013,race,white,12410.0
Peoria,2014,race,american indian,100.0
Peoria,2014,race,asian,508.0
Peoria,2014,race,black,5229.0
Peoria,2014,race,hispanic,1042.0
Peoria,2014,race,other,1432.0
Peoria,2014,race,white,12230.0
Peoria,2015,race,american indian,83.0
Peoria,2015,race,asian,640.0
Peoria,2015,race,black,5084.0
Peoria,2015,race,hispanic,1085.0
Peoria,2015,race,other,1429.0
Peoria,2015,race,white,12028.0
Peoria,2016,race,american indian,42.0
Peoria,2016,race,asian,591.0
Peoria,2016,race,black,4988.0
Peoria,2016,race,hispanic,1241.0
Peoria,2016,race,other,1785.0
Peoria,2016,race,white,11894.0
Peoria,2017,race,american indian,34.0
Peoria,2017,race,asian,733.0
Peoria,2017,race,black,4914.0
Peoria,2017,race,hispanic,1288.0
Peoria,2017,race,other,1727.0
Peoria,2017,race,white,12019.0
Peoria,2018,race,american indian,41.0
Peoria,2018,race,asian,790.0
Peoria,2018,race,black,4539.0
Peoria,2018,race,hispanic,1288.0
Peoria,2018,race,other,1949.0
Peoria,2018,race,white,11755.0
Peoria,2019,race,american indian,32.0
Peoria,2019,race,asian,830.0
Peoria,2019,race,black,4232.0
Peoria,2019,race,hispanic,1276.0
Peoria,2019,race,other,2133.0
Peoria,2019,race,white,11742.0
Peoria,2020,race,american indian,53.0
Peoria,2020,race,asian,829.0
Peoria,2020,race,black,4054.0
Peoria,2020,race,hispanic,1334.0
Peoria,2020,race,other,2030.0
Peoria,2020,race,white,11130.0
Peoria,2021,race,american indian,62.0
Peoria,2021,race,asian,908.0
Peoria,2021,race,black,3859.0
Peoria,2021,race,hispanic,1283.0
Peoria,2021,race,other,2249.0
Peoria,2021,race,white,11447.0
Peoria,2022,race,american indian,22.0
Peoria,2022,race,asian,982.0
Peoria,2022,race,black,3640.0
Peoria,2022,race,hispanic,1229.0
Peoria,2022,race,other,2531.0
Peoria,2022,race,white,10752.0
Peoria,2023,race,american indian,57.0
Peoria,2023,race,asian,930.0
Peoria,2023,race,black,4101.0
Peoria,2023,race,hispanic,1404.0
Peoria,2023,race,other,2928.0
Peoria,2023,race,white,10215.0
Peoria,2024,race,american indian,37.0
Peoria,2024,race,asian,905.0
Peoria,2024,race,black,3755.0
Peoria,2024,race,hispanic,1597.0
Peoria,2024,race,other,3457.0
Peoria,2024,race,white,10090.0
Perry,2010,race,american indian,37.0
Perry,2010,race,asian,8.0
Perry,2010,race,black,49.0
Perry,2010,race,hispanic,9.0
Perry,2010,race,other,11.0
Perry,2010,race,white,2017.0
Perry,2011,race,american indian,36.0
Perry,2011,race,asian,10.0
Perry,2011,race,black,98.0
Perry,2011,race,hispanic,5.0
Perry,2011,race,other,24.0
Perry,2011,race,white,2067.0
Perry,2012,race,american indian,34.0
Perry,2012,race,asian,13.0
Perry,2012,race,black,80.0
Perry,2012,race,hispanic,33.0
Perry,2012,race,other,29.0
Perry,2012,race,white,2027.0
Perry,2013,race,american indian,23.0
Perry,2013,race,asian,11.0
Perry,2013,race,black,30.0
Perry,2013,race,hispanic,40.0
Perry,2013,race,other,53.0
Perry,2013,race,white,2165.0
Perry,2014,race,american indian,21.0
Perry,2014,race,asian,0.0
Perry,2014,race,black,92.0
Perry,2014,race,hispanic,31.0
Perry,2014,race,other,65.0
Perry,2014,race,white,2130.0
Perry,2015,race,american indian,9.0
Perry,2015,race,asian,16.0
Perry,2015,race,black,65.0
Perry,2015,race,hispanic,3.0
Perry,2015,race,other,62.0
Perry,2015,race,white,2011.0
Perry,2016,race,american indian,0.0
Perry,2016,race,asian,13.0
Perry,2016,race,black,49.0
Perry,2016,race,hispanic,40.0
Perry,2016,race,other,77.0
Perry,2016,race,white,1945.0
Perry,2017,race,american indian,0.0
Perry,2017,race,asian,11.0
Perry,2017,race,black,29.0
Perry,2017,race,hispanic,38.0
Perry,2017,race,other,87.0
Perry,2017,race,white,1944.0
Perry,2018,race,american indian,0.0
Perry,2018,race,asian,16.0
Perry,2018,race,black,23.0
Perry,2018,race,hispanic,29.0
Perry,2018,race,other,76.0
Perry,2018,race,white,1878.0
Perry,2019,race,american indian,0.0
Perry,2019,race,asian,19.0
Perry,2019,race,black,9.0
Perry,2019,race,hispanic,26.0
Perry,2019,race,other,114.0
Perry,2019,race,white,1836.0
Perry,2020,race,american indian,0.0
Perry,2020,race,asian,14.0
Perry,2020,race,black,6.0
Perry,2020,race,hispanic,91.0
Perry,2020,race,other,201.0
Perry,2020,race,white,1752.0
Perry,2021,race,american indian,0.0
Perry,2021,race,asian,20.0
Perry,2021,race,black,1.0
Perry,2021,race,hispanic,90.0
Perry,2021,race,other,224.0
Perry,2021,race,white,1630.0
Perry,2022,race,american indian,0.0
Perry,2022,race,asian,25.0
Perry,2022,race,black,29.0
Perry,2022,race,hispanic,88.0
Perry,2022,race,other,177.0
Perry,2022,race,white,1537.0
Perry,2023,race,american indian,0.0
Perry,2023,race,asian,34.0
Perry,2023,race,black,27.0
Perry,2023,race,hispanic,67.0
Perry,2023,race,other,156.0
Perry,2023,race,white,1563.0
Perry,2024,race,american indian,0.0
Perry,2024,race,asian,0.0
Perry,2024,race,black,41.0
Perry,2024,race,hispanic,58.0
Perry,2024,race,other,142.0
Perry,2024,race,white,1493.0
Piatt,2010,race,american indian,0.0
Piatt,2010,race,asian,0.0
Piatt,2010,race,black,0.0
Piatt,2010,race,hispanic,24.0
Piatt,2010,race,other,52.0
Piatt,2010,race,white,1876.0
Piatt,2011,race,american indian,0.0
Piatt,2011,race,asian,0.0
Piatt,2011,race,black,0.0
Piatt,2011,race,hispanic,18.0
Piatt,2011,race,other,42.0
Piatt,2011,race,white,1873.0
Piatt,2012,race,american indian,0.0
Piatt,2012,race,asian,0.0
Piatt,2012,race,black,0.0
Piatt,2012,race,hispanic,26.0
Piatt,2012,race,other,50.0
Piatt,2012,race,white,1823.0
Piatt,2013,race,american indian,0.0
Piatt,2013,race,asian,0.0
Piatt,2013,race,black,3.0
Piatt,2013,race,hispanic,22.0
Piatt,2013,race,other,80.0
Piatt,2013,race,white,1796.0
Piatt,2014,race,american indian,0.0
Piatt,2014,race,asian,0.0
Piatt,2014,race,black,2.0
Piatt,2014,race,hispanic,16.0
Piatt,2014,race,other,72.0
Piatt,2014,race,white,1679.0
Piatt,2015,race,american indian,0.0
Piatt,2015,race,asian,0.0
Piatt,2015,race,black,3.0
Piatt,2015,race,hispanic,9.0
Piatt,2015,race,other,75.0
Piatt,2015,race,white,1709.0
Piatt,2016,race,american indian,0.0
Piatt,2016,race,asian,0.0
Piatt,2016,race,black,6.0
Piatt,2016,race,hispanic,16.0
Piatt,2016,race,other,53.0
Piatt,2016,race,white,1712.0
Piatt,2017,race,american indian,0.0
Piatt,2017,race,asian,0.0
Piatt,2017,race,black,27.0
Piatt,2017,race,hispanic,7.0
Piatt,2017,race,other,134.0
Piatt,2017,race,white,1531.0
Piatt,2018,race,american indian,0.0
Piatt,2018,race,asian,0.0
Piatt,2018,race,black,7.0
Piatt,2018,race,hispanic,21.0
Piatt,2018,race,other,38.0
Piatt,2018,race,white,1594.0
Piatt,2019,race,american indian,0.0
Piatt,2019,race,asian,0.0
Piatt,2019,race,black,15.0
Piatt,2019,race,hispanic,13.0
Piatt,2019,race,other,29.0
Piatt,2019,race,white,1636.0
Piatt,2020,race,american indian,0.0
Piatt,2020,race,asian,0.0
Piatt,2020,race,black,34.0
Piatt,2020,race,hispanic,23.0
Piatt,2020,race,other,30.0
Piatt,2020,race,white,1555.0
Piatt,2021,race,american indian,2.0
Piatt,2021,race,asian,0.0
Piatt,2021,race,black,12.0
Piatt,2021,race,hispanic,30.0
Piatt,2021,race,other,89.0
Piatt,2021,race,white,1536.0
Piatt,2022,race,american indian,2.0
Piatt,2022,race,asian,0.0
Piatt,2022,race,black,20.0
Piatt,2022,race,hispanic,35.0
Piatt,2022,race,other,105.0
Piatt,2022,race,white,1440.0
Piatt,2023,race,american indian,2.0
Piatt,2023,race,asian,0.0
Piatt,2023,race,black,55.0
Piatt,2023,race,hispanic,38.0
Piatt,2023,race,other,65.0
Piatt,2023,race,white,1475.0
Piatt,2024,race,american indian,2.0
Piatt,2024,race,asian,9.0
Piatt,2024,race,black,45.0
Piatt,2024,race,hispanic,49.0
Piatt,2024,race,other,55.0
Piatt,2024,race,white,1449.0
Pike,2010,race,american indian,17.0
Pike,2010,race,asian,0.0
Pike,2010,race,black,0.0
Pike,2010,race,hispanic,20.0
Pike,2010,race,other,54.0
Pike,2010,race,white,1755.0
Pike,2011,race,american indian,16.0
Pike,2011,race,asian,7.0
Pike,2011,race,black,0.0
Pike,2011,race,hispanic,32.0
Pike,2011,race,other,82.0
Pike,2011,race,white,1727.0
Pike,2012,race,american indian,11.0
Pike,2012,race,asian,9.0
Pike,2012,race,black,3.0
Pike,2012,race,hispanic,30.0
Pike,2012,race,other,92.0
Pike,2012,race,white,1774.0
Pike,2013,race,american indian,9.0
Pike,2013,race,asian,10.0
Pike,2013,race,black,3.0
Pike,2013,race,hispanic,32.0
Pike,2013,race,other,95.0
Pike,2013,race,white,1719.0
Pike,2014,race,american indian,0.0
Pike,2014,race,asian,19.0
Pike,2014,race,black,4.0
Pike,2014,race,hispanic,28.0
Pike,2014,race,other,11.0
Pike,2014,race,white,1687.0
Pike,2015,race,american indian,0.0
Pike,2015,race,asian,20.0
Pike,2015,race,black,7.0
Pike,2015,race,hispanic,27.0
Pike,2015,race,other,14.0
Pike,2015,race,white,1616.0
Pike,2016,race,american indian,0.0
Pike,2016,race,asian,23.0
Pike,2016,race,black,8.0
Pike,2016,race,hispanic,9.0
Pike,2016,race,other,16.0
Pike,2016,race,white,1600.0
Pike,2017,race,american indian,0.0
Pike,2017,race,asian,0.0
Pike,2017,race,black,8.0
Pike,2017,race,hispanic,21.0
Pike,2017,race,other,78.0
Pike,2017,race,white,1499.0
Pike,2018,race,american indian,0.0
Pike,2018,race,asian,0.0
Pike,2018,race,black,11.0
Pike,2018,race,hispanic,17.0
Pike,2018,race,other,64.0
Pike,2018,race,white,1461.0
Pike,2019,race,american indian,16.0
Pike,2019,race,asian,0.0
Pike,2019,race,black,0.0
Pike,2019,race,hispanic,20.0
Pike,2019,race,other,78.0
Pike,2019,race,white,1414.0
Pike,2020,race,american indian,17.0
Pike,2020,race,asian,3.0
Pike,2020,race,black,0.0
Pike,2020,race,hispanic,22.0
Pike,2020,race,other,52.0
Pike,2020,race,white,1527.0
Pike,2021,race,american indian,6.0
Pike,2021,race,asian,3.0
Pike,2021,race,black,2.0
Pike,2021,race,hispanic,40.0
Pike,2021,race,other,59.0
Pike,2021,race,white,1500.0
Pike,2022,race,american indian,3.0
Pike,2022,race,asian,3.0
Pike,2022,race,black,1.0
Pike,2022,race,hispanic,36.0
Pike,2022,race,other,38.0
Pike,2022,race,white,1467.0
Pike,2023,race,american indian,3.0
Pike,2023,race,asian,3.0
Pike,2023,race,black,2.0
Pike,2023,race,hispanic,39.0
Pike,2023,race,other,58.0
Pike,2023,race,white,1434.0
Pike,2024,race,american indian,0.0
Pike,2024,race,asian,3.0
Pike,2024,race,black,1.0
Pike,2024,race,hispanic,39.0
Pike,2024,race,other,63.0
Pike,2024,race,white,1492.0
Pope,2010,race,american indian,6.0
Pope,2010,race,asian,0.0
Pope,2010,race,black,50.0
Pope,2010,race,hispanic,9.0
Pope,2010,race,other,20.0
Pope,2010,race,white,465.0
Pope,2011,race,american indian,2.0
Pope,2011,race,asian,0.0
Pope,2011,race,black,11.0
Pope,2011,race,hispanic,11.0
Pope,2011,race,other,4.0
Pope,2011,race,white,370.0
Pope,2012,race,american indian,0.0
Pope,2012,race,asian,0.0
Pope,2012,race,black,28.0
Pope,2012,race,hispanic,13.0
Pope,2012,race,other,0.0
Pope,2012,race,white,365.0
Pope,2013,race,american indian,0.0
Pope,2013,race,asian,0.0
Pope,2013,race,black,5.0
Pope,2013,race,hispanic,20.0
Pope,2013,race,other,0.0
Pope,2013,race,white,389.0
Pope,2014,race,american indian,0.0
Pope,2014,race,asian,0.0
Pope,2014,race,black,8.0
Pope,2014,race,hispanic,0.0
Pope,2014,race,other,0.0
Pope,2014,race,white,380.0
Pope,2015,race,american indian,0.0
Pope,2015,race,asian,0.0
Pope,2015,race,black,0.0
Pope,2015,race,hispanic,36.0
Pope,2015,race,other,36.0
Pope,2015,race,white,312.0
Pope,2016,race,american indian,0.0
Pope,2016,race,asian,0.0
Pope,2016,race,black,0.0
Pope,2016,race,hispanic,32.0
Pope,2016,race,other,32.0
Pope,2016,race,white,284.0
Pope,2017,race,american indian,0.0
Pope,2017,race,asian,0.0
Pope,2017,race,black,0.0
Pope,2017,race,hispanic,34.0
Pope,2017,race,other,34.0
Pope,2017,race,white,297.0
Pope,2018,race,american indian,0.0
Pope,2018,race,asian,0.0
Pope,2018,race,black,0.0
Pope,2018,race,hispanic,31.0
Pope,2018,race,other,31.0
Pope,2018,race,white,258.0
Pope,2019,race,american indian,0.0
Pope,2019,race,asian,0.0
Pope,2019,race,black,0.0
Pope,2019,race,hispanic,42.0
Pope,2019,race,other,42.0
Pope,2019,race,white,242.0
Pope,2020,race,american indian,0.0
Pope,2020,race,asian,0.0
Pope,2020,race,black,0.0
Pope,2020,race,hispanic,49.0
Pope,2020,race,other,1.0
Pope,2020,race,white,307.0
Pope,2021,race,american indian,49.0
Pope,2021,race,asian,0.0
Pope,2021,race,black,0.0
Pope,2021,race,hispanic,49.0
Pope,2021,race,other,62.0
Pope,2021,race,white,240.0
Pope,2022,race,american indian,45.0
Pope,2022,race,asian,0.0
Pope,2022,race,black,0.0
Pope,2022,race,hispanic,45.0
Pope,2022,race,other,43.0
Pope,2022,race,white,191.0
Pope,2023,race,american indian,30.0
Pope,2023,race,asian,0.0
Pope,2023,race,black,18.0
Pope,2023,race,hispanic,30.0
Pope,2023,race,other,30.0
Pope,2023,race,white,186.0
Pope,2024,race,american indian,34.0
Pope,2024,race,asian,0.0
Pope,2024,race,black,27.0
Pope,2024,race,hispanic,34.0
Pope,2024,race,other,34.0
Pope,2024,race,white,164.0
Pulaski,2010,race,american indian,0.0
Pulaski,2010,race,asian,0.0
Pulaski,2010,race,black,336.0
Pulaski,2010,race,hispanic,3.0
Pulaski,2010,race,other,15.0
Pulaski,2010,race,white,375.0
Pulaski,2011,race,american indian,0.0
Pulaski,2011,race,asian,0.0
Pulaski,2011,race,black,295.0
Pulaski,2011,race,hispanic,9.0
Pulaski,2011,race,other,23.0
Pulaski,2011,race,white,359.0
Pulaski,2012,race,american indian,0.0
Pulaski,2012,race,asian,0.0
Pulaski,2012,race,black,280.0
Pulaski,2012,race,hispanic,19.0
Pulaski,2012,race,other,24.0
Pulaski,2012,race,white,385.0
Pulaski,2013,race,american indian,4.0
Pulaski,2013,race,asian,0.0
Pulaski,2013,race,black,251.0
Pulaski,2013,race,hispanic,21.0
Pulaski,2013,race,other,34.0
Pulaski,2013,race,white,381.0
Pulaski,2014,race,american indian,5.0
Pulaski,2014,race,asian,0.0
Pulaski,2014,race,black,233.0
Pulaski,2014,race,hispanic,3.0
Pulaski,2014,race,other,32.0
Pulaski,2014,race,white,378.0
Pulaski,2015,race,american indian,2.0
Pulaski,2015,race,asian,0.0
Pulaski,2015,race,black,238.0
Pulaski,2015,race,hispanic,49.0
Pulaski,2015,race,other,42.0
Pulaski,2015,race,white,406.0
Pulaski,2016,race,american indian,4.0
Pulaski,2016,race,asian,0.0
Pulaski,2016,race,black,224.0
Pulaski,2016,race,hispanic,34.0
Pulaski,2016,race,other,45.0
Pulaski,2016,race,white,428.0
Pulaski,2017,race,american indian,3.0
Pulaski,2017,race,asian,0.0
Pulaski,2017,race,black,200.0
Pulaski,2017,race,hispanic,15.0
Pulaski,2017,race,other,59.0
Pulaski,2017,race,white,413.0
Pulaski,2018,race,american indian,0.0
Pulaski,2018,race,asian,0.0
Pulaski,2018,race,black,195.0
Pulaski,2018,race,hispanic,15.0
Pulaski,2018,race,other,49.0
Pulaski,2018,race,white,399.0
Pulaski,2019,race,american indian,0.0
Pulaski,2019,race,asian,0.0
Pulaski,2019,race,black,215.0
Pulaski,2019,race,hispanic,15.0
Pulaski,2019,race,other,62.0
Pulaski,2019,race,white,393.0
Pulaski,2020,race,american indian,0.0
Pulaski,2020,race,asian,0.0
Pulaski,2020,race,black,196.0
Pulaski,2020,race,hispanic,0.0
Pulaski,2020,race,other,41.0
Pulaski,2020,race,white,396.0
Pulaski,2021,race,american indian,0.0
Pulaski,2021,race,asian,0.0
Pulaski,2021,race,black,179.0
Pulaski,2021,race,hispanic,0.0
Pulaski,2021,race,other,52.0
Pulaski,2021,race,white,371.0
Pulaski,2022,race,american indian,0.0
Pulaski,2022,race,asian,0.0
Pulaski,2022,race,black,144.0
Pulaski,2022,race,hispanic,0.0
Pulaski,2022,race,other,42.0
Pulaski,2022,race,white,323.0
Pulaski,2023,race,american indian,0.0
Pulaski,2023,race,asian,0.0
Pulaski,2023,race,black,141.0
Pulaski,2023,race,hispanic,0.0
Pulaski,2023,race,other,32.0
Pulaski,2023,race,white,317.0
Pulaski,2024,race,american indian,0.0
Pulaski,2024,race,asian,0.0
Pulaski,2024,race,black,136.0
Pulaski,2024,race,hispanic,2.0
Pulaski,2024,race,other,17.0
Pulaski,2024,race,white,281.0
Putnam,2010,race,american indian,0.0
Putnam,2010,race,asian,0.0
Putnam,2010,race,black,6.0
Putnam,2010,race,hispanic,23.0
Putnam,2010,race,other,22.0
Putnam,2010,race,white,608.0
Putnam,2011,race,american indian,0.0
Putnam,2011,race,asian,0.0
Putnam,2011,race,black,6.0
Putnam,2011,race,hispanic,15.0
Putnam,2011,race,other,36.0
Putnam,2011,race,white,574.0
Putnam,2012,race,american indian,0.0
Putnam,2012,race,asian,0.0
Putnam,2012,race,black,0.0
Putnam,2012,race,hispanic,28.0
Putnam,2012,race,other,45.0
Putnam,2012,race,white,596.0
Putnam,2013,race,american indian,0.0
Putnam,2013,race,asian,0.0
Putnam,2013,race,black,0.0
Putnam,2013,race,hispanic,25.0
Putnam,2013,race,other,33.0
Putnam,2013,race,white,574.0
Putnam,2014,race,american indian,0.0
Putnam,2014,race,asian,0.0
Putnam,2014,race,black,0.0
Putnam,2014,race,hispanic,17.0
Putnam,2014,race,other,33.0
Putnam,2014,race,white,563.0
Putnam,2015,race,american indian,0.0
Putnam,2015,race,asian,0.0
Putnam,2015,race,black,7.0
Putnam,2015,race,hispanic,41.0
Putnam,2015,race,other,20.0
Putnam,2015,race,white,529.0
Putnam,2016,race,american indian,0.0
Putnam,2016,race,asian,0.0
Putnam,2016,race,black,6.0
Putnam,2016,race,hispanic,63.0
Putnam,2016,race,other,6.0
Putnam,2016,race,white,510.0
Putnam,2017,race,american indian,0.0
Putnam,2017,race,asian,0.0
Putnam,2017,race,black,10.0
Putnam,2017,race,hispanic,102.0
Putnam,2017,race,other,8.0
Putnam,2017,race,white,529.0
Putnam,2018,race,american indian,0.0
Putnam,2018,race,asian,0.0
Putnam,2018,race,black,9.0
Putnam,2018,race,hispanic,97.0
Putnam,2018,race,other,22.0
Putnam,2018,race,white,540.0
Putnam,2019,race,american indian,0.0
Putnam,2019,race,asian,0.0
Putnam,2019,race,black,8.0
Putnam,2019,race,hispanic,95.0
Putnam,2019,race,other,14.0
Putnam,2019,race,white,539.0
Putnam,2020,race,american indian,0.0
Putnam,2020,race,asian,12.0
Putnam,2020,race,black,0.0
Putnam,2020,race,hispanic,39.0
Putnam,2020,race,other,12.0
Putnam,2020,race,white,538.0
Putnam,2021,race,american indian,0.0
Putnam,2021,race,asian,17.0
Putnam,2021,race,black,0.0
Putnam,2021,race,hispanic,28.0
Putnam,2021,race,other,12.0
Putnam,2021,race,white,566.0
Putnam,2022,race,american indian,0.0
Putnam,2022,race,asian,16.0
Putnam,2022,race,black,9.0
Putnam,2022,race,hispanic,38.0
Putnam,2022,race,other,26.0
Putnam,2022,race,white,532.0
Putnam,2023,race,american indian,0.0
Putnam,2023,race,asian,15.0
Putnam,2023,race,black,6.0
Putnam,2023,race,hispanic,52.0
Putnam,2023,race,other,39.0
Putnam,2023,race,white,490.0
Putnam,2024,race,american indian,0.0
Putnam,2024,race,asian,27.0
Putnam,2024,race,black,14.0
Putnam,2024,race,hispanic,61.0
Putnam,2024,race,other,34.0
Putnam,2024,race,white,442.0
Randolph,2010,race,american indian,26.0
Randolph,2010,race,asian,0.0
Randolph,2010,race,black,208.0
Randolph,2010,race,hispanic,65.0
Randolph,2010,race,other,64.0
Randolph,2010,race,white,2966.0
Randolph,2011,race,american indian,28.0
Randolph,2011,race,asian,0.0
Randolph,2011,race,black,214.0
Randolph,2011,race,hispanic,48.0
Randolph,2011,race,other,33.0
Randolph,2011,race,white,2920.0
Randolph,2012,race,american indian,0.0
Randolph,2012,race,asian,14.0
Randolph,2012,race,black,228.0
Randolph,2012,race,hispanic,61.0
Randolph,2012,race,other,48.0
Randolph,2012,race,white,2800.0
Randolph,2013,race,american indian,0.0
Randolph,2013,race,asian,15.0
Randolph,2013,race,black,206.0
Randolph,2013,race,hispanic,224.0
Randolph,2013,race,other,44.0
Randolph,2013,race,white,2966.0
Randolph,2014,race,american indian,0.0
Randolph,2014,race,asian,7.0
Randolph,2014,race,black,212.0
Randolph,2014,race,hispanic,112.0
Randolph,2014,race,other,63.0
Randolph,2014,race,white,2702.0
Randolph,2015,race,american indian,0.0
Randolph,2015,race,asian,7.0
Randolph,2015,race,black,208.0
Randolph,2015,race,hispanic,113.0
Randolph,2015,race,other,110.0
Randolph,2015,race,white,2733.0
Randolph,2016,race,american indian,0.0
Randolph,2016,race,asian,5.0
Randolph,2016,race,black,196.0
Randolph,2016,race,hispanic,199.0
Randolph,2016,race,other,180.0
Randolph,2016,race,white,2578.0
Randolph,2017,race,american indian,0.0
Randolph,2017,race,asian,5.0
Randolph,2017,race,black,179.0
Randolph,2017,race,hispanic,204.0
Randolph,2017,race,other,212.0
Randolph,2017,race,white,2503.0
Randolph,2018,race,american indian,0.0
Randolph,2018,race,asian,3.0
Randolph,2018,race,black,163.0
Randolph,2018,race,hispanic,120.0
Randolph,2018,race,other,204.0
Randolph,2018,race,white,2551.0
Randolph,2019,race,american indian,0.0
Randolph,2019,race,asian,0.0
Randolph,2019,race,black,151.0
Randolph,2019,race,hispanic,142.0
Randolph,2019,race,other,164.0
Randolph,2019,race,white,2614.0
Randolph,2020,race,american indian,14.0
Randolph,2020,race,asian,1.0
Randolph,2020,race,black,202.0
Randolph,2020,race,hispanic,123.0
Randolph,2020,race,other,116.0
Randolph,2020,race,white,2624.0
Randolph,2021,race,american indian,0.0
Randolph,2021,race,asian,1.0
Randolph,2021,race,black,170.0
Randolph,2021,race,hispanic,133.0
Randolph,2021,race,other,170.0
Randolph,2021,race,white,2626.0
Randolph,2022,race,american indian,0.0
Randolph,2022,race,asian,1.0
Randolph,2022,race,black,156.0
Randolph,2022,race,hispanic,137.0
Randolph,2022,race,other,242.0
Randolph,2022,race,white,2619.0
Randolph,2023,race,american indian,0.0
Randolph,2023,race,asian,1.0
Randolph,2023,race,black,138.0
Randolph,2023,race,hispanic,186.0
Randolph,2023,race,other,288.0
Randolph,2023,race,white,2641.0
Randolph,2024,race,american indian,14.0
Randolph,2024,race,asian,1.0
Randolph,2024,race,black,140.0
Randolph,2024,race,hispanic,185.0
Randolph,2024,race,other,290.0
Randolph,2024,race,white,2545.0
Richland,2010,race,american indian,0.0
Richland,2010,race,asian,0.0
Richland,2010,race,black,23.0
Richland,2010,race,hispanic,0.0
Richland,2010,race,other,6.0
Richland,2010,race,white,1638.0
Richland,2011,race,american indian,0.0
Richland,2011,race,asian,0.0
Richland,2011,race,black,15.0
Richland,2011,race,hispanic,0.0
Richland,2011,race,other,50.0
Richland,2011,race,white,1584.0
Richland,2012,race,american indian,0.0
Richland,2012,race,asian,0.0
Richland,2012,race,black,8.0
Richland,2012,race,hispanic,34.0
Richland,2012,race,other,63.0
Richland,2012,race,white,1572.0
Richland,2013,race,american indian,0.0
Richland,2013,race,asian,0.0
Richland,2013,race,black,7.0
Richland,2013,race,hispanic,29.0
Richland,2013,race,other,58.0
Richland,2013,race,white,1542.0
Richland,2014,race,american indian,6.0
Richland,2014,race,asian,0.0
Richland,2014,race,black,6.0
Richland,2014,race,hispanic,51.0
Richland,2014,race,other,51.0
Richland,2014,race,white,1601.0
Richland,2015,race,american indian,6.0
Richland,2015,race,asian,0.0
Richland,2015,race,black,0.0
Richland,2015,race,hispanic,56.0
Richland,2015,race,other,71.0
Richland,2015,race,white,1553.0
Richland,2016,race,american indian,7.0
Richland,2016,race,asian,0.0
Richland,2016,race,black,3.0
Richland,2016,race,hispanic,79.0
Richland,2016,race,other,31.0
Richland,2016,race,white,1543.0
Richland,2017,race,american indian,3.0
Richland,2017,race,asian,0.0
Richland,2017,race,black,3.0
Richland,2017,race,hispanic,46.0
Richland,2017,race,other,15.0
Richland,2017,race,white,1416.0
Richland,2018,race,american indian,1.0
Richland,2018,race,asian,0.0
Richland,2018,race,black,85.0
Richland,2018,race,hispanic,42.0
Richland,2018,race,other,22.0
Richland,2018,race,white,1526.0
Richland,2019,race,american indian,0.0
Richland,2019,race,asian,0.0
Richland,2019,race,black,73.0
Richland,2019,race,hispanic,40.0
Richland,2019,race,other,76.0
Richland,2019,race,white,1491.0
Richland,2020,race,american indian,0.0
Richland,2020,race,asian,0.0
Richland,2020,race,black,55.0
Richland,2020,race,hispanic,54.0
Richland,2020,race,other,116.0
Richland,2020,race,white,1527.0
Richland,2021,race,american indian,0.0
Richland,2021,race,asian,0.0
Richland,2021,race,black,53.0
Richland,2021,race,hispanic,59.0
Richland,2021,race,other,115.0
Richland,2021,race,white,1627.0
Richland,2022,race,american indian,0.0
Richland,2022,race,asian,0.0
Richland,2022,race,black,57.0
Richland,2022,race,hispanic,61.0
Richland,2022,race,other,133.0
Richland,2022,race,white,1601.0
Richland,2023,race,american indian,0.0
Richland,2023,race,asian,0.0
Richland,2023,race,black,1.0
Richland,2023,race,hispanic,66.0
Richland,2023,race,other,178.0
Richland,2023,race,white,1509.0
Richland,2024,race,american indian,0.0
Richland,2024,race,asian,0.0
Richland,2024,race,black,1.0
Richland,2024,race,hispanic,58.0
Richland,2024,race,other,156.0
Richland,2024,race,white,1594.0
Rock Island,2010,race,american indian,56.0
Rock Island,2010,race,asian,213.0
Rock Island,2010,race,black,1730.0
Rock Island,2010,race,hispanic,2409.0
Rock Island,2010,race,other,1788.0
Rock Island,2010,race,white,10630.0
Rock Island,2011,race,american indian,40.0
Rock Island,2011,race,asian,236.0
Rock Island,2011,race,black,1740.0
Rock Island,2011,race,hispanic,2641.0
Rock Island,2011,race,other,1992.0
Rock Island,2011,race,white,10649.0
Rock Island,2012,race,american indian,51.0
Rock Island,2012,race,asian,222.0
Rock Island,2012,race,black,1802.0
Rock Island,2012,race,hispanic,2698.0
Rock Island,2012,race,other,1866.0
Rock Island,2012,race,white,10932.0
Rock Island,2013,race,american indian,49.0
Rock Island,2013,race,asian,212.0
Rock Island,2013,race,black,1812.0
Rock Island,2013,race,hispanic,2677.0
Rock Island,2013,race,other,1647.0
Rock Island,2013,race,white,10710.0
Rock Island,2014,race,american indian,45.0
Rock Island,2014,race,asian,281.0
Rock Island,2014,race,black,1891.0
Rock Island,2014,race,hispanic,2748.0
Rock Island,2014,race,other,1634.0
Rock Island,2014,race,white,10576.0
Rock Island,2015,race,american indian,60.0
Rock Island,2015,race,asian,335.0
Rock Island,2015,race,black,1802.0
Rock Island,2015,race,hispanic,2969.0
Rock Island,2015,race,other,1726.0
Rock Island,2015,race,white,10665.0
Rock Island,2016,race,american indian,60.0
Rock Island,2016,race,asian,334.0
Rock Island,2016,race,black,1779.0
Rock Island,2016,race,hispanic,2983.0
Rock Island,2016,race,other,1563.0
Rock Island,2016,race,white,10589.0
Rock Island,2017,race,american indian,48.0
Rock Island,2017,race,asian,333.0
Rock Island,2017,race,black,1870.0
Rock Island,2017,race,hispanic,3105.0
Rock Island,2017,race,other,1633.0
Rock Island,2017,race,white,10402.0
Rock Island,2018,race,american indian,67.0
Rock Island,2018,race,asian,347.0
Rock Island,2018,race,black,1889.0
Rock Island,2018,race,hispanic,3151.0
Rock Island,2018,race,other,1820.0
Rock Island,2018,race,white,10293.0
Rock Island,2019,race,american indian,53.0
Rock Island,2019,race,asian,348.0
Rock Island,2019,race,black,1980.0
Rock Island,2019,race,hispanic,3213.0
Rock Island,2019,race,other,2047.0
Rock Island,2019,race,white,10093.0
Rock Island,2020,race,american indian,39.0
Rock Island,2020,race,asian,389.0
Rock Island,2020,race,black,1736.0
Rock Island,2020,race,hispanic,3218.0
Rock Island,2020,race,other,2439.0
Rock Island,2020,race,white,9853.0
Rock Island,2021,race,american indian,26.0
Rock Island,2021,race,asian,472.0
Rock Island,2021,race,black,2063.0
Rock Island,2021,race,hispanic,3329.0
Rock Island,2021,race,other,2533.0
Rock Island,2021,race,white,9862.0
Rock Island,2022,race,american indian,21.0
Rock Island,2022,race,asian,535.0
Rock Island,2022,race,black,1792.0
Rock Island,2022,race,hispanic,3333.0
Rock Island,2022,race,other,3112.0
Rock Island,2022,race,white,9253.0
Rock Island,2023,race,american indian,70.0
Rock Island,2023,race,asian,521.0
Rock Island,2023,race,black,1923.0
Rock Island,2023,race,hispanic,3386.0
Rock Island,2023,race,other,3322.0
Rock Island,2023,race,white,8981.0
Rock Island,2024,race,american indian,125.0
Rock Island,2024,race,asian,597.0
Rock Island,2024,race,black,2030.0
Rock Island,2024,race,hispanic,3310.0
Rock Island,2024,race,other,3070.0
Rock Island,2024,race,white,9205.0
Saline,2010,race,american indian,0.0
Saline,2010,race,asian,19.0
Saline,2010,race,black,165.0
Saline,2010,race,hispanic,103.0
Saline,2010,race,other,134.0
Saline,2010,race,white,2405.0
Saline,2011,race,american indian,18.0
Saline,2011,race,asian,20.0
Saline,2011,race,black,162.0
Saline,2011,race,hispanic,113.0
Saline,2011,race,other,139.0
Saline,2011,race,white,2369.0
Saline,2012,race,american indian,19.0
Saline,2012,race,asian,17.0
Saline,2012,race,black,136.0
Saline,2012,race,hispanic,104.0
Saline,2012,race,other,128.0
Saline,2012,race,white,2280.0
Saline,2013,race,american indian,16.0
Saline,2013,race,asian,20.0
Saline,2013,race,black,127.0
Saline,2013,race,hispanic,135.0
Saline,2013,race,other,123.0
Saline,2013,race,white,2220.0
Saline,2014,race,american indian,24.0
Saline,2014,race,asian,22.0
Saline,2014,race,black,126.0
Saline,2014,race,hispanic,125.0
Saline,2014,race,other,96.0
Saline,2014,race,white,2150.0
Saline,2015,race,american indian,20.0
Saline,2015,race,asian,15.0
Saline,2015,race,black,126.0
Saline,2015,race,hispanic,126.0
Saline,2015,race,other,133.0
Saline,2015,race,white,2222.0
Saline,2016,race,american indian,1.0
Saline,2016,race,asian,22.0
Saline,2016,race,black,141.0
Saline,2016,race,hispanic,102.0
Saline,2016,race,other,120.0
Saline,2016,race,white,2246.0
Saline,2017,race,american indian,1.0
Saline,2017,race,asian,31.0
Saline,2017,race,black,135.0
Saline,2017,race,hispanic,143.0
Saline,2017,race,other,142.0
Saline,2017,race,white,2265.0
Saline,2018,race,american indian,0.0
Saline,2018,race,asian,30.0
Saline,2018,race,black,114.0
Saline,2018,race,hispanic,138.0
Saline,2018,race,other,171.0
Saline,2018,race,white,2258.0
Saline,2019,race,american indian,0.0
Saline,2019,race,asian,36.0
Saline,2019,race,black,111.0
Saline,2019,race,hispanic,127.0
Saline,2019,race,other,175.0
Saline,2019,race,white,2193.0
Saline,2020,race,american indian,0.0
Saline,2020,race,asian,28.0
Saline,2020,race,black,67.0
Saline,2020,race,hispanic,101.0
Saline,2020,race,other,202.0
Saline,2020,race,white,2182.0
Saline,2021,race,american indian,0.0
Saline,2021,race,asian,41.0
Saline,2021,race,black,62.0
Saline,2021,race,hispanic,100.0
Saline,2021,race,other,179.0
Saline,2021,race,white,2248.0
Saline,2022,race,american indian,0.0
Saline,2022,race,asian,17.0
Saline,2022,race,black,46.0
Saline,2022,race,hispanic,45.0
Saline,2022,race,other,86.0
Saline,2022,race,white,2032.0
Saline,2023,race,american indian,0.0
Saline,2023,race,asian,17.0
Saline,2023,race,black,69.0
Saline,2023,race,hispanic,45.0
Saline,2023,race,other,71.0
Saline,2023,race,white,1924.0
Saline,2024,race,american indian,0.0
Saline,2024,race,asian,8.0
Saline,2024,race,black,46.0
Saline,2024,race,hispanic,69.0
Saline,2024,race,other,118.0
Saline,2024,race,white,1912.0
Sangamon,2010,race,american indian,19.0
Sangamon,2010,race,asian,218.0
Sangamon,2010,race,black,3296.0
Sangamon,2010,race,hispanic,454.0
Sangamon,2010,race,other,1157.0
Sangamon,2010,race,white,16353.0
Sangamon,2011,race,american indian,7.0
Sangamon,2011,race,asian,276.0
Sangamon,2011,race,black,3512.0
Sangamon,2011,race,hispanic,439.0
Sangamon,2011,race,other,1050.0
Sangamon,2011,race,white,16378.0
Sangamon,2012,race,american indian,29.0
Sangamon,2012,race,asian,251.0
Sangamon,2012,race,black,3464.0
Sangamon,2012,race,hispanic,424.0
Sangamon,2012,race,other,990.0
Sangamon,2012,race,white,16411.0
Sangamon,2013,race,american indian,32.0
Sangamon,2013,race,asian,340.0
Sangamon,2013,race,black,3543.0
Sangamon,2013,race,hispanic,427.0
Sangamon,2013,race,other,1008.0
Sangamon,2013,race,white,15939.0
Sangamon,2014,race,american indian,33.0
Sangamon,2014,race,asian,308.0
Sangamon,2014,race,black,3876.0
Sangamon,2014,race,hispanic,476.0
Sangamon,2014,race,other,919.0
Sangamon,2014,race,white,16069.0
Sangamon,2015,race,american indian,39.0
Sangamon,2015,race,asian,356.0
Sangamon,2015,race,black,3692.0
Sangamon,2015,race,hispanic,487.0
Sangamon,2015,race,other,1059.0
Sangamon,2015,race,white,16016.0
Sangamon,2016,race,american indian,40.0
Sangamon,2016,race,asian,313.0
Sangamon,2016,race,black,3624.0
Sangamon,2016,race,hispanic,562.0
Sangamon,2016,race,other,1009.0
Sangamon,2016,race,white,15886.0
Sangamon,2017,race,american indian,1.0
Sangamon,2017,race,asian,340.0
Sangamon,2017,race,black,3587.0
Sangamon,2017,race,hispanic,616.0
Sangamon,2017,race,other,1120.0
Sangamon,2017,race,white,15421.0
Sangamon,2018,race,american indian,1.0
Sangamon,2018,race,asian,301.0
Sangamon,2018,race,black,3433.0
Sangamon,2018,race,hispanic,651.0
Sangamon,2018,race,other,1221.0
Sangamon,2018,race,white,15487.0
Sangamon,2019,race,american indian,1.0
Sangamon,2019,race,asian,352.0
Sangamon,2019,race,black,3409.0
Sangamon,2019,race,hispanic,663.0
Sangamon,2019,race,other,1237.0
Sangamon,2019,race,white,15312.0
Sangamon,2020,race,american indian,2.0
Sangamon,2020,race,asian,396.0
Sangamon,2020,race,black,3398.0
Sangamon,2020,race,hispanic,665.0
Sangamon,2020,race,other,1354.0
Sangamon,2020,race,white,14794.0
Sangamon,2021,race,american indian,1.0
Sangamon,2021,race,asian,453.0
Sangamon,2021,race,black,3497.0
Sangamon,2021,race,hispanic,627.0
Sangamon,2021,race,other,1609.0
Sangamon,2021,race,white,14758.0
Sangamon,2022,race,american indian,2.0
Sangamon,2022,race,asian,530.0
Sangamon,2022,race,black,3319.0
Sangamon,2022,race,hispanic,685.0
Sangamon,2022,race,other,1950.0
Sangamon,2022,race,white,14316.0
Sangamon,2023,race,american indian,8.0
Sangamon,2023,race,asian,519.0
Sangamon,2023,race,black,3319.0
Sangamon,2023,race,hispanic,714.0
Sangamon,2023,race,other,1963.0
Sangamon,2023,race,white,14081.0
Sangamon,2024,race,american indian,7.0
Sangamon,2024,race,asian,562.0
Sangamon,2024,race,black,3513.0
Sangamon,2024,race,hispanic,737.0
Sangamon,2024,race,other,2243.0
Sangamon,2024,race,white,13840.0
Schuyler,2010,race,american indian,0.0
Schuyler,2010,race,asian,58.0
Schuyler,2010,race,black,8.0
Schuyler,2010,race,hispanic,49.0
Schuyler,2010,race,other,107.0
Schuyler,2010,race,white,763.0
Schuyler,2011,race,american indian,0.0
Schuyler,2011,race,asian,49.0
Schuyler,2011,race,black,0.0
Schuyler,2011,race,hispanic,28.0
Schuyler,2011,race,other,76.0
Schuyler,2011,race,white,749.0
Schuyler,2012,race,american indian,0.0
Schuyler,2012,race,asian,38.0
Schuyler,2012,race,black,0.0
Schuyler,2012,race,hispanic,33.0
Schuyler,2012,race,other,93.0
Schuyler,2012,race,white,715.0
Schuyler,2013,race,american indian,0.0
Schuyler,2013,race,asian,0.0
Schuyler,2013,race,black,0.0
Schuyler,2013,race,hispanic,26.0
Schuyler,2013,race,other,71.0
Schuyler,2013,race,white,735.0
Schuyler,2014,race,american indian,0.0
Schuyler,2014,race,asian,0.0
Schuyler,2014,race,black,0.0
Schuyler,2014,race,hispanic,7.0
Schuyler,2014,race,other,46.0
Schuyler,2014,race,white,761.0
Schuyler,2015,race,american indian,0.0
Schuyler,2015,race,asian,0.0
Schuyler,2015,race,black,0.0
Schuyler,2015,race,hispanic,3.0
Schuyler,2015,race,other,23.0
Schuyler,2015,race,white,703.0
Schuyler,2016,race,american indian,0.0
Schuyler,2016,race,asian,0.0
Schuyler,2016,race,black,0.0
Schuyler,2016,race,hispanic,1.0
Schuyler,2016,race,other,12.0
Schuyler,2016,race,white,689.0
Schuyler,2017,race,american indian,0.0
Schuyler,2017,race,asian,0.0
Schuyler,2017,race,black,4.0
Schuyler,2017,race,hispanic,1.0
Schuyler,2017,race,other,4.0
Schuyler,2017,race,white,697.0
Schuyler,2018,race,american indian,0.0
Schuyler,2018,race,asian,0.0
Schuyler,2018,race,black,12.0
Schuyler,2018,race,hispanic,0.0
Schuyler,2018,race,other,0.0
Schuyler,2018,race,white,711.0
Schuyler,2019,race,american indian,0.0
Schuyler,2019,race,asian,0.0
Schuyler,2019,race,black,26.0
Schuyler,2019,race,hispanic,23.0
Schuyler,2019,race,other,0.0
Schuyler,2019,race,white,703.0
Schuyler,2020,race,american indian,0.0
Schuyler,2020,race,asian,0.0
Schuyler,2020,race,black,15.0
Schuyler,2020,race,hispanic,14.0
Schuyler,2020,race,other,0.0
Schuyler,2020,race,white,720.0
Schuyler,2021,race,american indian,0.0
Schuyler,2021,race,asian,0.0
Schuyler,2021,race,black,15.0
Schuyler,2021,race,hispanic,20.0
Schuyler,2021,race,other,0.0
Schuyler,2021,race,white,722.0
Schuyler,2022,race,american indian,0.0
Schuyler,2022,race,asian,0.0
Schuyler,2022,race,black,17.0
Schuyler,2022,race,hispanic,54.0
Schuyler,2022,race,other,5.0
Schuyler,2022,race,white,667.0
Schuyler,2023,race,american indian,0.0
Schuyler,2023,race,asian,0.0
Schuyler,2023,race,black,11.0
Schuyler,2023,race,hispanic,45.0
Schuyler,2023,race,other,7.0
Schuyler,2023,race,white,689.0
Schuyler,2024,race,american indian,0.0
Schuyler,2024,race,asian,0.0
Schuyler,2024,race,black,0.0
Schuyler,2024,race,hispanic,29.0
Schuyler,2024,race,other,30.0
Schuyler,2024,race,white,657.0
Scott,2010,race,american indian,0.0
Scott,2010,race,asian,0.0
Scott,2010,race,black,0.0
Scott,2010,race,hispanic,6.0
Scott,2010,race,other,6.0
Scott,2010,race,white,592.0
Scott,2011,race,american indian,0.0
Scott,2011,race,asian,5.0
Scott,2011,race,black,0.0
Scott,2011,race,hispanic,7.0
Scott,2011,race,other,7.0
Scott,2011,race,white,599.0
Scott,2012,race,american indian,0.0
Scott,2012,race,asian,7.0
Scott,2012,race,black,0.0
Scott,2012,race,hispanic,8.0
Scott,2012,race,other,17.0
Scott,2012,race,white,555.0
Scott,2013,race,american indian,0.0
Scott,2013,race,asian,3.0
Scott,2013,race,black,0.0
Scott,2013,race,hispanic,0.0
Scott,2013,race,other,3.0
Scott,2013,race,white,610.0
Scott,2014,race,american indian,0.0
Scott,2014,race,asian,4.0
Scott,2014,race,black,0.0
Scott,2014,race,hispanic,47.0
Scott,2014,race,other,4.0
Scott,2014,race,white,617.0
Scott,2015,race,american indian,3.0
Scott,2015,race,asian,4.0
Scott,2015,race,black,0.0
Scott,2015,race,hispanic,41.0
Scott,2015,race,other,9.0
Scott,2015,race,white,618.0
Scott,2016,race,american indian,6.0
Scott,2016,race,asian,0.0
Scott,2016,race,black,0.0
Scott,2016,race,hispanic,35.0
Scott,2016,race,other,17.0
Scott,2016,race,white,573.0
Scott,2017,race,american indian,7.0
Scott,2017,race,asian,0.0
Scott,2017,race,black,3.0
Scott,2017,race,hispanic,34.0
Scott,2017,race,other,12.0
Scott,2017,race,white,578.0
Scott,2018,race,american indian,6.0
Scott,2018,race,asian,0.0
Scott,2018,race,black,5.0
Scott,2018,race,hispanic,35.0
Scott,2018,race,other,18.0
Scott,2018,race,white,564.0
Scott,2019,race,american indian,11.0
Scott,2019,race,asian,0.0
Scott,2019,race,black,4.0
Scott,2019,race,hispanic,26.0
Scott,2019,race,other,16.0
Scott,2019,race,white,528.0
Scott,2020,race,american indian,0.0
Scott,2020,race,asian,0.0
Scott,2020,race,black,11.0
Scott,2020,race,hispanic,21.0
Scott,2020,race,other,12.0
Scott,2020,race,white,470.0
Scott,2021,race,american indian,0.0
Scott,2021,race,asian,8.0
Scott,2021,race,black,6.0
Scott,2021,race,hispanic,0.0
Scott,2021,race,other,49.0
Scott,2021,race,white,468.0
Scott,2022,race,american indian,0.0
Scott,2022,race,asian,5.0
Scott,2022,race,black,0.0
Scott,2022,race,hispanic,23.0
Scott,2022,race,other,64.0
Scott,2022,race,white,435.0
Scott,2023,race,american indian,0.0
Scott,2023,race,asian,1.0
Scott,2023,race,black,12.0
Scott,2023,race,hispanic,25.0
Scott,2023,race,other,33.0
Scott,2023,race,white,440.0
Scott,2024,race,american indian,0.0
Scott,2024,race,asian,1.0
Scott,2024,race,black,14.0
Scott,2024,race,hispanic,27.0
Scott,2024,race,other,36.0
Scott,2024,race,white,414.0
Shelby,2010,race,american indian,0.0
Shelby,2010,race,asian,4.0
Shelby,2010,race,black,42.0
Shelby,2010,race,hispanic,6.0
Shelby,2010,race,other,9.0
Shelby,2010,race,white,2397.0
Shelby,2011,race,american indian,0.0
Shelby,2011,race,asian,3.0
Shelby,2011,race,black,35.0
Shelby,2011,race,hispanic,23.0
Shelby,2011,race,other,4.0
Shelby,2011,race,white,2399.0
Shelby,2012,race,american indian,0.0
Shelby,2012,race,asian,4.0
Shelby,2012,race,black,25.0
Shelby,2012,race,hispanic,23.0
Shelby,2012,race,other,3.0
Shelby,2012,race,white,2221.0
Shelby,2013,race,american indian,0.0
Shelby,2013,race,asian,34.0
Shelby,2013,race,black,13.0
Shelby,2013,race,hispanic,24.0
Shelby,2013,race,other,6.0
Shelby,2013,race,white,2187.0
Shelby,2014,race,american indian,0.0
Shelby,2014,race,asian,33.0
Shelby,2014,race,black,11.0
Shelby,2014,race,hispanic,34.0
Shelby,2014,race,other,0.0
Shelby,2014,race,white,2142.0
Shelby,2015,race,american indian,0.0
Shelby,2015,race,asian,45.0
Shelby,2015,race,black,13.0
Shelby,2015,race,hispanic,39.0
Shelby,2015,race,other,5.0
Shelby,2015,race,white,2106.0
Shelby,2016,race,american indian,0.0
Shelby,2016,race,asian,47.0
Shelby,2016,race,black,64.0
Shelby,2016,race,hispanic,48.0
Shelby,2016,race,other,7.0
Shelby,2016,race,white,2054.0
Shelby,2017,race,american indian,0.0
Shelby,2017,race,asian,40.0
Shelby,2017,race,black,62.0
Shelby,2017,race,hispanic,39.0
Shelby,2017,race,other,15.0
Shelby,2017,race,white,2086.0
Shelby,2018,race,american indian,0.0
Shelby,2018,race,asian,1.0
Shelby,2018,race,black,88.0
Shelby,2018,race,hispanic,42.0
Shelby,2018,race,other,14.0
Shelby,2018,race,white,2124.0
Shelby,2019,race,american indian,0.0
Shelby,2019,race,asian,5.0
Shelby,2019,race,black,72.0
Shelby,2019,race,hispanic,25.0
Shelby,2019,race,other,34.0
Shelby,2019,race,white,2094.0
Shelby,2020,race,american indian,0.0
Shelby,2020,race,asian,1.0
Shelby,2020,race,black,70.0
Shelby,2020,race,hispanic,29.0
Shelby,2020,race,other,37.0
Shelby,2020,race,white,2053.0
Shelby,2021,race,american indian,0.0
Shelby,2021,race,asian,0.0
Shelby,2021,race,black,4.0
Shelby,2021,race,hispanic,27.0
Shelby,2021,race,other,105.0
Shelby,2021,race,white,2088.0
Shelby,2022,race,american indian,1.0
Shelby,2022,race,asian,0.0
Shelby,2022,race,black,3.0
Shelby,2022,race,hispanic,37.0
Shelby,2022,race,other,120.0
Shelby,2022,race,white,1987.0
Shelby,2023,race,american indian,5.0
Shelby,2023,race,asian,0.0
Shelby,2023,race,black,0.0
Shelby,2023,race,hispanic,32.0
Shelby,2023,race,other,92.0
Shelby,2023,race,white,1994.0
Shelby,2024,race,american indian,6.0
Shelby,2024,race,asian,0.0
Shelby,2024,race,black,0.0
Shelby,2024,race,hispanic,15.0
Shelby,2024,race,other,80.0
Shelby,2024,race,white,2028.0
St. Clair,2010,race,american indian,16.0
St. Clair,2010,race,asian,249.0
St. Clair,2010,race,black,12488.0
St. Clair,2010,race,hispanic,1227.0
St. Clair,2010,race,other,1393.0
St. Clair,2010,race,white,17500.0
St. Clair,2011,race,american indian,12.0
St. Clair,2011,race,asian,239.0
St. Clair,2011,race,black,12474.0
St. Clair,2011,race,hispanic,1369.0
St. Clair,2011,race,other,1419.0
St. Clair,2011,race,white,17314.0
St. Clair,2012,race,american indian,13.0
St. Clair,2012,race,asian,187.0
St. Clair,2012,race,black,12341.0
St. Clair,2012,race,hispanic,1330.0
St. Clair,2012,race,other,1443.0
St. Clair,2012,race,white,17034.0
St. Clair,2013,race,american indian,15.0
St. Clair,2013,race,asian,209.0
St. Clair,2013,race,black,11913.0
St. Clair,2013,race,hispanic,1429.0
St. Clair,2013,race,other,1503.0
St. Clair,2013,race,white,16793.0
St. Clair,2014,race,american indian,13.0
St. Clair,2014,race,asian,245.0
St. Clair,2014,race,black,11542.0
St. Clair,2014,race,hispanic,1453.0
St. Clair,2014,race,other,1350.0
St. Clair,2014,race,white,16804.0
St. Clair,2015,race,american indian,22.0
St. Clair,2015,race,asian,287.0
St. Clair,2015,race,black,10783.0
St. Clair,2015,race,hispanic,1431.0
St. Clair,2015,race,other,1541.0
St. Clair,2015,race,white,16600.0
St. Clair,2016,race,american indian,21.0
St. Clair,2016,race,asian,288.0
St. Clair,2016,race,black,10641.0
St. Clair,2016,race,hispanic,1419.0
St. Clair,2016,race,other,1702.0
St. Clair,2016,race,white,16417.0
St. Clair,2017,race,american indian,30.0
St. Clair,2017,race,asian,295.0
St. Clair,2017,race,black,10360.0
St. Clair,2017,race,hispanic,1408.0
St. Clair,2017,race,other,1833.0
St. Clair,2017,race,white,15914.0
St. Clair,2018,race,american indian,27.0
St. Clair,2018,race,asian,297.0
St. Clair,2018,race,black,9949.0
St. Clair,2018,race,hispanic,1470.0
St. Clair,2018,race,other,1914.0
St. Clair,2018,race,white,15788.0
St. Clair,2019,race,american indian,62.0
St. Clair,2019,race,asian,308.0
St. Clair,2019,race,black,9704.0
St. Clair,2019,race,hispanic,1684.0
St. Clair,2019,race,other,2162.0
St. Clair,2019,race,white,15725.0
St. Clair,2020,race,american indian,23.0
St. Clair,2020,race,asian,273.0
St. Clair,2020,race,black,9536.0
St. Clair,2020,race,hispanic,1591.0
St. Clair,2020,race,other,3123.0
St. Clair,2020,race,white,15548.0
St. Clair,2021,race,american indian,9.0
St. Clair,2021,race,asian,323.0
St. Clair,2021,race,black,9369.0
St. Clair,2021,race,hispanic,1738.0
St. Clair,2021,race,other,3674.0
St. Clair,2021,race,white,15497.0
St. Clair,2022,race,american indian,88.0
St. Clair,2022,race,asian,461.0
St. Clair,2022,race,black,8643.0
St. Clair,2022,race,hispanic,1863.0
St. Clair,2022,race,other,4700.0
St. Clair,2022,race,white,15222.0
St. Clair,2023,race,american indian,54.0
St. Clair,2023,race,asian,480.0
St. Clair,2023,race,black,8457.0
St. Clair,2023,race,hispanic,1996.0
St. Clair,2023,race,other,4790.0
St. Clair,2023,race,white,14662.0
St. Clair,2024,race,american indian,0.0
St. Clair,2024,race,asian,561.0
St. Clair,2024,race,black,8187.0
St. Clair,2024,race,hispanic,2011.0
St. Clair,2024,race,other,5064.0
St. Clair,2024,race,white,14170.0
Stark,2010,race,american indian,0.0
Stark,2010,race,asian,0.0
Stark,2010,race,black,0.0
Stark,2010,race,hispanic,19.0
Stark,2010,race,other,29.0
Stark,2010,race,white,680.0
Stark,2011,race,american indian,0.0
Stark,2011,race,asian,0.0
Stark,2011,race,black,0.0
Stark,2011,race,hispanic,17.0
Stark,2011,race,other,40.0
Stark,2011,race,white,688.0
Stark,2012,race,american indian,0.0
Stark,2012,race,asian,0.0
Stark,2012,race,black,0.0
Stark,2012,race,hispanic,19.0
Stark,2012,race,other,23.0
Stark,2012,race,white,698.0
Stark,2013,race,american indian,0.0
Stark,2013,race,asian,0.0
Stark,2013,race,black,4.0
Stark,2013,race,hispanic,20.0
Stark,2013,race,other,19.0
Stark,2013,race,white,614.0
Stark,2014,race,american indian,0.0
Stark,2014,race,asian,0.0
Stark,2014,race,black,8.0
Stark,2014,race,hispanic,26.0
Stark,2014,race,other,17.0
Stark,2014,race,white,607.0
Stark,2015,race,american indian,0.0
Stark,2015,race,asian,8.0
Stark,2015,race,black,18.0
Stark,2015,race,hispanic,15.0
Stark,2015,race,other,8.0
Stark,2015,race,white,553.0
Stark,2016,race,american indian,0.0
Stark,2016,race,asian,6.0
Stark,2016,race,black,16.0
Stark,2016,race,hispanic,20.0
Stark,2016,race,other,6.0
Stark,2016,race,white,525.0
Stark,2017,race,american indian,0.0
Stark,2017,race,asian,5.0
Stark,2017,race,black,12.0
Stark,2017,race,hispanic,23.0
Stark,2017,race,other,2.0
Stark,2017,race,white,502.0
Stark,2018,race,american indian,0.0
Stark,2018,race,asian,6.0
Stark,2018,race,black,6.0
Stark,2018,race,hispanic,30.0
Stark,2018,race,other,0.0
Stark,2018,race,white,551.0
Stark,2019,race,american indian,0.0
Stark,2019,race,asian,4.0
Stark,2019,race,black,7.0
Stark,2019,race,hispanic,37.0
Stark,2019,race,other,0.0
Stark,2019,race,white,541.0
Stark,2020,race,american indian,0.0
Stark,2020,race,asian,0.0
Stark,2020,race,black,0.0
Stark,2020,race,hispanic,35.0
Stark,2020,race,other,2.0
Stark,2020,race,white,564.0
Stark,2021,race,american indian,0.0
Stark,2021,race,asian,0.0
Stark,2021,race,black,0.0
Stark,2021,race,hispanic,31.0
Stark,2021,race,other,7.0
Stark,2021,race,white,560.0
Stark,2022,race,american indian,0.0
Stark,2022,race,asian,6.0
Stark,2022,race,black,0.0
Stark,2022,race,hispanic,21.0
Stark,2022,race,other,21.0
Stark,2022,race,white,499.0
Stark,2023,race,american indian,0.0
Stark,2023,race,asian,4.0
Stark,2023,race,black,0.0
Stark,2023,race,hispanic,18.0
Stark,2023,race,other,24.0
Stark,2023,race,white,469.0
Stark,2024,race,american indian,0.0
Stark,2024,race,asian,18.0
Stark,2024,race,black,5.0
Stark,2024,race,hispanic,13.0
Stark,2024,race,other,26.0
Stark,2024,race,white,438.0
Stephenson,2010,race,american indian,1.0
Stephenson,2010,race,asian,97.0
Stephenson,2010,race,black,607.0
Stephenson,2010,race,hispanic,156.0
Stephenson,2010,race,other,217.0
Stephenson,2010,race,white,4294.0
Stephenson,2011,race,american indian,3.0
Stephenson,2011,race,asian,57.0
Stephenson,2011,race,black,620.0
Stephenson,2011,race,hispanic,170.0
Stephenson,2011,race,other,267.0
Stephenson,2011,race,white,4309.0
Stephenson,2012,race,american indian,4.0
Stephenson,2012,race,asian,76.0
Stephenson,2012,race,black,531.0
Stephenson,2012,race,hispanic,217.0
Stephenson,2012,race,other,358.0
Stephenson,2012,race,white,4315.0
Stephenson,2013,race,american indian,4.0
Stephenson,2013,race,asian,68.0
Stephenson,2013,race,black,507.0
Stephenson,2013,race,hispanic,243.0
Stephenson,2013,race,other,438.0
Stephenson,2013,race,white,4263.0
Stephenson,2014,race,american indian,0.0
Stephenson,2014,race,asian,56.0
Stephenson,2014,race,black,567.0
Stephenson,2014,race,hispanic,276.0
Stephenson,2014,race,other,340.0
Stephenson,2014,race,white,4020.0
Stephenson,2015,race,american indian,0.0
Stephenson,2015,race,asian,82.0
Stephenson,2015,race,black,555.0
Stephenson,2015,race,hispanic,301.0
Stephenson,2015,race,other,439.0
Stephenson,2015,race,white,3912.0
Stephenson,2016,race,american indian,0.0
Stephenson,2016,race,asian,105.0
Stephenson,2016,race,black,510.0
Stephenson,2016,race,hispanic,291.0
Stephenson,2016,race,other,430.0
Stephenson,2016,race,white,3726.0
Stephenson,2017,race,american indian,15.0
Stephenson,2017,race,asian,77.0
Stephenson,2017,race,black,471.0
Stephenson,2017,race,hispanic,276.0
Stephenson,2017,race,other,458.0
Stephenson,2017,race,white,3506.0
Stephenson,2018,race,american indian,18.0
Stephenson,2018,race,asian,63.0
Stephenson,2018,race,black,467.0
Stephenson,2018,race,hispanic,272.0
Stephenson,2018,race,other,444.0
Stephenson,2018,race,white,3185.0
Stephenson,2019,race,american indian,31.0
Stephenson,2019,race,asian,69.0
Stephenson,2019,race,black,431.0
Stephenson,2019,race,hispanic,322.0
Stephenson,2019,race,other,445.0
Stephenson,2019,race,white,3260.0
Stephenson,2020,race,american indian,28.0
Stephenson,2020,race,asian,41.0
Stephenson,2020,race,black,506.0
Stephenson,2020,race,hispanic,304.0
Stephenson,2020,race,other,690.0
Stephenson,2020,race,white,3179.0
Stephenson,2021,race,american indian,6.0
Stephenson,2021,race,asian,19.0
Stephenson,2021,race,black,561.0
Stephenson,2021,race,hispanic,351.0
Stephenson,2021,race,other,677.0
Stephenson,2021,race,white,3387.0
Stephenson,2022,race,american indian,0.0
Stephenson,2022,race,asian,37.0
Stephenson,2022,race,black,564.0
Stephenson,2022,race,hispanic,459.0
Stephenson,2022,race,other,728.0
Stephenson,2022,race,white,3324.0
Stephenson,2023,race,american indian,0.0
Stephenson,2023,race,asian,54.0
Stephenson,2023,race,black,490.0
Stephenson,2023,race,hispanic,451.0
Stephenson,2023,race,other,970.0
Stephenson,2023,race,white,3447.0
Stephenson,2024,race,american indian,0.0
Stephenson,2024,race,asian,67.0
Stephenson,2024,race,black,532.0
Stephenson,2024,race,hispanic,266.0
Stephenson,2024,race,other,918.0
Stephenson,2024,race,white,3110.0
Tazewell,2010,race,american indian,12.0
Tazewell,2010,race,asian,126.0
Tazewell,2010,race,black,41.0
Tazewell,2010,race,hispanic,326.0
Tazewell,2010,race,other,614.0
Tazewell,2010,race,white,14072.0
Tazewell,2011,race,american indian,2.0
Tazewell,2011,race,asian,151.0
Tazewell,2011,race,black,75.0
Tazewell,2011,race,hispanic,370.0
Tazewell,2011,race,other,600.0
Tazewell,2011,race,white,13735.0
Tazewell,2012,race,american indian,8.0
Tazewell,2012,race,asian,136.0
Tazewell,2012,race,black,94.0
Tazewell,2012,race,hispanic,385.0
Tazewell,2012,race,other,510.0
Tazewell,2012,race,white,13684.0
Tazewell,2013,race,american indian,6.0
Tazewell,2013,race,asian,124.0
Tazewell,2013,race,black,102.0
Tazewell,2013,race,hispanic,384.0
Tazewell,2013,race,other,573.0
Tazewell,2013,race,white,13804.0
Tazewell,2014,race,american indian,6.0
Tazewell,2014,race,asian,139.0
Tazewell,2014,race,black,134.0
Tazewell,2014,race,hispanic,455.0
Tazewell,2014,race,other,673.0
Tazewell,2014,race,white,13655.0
Tazewell,2015,race,american indian,7.0
Tazewell,2015,race,asian,163.0
Tazewell,2015,race,black,152.0
Tazewell,2015,race,hispanic,447.0
Tazewell,2015,race,other,444.0
Tazewell,2015,race,white,13524.0
Tazewell,2016,race,american indian,6.0
Tazewell,2016,race,asian,183.0
Tazewell,2016,race,black,98.0
Tazewell,2016,race,hispanic,440.0
Tazewell,2016,race,other,377.0
Tazewell,2016,race,white,13619.0
Tazewell,2017,race,american indian,11.0
Tazewell,2017,race,asian,188.0
Tazewell,2017,race,black,132.0
Tazewell,2017,race,hispanic,438.0
Tazewell,2017,race,other,391.0
Tazewell,2017,race,white,13490.0
Tazewell,2018,race,american indian,11.0
Tazewell,2018,race,asian,216.0
Tazewell,2018,race,black,144.0
Tazewell,2018,race,hispanic,420.0
Tazewell,2018,race,other,359.0
Tazewell,2018,race,white,13120.0
Tazewell,2019,race,american indian,10.0
Tazewell,2019,race,asian,265.0
Tazewell,2019,race,black,121.0
Tazewell,2019,race,hispanic,398.0
Tazewell,2019,race,other,336.0
Tazewell,2019,race,white,12965.0
Tazewell,2020,race,american indian,15.0
Tazewell,2020,race,asian,353.0
Tazewell,2020,race,black,117.0
Tazewell,2020,race,hispanic,374.0
Tazewell,2020,race,other,417.0
Tazewell,2020,race,white,12450.0
Tazewell,2021,race,american indian,10.0
Tazewell,2021,race,asian,267.0
Tazewell,2021,race,black,181.0
Tazewell,2021,race,hispanic,474.0
Tazewell,2021,race,other,425.0
Tazewell,2021,race,white,12932.0
Tazewell,2022,race,american indian,0.0
Tazewell,2022,race,asian,295.0
Tazewell,2022,race,black,101.0
Tazewell,2022,race,hispanic,538.0
Tazewell,2022,race,other,754.0
Tazewell,2022,race,white,12878.0
Tazewell,2023,race,american indian,0.0
Tazewell,2023,race,asian,281.0
Tazewell,2023,race,black,94.0
Tazewell,2023,race,hispanic,552.0
Tazewell,2023,race,other,792.0
Tazewell,2023,race,white,12759.0
Tazewell,2024,race,american indian,0.0
Tazewell,2024,race,asian,217.0
Tazewell,2024,race,black,149.0
Tazewell,2024,race,hispanic,540.0
Tazewell,2024,race,other,917.0
Tazewell,2024,race,white,12871.0
Union,2010,race,american indian,0.0
Union,2010,race,asian,25.0
Union,2010,race,black,0.0
Union,2010,race,hispanic,125.0
Union,2010,race,other,68.0
Union,2010,race,white,1594.0
Union,2011,race,american indian,0.0
Union,2011,race,asian,42.0
Union,2011,race,black,68.0
Union,2011,race,hispanic,143.0
Union,2011,race,other,78.0
Union,2011,race,white,1504.0
Union,2012,race,american indian,0.0
Union,2012,race,asian,0.0
Union,2012,race,black,82.0
Union,2012,race,hispanic,156.0
Union,2012,race,other,65.0
Union,2012,race,white,1481.0
Union,2013,race,american indian,0.0
Union,2013,race,asian,0.0
Union,2013,race,black,56.0
Union,2013,race,hispanic,139.0
Union,2013,race,other,38.0
Union,2013,race,white,1431.0
Union,2014,race,american indian,0.0
Union,2014,race,asian,13.0
Union,2014,race,black,27.0
Union,2014,race,hispanic,120.0
Union,2014,race,other,44.0
Union,2014,race,white,1441.0
Union,2015,race,american indian,0.0
Union,2015,race,asian,29.0
Union,2015,race,black,30.0
Union,2015,race,hispanic,137.0
Union,2015,race,other,51.0
Union,2015,race,white,1453.0
Union,2016,race,american indian,0.0
Union,2016,race,asian,32.0
Union,2016,race,black,10.0
Union,2016,race,hispanic,105.0
Union,2016,race,other,37.0
Union,2016,race,white,1493.0
Union,2017,race,american indian,0.0
Union,2017,race,asian,9.0
Union,2017,race,black,24.0
Union,2017,race,hispanic,115.0
Union,2017,race,other,75.0
Union,2017,race,white,1491.0
Union,2018,race,american indian,0.0
Union,2018,race,asian,9.0
Union,2018,race,black,53.0
Union,2018,race,hispanic,116.0
Union,2018,race,other,61.0
Union,2018,race,white,1578.0
Union,2019,race,american indian,0.0
Union,2019,race,asian,5.0
Union,2019,race,black,69.0
Union,2019,race,hispanic,121.0
Union,2019,race,other,73.0
Union,2019,race,white,1611.0
Union,2020,race,american indian,0.0
Union,2020,race,asian,3.0
Union,2020,race,black,65.0
Union,2020,race,hispanic,109.0
Union,2020,race,other,105.0
Union,2020,race,white,1601.0
Union,2021,race,american indian,0.0
Union,2021,race,asian,3.0
Union,2021,race,black,45.0
Union,2021,race,hispanic,188.0
Union,2021,race,other,133.0
Union,2021,race,white,1758.0
Union,2022,race,american indian,0.0
Union,2022,race,asian,8.0
Union,2022,race,black,44.0
Union,2022,race,hispanic,177.0
Union,2022,race,other,212.0
Union,2022,race,white,1537.0
Union,2023,race,american indian,0.0
Union,2023,race,asian,4.0
Union,2023,race,black,11.0
Union,2023,race,hispanic,166.0
Union,2023,race,other,284.0
Union,2023,race,white,1516.0
Union,2024,race,american indian,0.0
Union,2024,race,asian,13.0
Union,2024,race,black,28.0
Union,2024,race,hispanic,177.0
Union,2024,race,other,315.0
Union,2024,race,white,1515.0
Vermilion,2010,race,american indian,0.0
Vermilion,2010,race,asian,14.0
Vermilion,2010,race,black,1395.0
Vermilion,2010,race,hispanic,502.0
Vermilion,2010,race,other,432.0
Vermilion,2010,race,white,7226.0
Vermilion,2011,race,american indian,50.0
Vermilion,2011,race,asian,21.0
Vermilion,2011,race,black,1309.0
Vermilion,2011,race,hispanic,602.0
Vermilion,2011,race,other,372.0
Vermilion,2011,race,white,7279.0
Vermilion,2012,race,american indian,52.0
Vermilion,2012,race,asian,57.0
Vermilion,2012,race,black,1500.0
Vermilion,2012,race,hispanic,626.0
Vermilion,2012,race,other,460.0
Vermilion,2012,race,white,7143.0
Vermilion,2013,race,american indian,134.0
Vermilion,2013,race,asian,120.0
Vermilion,2013,race,black,1582.0
Vermilion,2013,race,hispanic,658.0
Vermilion,2013,race,other,459.0
Vermilion,2013,race,white,6993.0
Vermilion,2014,race,american indian,128.0
Vermilion,2014,race,asian,123.0
Vermilion,2014,race,black,1613.0
Vermilion,2014,race,hispanic,672.0
Vermilion,2014,race,other,479.0
Vermilion,2014,race,white,6823.0
Vermilion,2015,race,american indian,152.0
Vermilion,2015,race,asian,107.0
Vermilion,2015,race,black,1607.0
Vermilion,2015,race,hispanic,608.0
Vermilion,2015,race,other,358.0
Vermilion,2015,race,white,6490.0
Vermilion,2016,race,american indian,45.0
Vermilion,2016,race,asian,114.0
Vermilion,2016,race,black,1415.0
Vermilion,2016,race,hispanic,478.0
Vermilion,2016,race,other,401.0
Vermilion,2016,race,white,6390.0
Vermilion,2017,race,american indian,49.0
Vermilion,2017,race,asian,82.0
Vermilion,2017,race,black,1307.0
Vermilion,2017,race,hispanic,505.0
Vermilion,2017,race,other,414.0
Vermilion,2017,race,white,6354.0
Vermilion,2018,race,american indian,52.0
Vermilion,2018,race,asian,90.0
Vermilion,2018,race,black,1296.0
Vermilion,2018,race,hispanic,593.0
Vermilion,2018,race,other,484.0
Vermilion,2018,race,white,6402.0
Vermilion,2019,race,american indian,71.0
Vermilion,2019,race,asian,76.0
Vermilion,2019,race,black,1284.0
Vermilion,2019,race,hispanic,562.0
Vermilion,2019,race,other,435.0
Vermilion,2019,race,white,6390.0
Vermilion,2020,race,american indian,54.0
Vermilion,2020,race,asian,63.0
Vermilion,2020,race,black,1277.0
Vermilion,2020,race,hispanic,620.0
Vermilion,2020,race,other,452.0
Vermilion,2020,race,white,6619.0
Vermilion,2021,race,american indian,30.0
Vermilion,2021,race,asian,66.0
Vermilion,2021,race,black,1184.0
Vermilion,2021,race,hispanic,547.0
Vermilion,2021,race,other,588.0
Vermilion,2021,race,white,6469.0
Vermilion,2022,race,american indian,30.0
Vermilion,2022,race,asian,94.0
Vermilion,2022,race,black,1197.0
Vermilion,2022,race,hispanic,773.0
Vermilion,2022,race,other,796.0
Vermilion,2022,race,white,6241.0
Vermilion,2023,race,american indian,0.0
Vermilion,2023,race,asian,59.0
Vermilion,2023,race,black,1279.0
Vermilion,2023,race,hispanic,717.0
Vermilion,2023,race,other,865.0
Vermilion,2023,race,white,6010.0
Vermilion,2024,race,american indian,0.0
Vermilion,2024,race,asian,114.0
Vermilion,2024,race,black,1470.0
Vermilion,2024,race,hispanic,706.0
Vermilion,2024,race,other,934.0
Vermilion,2024,race,white,5793.0
Wabash,2010,race,american indian,0.0
Wabash,2010,race,asian,0.0
Wabash,2010,race,black,26.0
Wabash,2010,race,hispanic,46.0
Wabash,2010,race,other,46.0
Wabash,2010,race,white,1261.0
Wabash,2011,race,american indian,0.0
Wabash,2011,race,asian,0.0
Wabash,2011,race,black,38.0
Wabash,2011,race,hispanic,55.0
Wabash,2011,race,other,58.0
Wabash,2011,race,white,1187.0
Wabash,2012,race,american indian,0.0
Wabash,2012,race,asian,32.0
Wabash,2012,race,black,0.0
Wabash,2012,race,hispanic,83.0
Wabash,2012,race,other,49.0
Wabash,2012,race,white,1156.0
Wabash,2013,race,american indian,0.0
Wabash,2013,race,asian,32.0
Wabash,2013,race,black,0.0
Wabash,2013,race,hispanic,45.0
Wabash,2013,race,other,28.0
Wabash,2013,race,white,1136.0
Wabash,2014,race,american indian,0.0
Wabash,2014,race,asian,13.0
Wabash,2014,race,black,0.0
Wabash,2014,race,hispanic,16.0
Wabash,2014,race,other,18.0
Wabash,2014,race,white,1089.0
Wabash,2015,race,american indian,0.0
Wabash,2015,race,asian,18.0
Wabash,2015,race,black,19.0
Wabash,2015,race,hispanic,21.0
Wabash,2015,race,other,11.0
Wabash,2015,race,white,1123.0
Wabash,2016,race,american indian,0.0
Wabash,2016,race,asian,41.0
Wabash,2016,race,black,18.0
Wabash,2016,race,hispanic,19.0
Wabash,2016,race,other,29.0
Wabash,2016,race,white,1108.0
Wabash,2017,race,american indian,0.0
Wabash,2017,race,asian,33.0
Wabash,2017,race,black,10.0
Wabash,2017,race,hispanic,25.0
Wabash,2017,race,other,34.0
Wabash,2017,race,white,1148.0
Wabash,2018,race,american indian,0.0
Wabash,2018,race,asian,27.0
Wabash,2018,race,black,12.0
Wabash,2018,race,hispanic,18.0
Wabash,2018,race,other,28.0
Wabash,2018,race,white,1128.0
Wabash,2019,race,american indian,0.0
Wabash,2019,race,asian,19.0
Wabash,2019,race,black,11.0
Wabash,2019,race,hispanic,22.0
Wabash,2019,race,other,45.0
Wabash,2019,race,white,1142.0
Wabash,2020,race,american indian,0.0
Wabash,2020,race,asian,28.0
Wabash,2020,race,black,0.0
Wabash,2020,race,hispanic,12.0
Wabash,2020,race,other,40.0
Wabash,2020,race,white,1187.0
Wabash,2021,race,american indian,0.0
Wabash,2021,race,asian,14.0
Wabash,2021,race,black,0.0
Wabash,2021,race,hispanic,14.0
Wabash,2021,race,other,38.0
Wabash,2021,race,white,1239.0
Wabash,2022,race,american indian,0.0
Wabash,2022,race,asian,4.0
Wabash,2022,race,black,32.0
Wabash,2022,race,hispanic,0.0
Wabash,2022,race,other,33.0
Wabash,2022,race,white,1105.0
Wabash,2023,race,american indian,0.0
Wabash,2023,race,asian,5.0
Wabash,2023,race,black,38.0
Wabash,2023,race,hispanic,9.0
Wabash,2023,race,other,41.0
Wabash,2023,race,white,1124.0
Wabash,2024,race,american indian,0.0
Wabash,2024,race,asian,5.0
Wabash,2024,race,black,22.0
Wabash,2024,race,hispanic,46.0
Wabash,2024,race,other,61.0
Wabash,2024,race,white,1061.0
Warren,2010,race,american indian,21.0
Warren,2010,race,asian,3.0
Warren,2010,race,black,19.0
Warren,2010,race,hispanic,234.0
Warren,2010,race,other,241.0
Warren,2010,race,white,1547.0
Warren,2011,race,american indian,59.0
Warren,2011,race,asian,2.0
Warren,2011,race,black,49.0
Warren,2011,race,hispanic,234.0
Warren,2011,race,other,189.0
Warren,2011,race,white,1540.0
Warren,2012,race,american indian,38.0
Warren,2012,race,asian,5.0
Warren,2012,race,black,54.0
Warren,2012,race,hispanic,248.0
Warren,2012,race,other,200.0
Warren,2012,race,white,1558.0
Warren,2013,race,american indian,19.0
Warren,2013,race,asian,12.0
Warren,2013,race,black,102.0
Warren,2013,race,hispanic,258.0
Warren,2013,race,other,228.0
Warren,2013,race,white,1580.0
Warren,2014,race,american indian,44.0
Warren,2014,race,asian,18.0
Warren,2014,race,black,116.0
Warren,2014,race,hispanic,277.0
Warren,2014,race,other,251.0
Warren,2014,race,white,1508.0
Warren,2015,race,american indian,42.0
Warren,2015,race,asian,17.0
Warren,2015,race,black,94.0
Warren,2015,race,hispanic,263.0
Warren,2015,race,other,210.0
Warren,2015,race,white,1504.0
Warren,2016,race,american indian,0.0
Warren,2016,race,asian,18.0
Warren,2016,race,black,101.0
Warren,2016,race,hispanic,251.0
Warren,2016,race,other,231.0
Warren,2016,race,white,1571.0
Warren,2017,race,american indian,0.0
Warren,2017,race,asian,12.0
Warren,2017,race,black,93.0
Warren,2017,race,hispanic,200.0
Warren,2017,race,other,227.0
Warren,2017,race,white,1485.0
Warren,2018,race,american indian,10.0
Warren,2018,race,asian,0.0
Warren,2018,race,black,88.0
Warren,2018,race,hispanic,228.0
Warren,2018,race,other,224.0
Warren,2018,race,white,1435.0
Warren,2019,race,american indian,9.0
Warren,2019,race,asian,0.0
Warren,2019,race,black,119.0
Warren,2019,race,hispanic,248.0
Warren,2019,race,other,188.0
Warren,2019,race,white,1454.0
Warren,2020,race,american indian,50.0
Warren,2020,race,asian,0.0
Warren,2020,race,black,163.0
Warren,2020,race,hispanic,253.0
Warren,2020,race,other,147.0
Warren,2020,race,white,1332.0
Warren,2021,race,american indian,56.0
Warren,2021,race,asian,0.0
Warren,2021,race,black,149.0
Warren,2021,race,hispanic,323.0
Warren,2021,race,other,226.0
Warren,2021,race,white,1343.0
Warren,2022,race,american indian,45.0
Warren,2022,race,asian,0.0
Warren,2022,race,black,128.0
Warren,2022,race,hispanic,277.0
Warren,2022,race,other,244.0
Warren,2022,race,white,1228.0
Warren,2023,race,american indian,55.0
Warren,2023,race,asian,0.0
Warren,2023,race,black,82.0
Warren,2023,race,hispanic,313.0
Warren,2023,race,other,270.0
Warren,2023,race,white,1217.0
Warren,2024,race,american indian,39.0
Warren,2024,race,asian,98.0
Warren,2024,race,black,78.0
Warren,2024,race,hispanic,390.0
Warren,2024,race,other,418.0
Warren,2024,race,white,1184.0
Washington,2010,race,american indian,0.0
Washington,2010,race,asian,0.0
Washington,2010,race,black,0.0
Washington,2010,race,hispanic,30.0
Washington,2010,race,other,47.0
Washington,2010,race,white,1542.0
Washington,2011,race,american indian,3.0
Washington,2011,race,asian,0.0
Washington,2011,race,black,32.0
Washington,2011,race,hispanic,29.0
Washington,2011,race,other,54.0
Washington,2011,race,white,1389.0
Washington,2012,race,american indian,1.0
Washington,2012,race,asian,0.0
Washington,2012,race,black,20.0
Washington,2012,race,hispanic,40.0
Washington,2012,race,other,78.0
Washington,2012,race,white,1361.0
Washington,2013,race,american indian,1.0
Washington,2013,race,asian,13.0
Washington,2013,race,black,21.0
Washington,2013,race,hispanic,41.0
Washington,2013,race,other,70.0
Washington,2013,race,white,1291.0
Washington,2014,race,american indian,1.0
Washington,2014,race,asian,9.0
Washington,2014,race,black,24.0
Washington,2014,race,hispanic,35.0
Washington,2014,race,other,64.0
Washington,2014,race,white,1260.0
Washington,2015,race,american indian,4.0
Washington,2015,race,asian,9.0
Washington,2015,race,black,29.0
Washington,2015,race,hispanic,42.0
Washington,2015,race,other,87.0
Washington,2015,race,white,1234.0
Washington,2016,race,american indian,0.0
Washington,2016,race,asian,13.0
Washington,2016,race,black,29.0
Washington,2016,race,hispanic,34.0
Washington,2016,race,other,100.0
Washington,2016,race,white,1210.0
Washington,2017,race,american indian,0.0
Washington,2017,race,asian,11.0
Washington,2017,race,black,34.0
Washington,2017,race,hispanic,25.0
Washington,2017,race,other,99.0
Washington,2017,race,white,1214.0
Washington,2018,race,american indian,0.0
Washington,2018,race,asian,0.0
Washington,2018,race,black,33.0
Washington,2018,race,hispanic,26.0
Washington,2018,race,other,115.0
Washington,2018,race,white,1224.0
Washington,2019,race,american indian,0.0
Washington,2019,race,asian,1.0
Washington,2019,race,black,34.0
Washington,2019,race,hispanic,28.0
Washington,2019,race,other,103.0
Washington,2019,race,white,1239.0
Washington,2020,race,american indian,0.0
Washington,2020,race,asian,3.0
Washington,2020,race,black,20.0
Washington,2020,race,hispanic,21.0
Washington,2020,race,other,66.0
Washington,2020,race,white,1133.0
Washington,2021,race,american indian,0.0
Washington,2021,race,asian,10.0
Washington,2021,race,black,35.0
Washington,2021,race,hispanic,60.0
Washington,2021,race,other,49.0
Washington,2021,race,white,1159.0
Washington,2022,race,american indian,0.0
Washington,2022,race,asian,5.0
Washington,2022,race,black,45.0
Washington,2022,race,hispanic,64.0
Washington,2022,race,other,130.0
Washington,2022,race,white,1095.0
Washington,2023,race,american indian,0.0
Washington,2023,race,asian,4.0
Washington,2023,race,black,59.0
Washington,2023,race,hispanic,70.0
Washington,2023,race,other,123.0
Washington,2023,race,white,1147.0
Washington,2024,race,american indian,0.0
Washington,2024,race,asian,3.0
Washington,2024,race,black,54.0
Washington,2024,race,hispanic,70.0
Washington,2024,race,other,89.0
Washington,2024,race,white,1126.0
Wayne,2010,race,american indian,0.0
Wayne,2010,race,asian,0.0
Wayne,2010,race,black,25.0
Wayne,2010,race,hispanic,8.0
Wayne,2010,race,other,17.0
Wayne,2010,race,white,1785.0
Wayne,2011,race,american indian,0.0
Wayne,2011,race,asian,5.0
Wayne,2011,race,black,16.0
Wayne,2011,race,hispanic,3.0
Wayne,2011,race,other,16.0
Wayne,2011,race,white,1778.0
Wayne,2012,race,american indian,0.0
Wayne,2012,race,asian,10.0
Wayne,2012,race,black,14.0
Wayne,2012,race,hispanic,0.0
Wayne,2012,race,other,23.0
Wayne,2012,race,white,1705.0
Wayne,2013,race,american indian,0.0
Wayne,2013,race,asian,17.0
Wayne,2013,race,black,10.0
Wayne,2013,race,hispanic,26.0
Wayne,2013,race,other,25.0
Wayne,2013,race,white,1689.0
Wayne,2014,race,american indian,0.0
Wayne,2014,race,asian,15.0
Wayne,2014,race,black,13.0
Wayne,2014,race,hispanic,38.0
Wayne,2014,race,other,29.0
Wayne,2014,race,white,1746.0
Wayne,2015,race,american indian,0.0
Wayne,2015,race,asian,46.0
Wayne,2015,race,black,15.0
Wayne,2015,race,hispanic,24.0
Wayne,2015,race,other,48.0
Wayne,2015,race,white,1733.0
Wayne,2016,race,american indian,0.0
Wayne,2016,race,asian,30.0
Wayne,2016,race,black,15.0
Wayne,2016,race,hispanic,22.0
Wayne,2016,race,other,48.0
Wayne,2016,race,white,1662.0
Wayne,2017,race,american indian,5.0
Wayne,2017,race,asian,16.0
Wayne,2017,race,black,15.0
Wayne,2017,race,hispanic,33.0
Wayne,2017,race,other,28.0
Wayne,2017,race,white,1717.0
Wayne,2018,race,american indian,5.0
Wayne,2018,race,asian,0.0
Wayne,2018,race,black,99.0
Wayne,2018,race,hispanic,5.0
Wayne,2018,race,other,14.0
Wayne,2018,race,white,1716.0
Wayne,2019,race,american indian,5.0
Wayne,2019,race,asian,0.0
Wayne,2019,race,black,92.0
Wayne,2019,race,hispanic,4.0
Wayne,2019,race,other,23.0
Wayne,2019,race,white,1647.0
Wayne,2020,race,american indian,2.0
Wayne,2020,race,asian,0.0
Wayne,2020,race,black,50.0
Wayne,2020,race,hispanic,20.0
Wayne,2020,race,other,24.0
Wayne,2020,race,white,1636.0
Wayne,2021,race,american indian,1.0
Wayne,2021,race,asian,0.0
Wayne,2021,race,black,50.0
Wayne,2021,race,hispanic,26.0
Wayne,2021,race,other,32.0
Wayne,2021,race,white,1710.0
Wayne,2022,race,american indian,0.0
Wayne,2022,race,asian,0.0
Wayne,2022,race,black,30.0
Wayne,2022,race,hispanic,71.0
Wayne,2022,race,other,33.0
Wayne,2022,race,white,1668.0
Wayne,2023,race,american indian,0.0
Wayne,2023,race,asian,0.0
Wayne,2023,race,black,1.0
Wayne,2023,race,hispanic,39.0
Wayne,2023,race,other,73.0
Wayne,2023,race,white,1615.0
Wayne,2024,race,american indian,0.0
Wayne,2024,race,asian,0.0
Wayne,2024,race,black,1.0
Wayne,2024,race,hispanic,46.0
Wayne,2024,race,other,79.0
Wayne,2024,race,white,1562.0
White,2010,race,american indian,0.0
White,2010,race,asian,0.0
White,2010,race,black,0.0
White,2010,race,hispanic,24.0
White,2010,race,other,0.0
White,2010,race,white,1179.0
White,2011,race,american indian,0.0
White,2011,race,asian,0.0
White,2011,race,black,4.0
White,2011,race,hispanic,39.0
White,2011,race,other,3.0
White,2011,race,white,1192.0
White,2012,race,american indian,0.0
White,2012,race,asian,0.0
White,2012,race,black,4.0
White,2012,race,hispanic,33.0
White,2012,race,other,12.0
White,2012,race,white,1206.0
White,2013,race,american indian,0.0
White,2013,race,asian,0.0
White,2013,race,black,0.0
White,2013,race,hispanic,33.0
White,2013,race,other,28.0
White,2013,race,white,1214.0
White,2014,race,american indian,0.0
White,2014,race,asian,0.0
White,2014,race,black,0.0
White,2014,race,hispanic,37.0
White,2014,race,other,21.0
White,2014,race,white,1262.0
White,2015,race,american indian,0.0
White,2015,race,asian,0.0
White,2015,race,black,0.0
White,2015,race,hispanic,33.0
White,2015,race,other,32.0
White,2015,race,white,1276.0
White,2016,race,american indian,0.0
White,2016,race,asian,0.0
White,2016,race,black,0.0
White,2016,race,hispanic,33.0
White,2016,race,other,32.0
White,2016,race,white,1364.0
White,2017,race,american indian,0.0
White,2017,race,asian,0.0
White,2017,race,black,0.0
White,2017,race,hispanic,29.0
White,2017,race,other,15.0
White,2017,race,white,1337.0
White,2018,race,american indian,0.0
White,2018,race,asian,16.0
White,2018,race,black,5.0
White,2018,race,hispanic,35.0
White,2018,race,other,21.0
White,2018,race,white,1304.0
White,2019,race,american indian,0.0
White,2019,race,asian,29.0
White,2019,race,black,7.0
White,2019,race,hispanic,0.0
White,2019,race,other,18.0
White,2019,race,white,1265.0
White,2020,race,american indian,0.0
White,2020,race,asian,7.0
White,2020,race,black,9.0
White,2020,race,hispanic,0.0
White,2020,race,other,17.0
White,2020,race,white,1283.0
White,2021,race,american indian,0.0
White,2021,race,asian,24.0
White,2021,race,black,11.0
White,2021,race,hispanic,0.0
White,2021,race,other,9.0
White,2021,race,white,1307.0
White,2022,race,american indian,0.0
White,2022,race,asian,53.0
White,2022,race,black,16.0
White,2022,race,hispanic,0.0
White,2022,race,other,31.0
White,2022,race,white,1299.0
White,2023,race,american indian,0.0
White,2023,race,asian,12.0
White,2023,race,black,7.0
White,2023,race,hispanic,5.0
White,2023,race,other,34.0
White,2023,race,white,1275.0
White,2024,race,american indian,0.0
White,2024,race,asian,8.0
White,2024,race,black,0.0
White,2024,race,hispanic,7.0
White,2024,race,other,31.0
White,2024,race,white,1253.0
Whiteside,2010,race,american indian,0.0
Whiteside,2010,race,asian,53.0
Whiteside,2010,race,black,122.0
Whiteside,2010,race,hispanic,1042.0
Whiteside,2010,race,other,661.0
Whiteside,2010,race,white,5792.0
Whiteside,2011,race,american indian,0.0
Whiteside,2011,race,asian,65.0
Whiteside,2011,race,black,125.0
Whiteside,2011,race,hispanic,1040.0
Whiteside,2011,race,other,598.0
Whiteside,2011,race,white,5807.0
Whiteside,2012,race,american indian,5.0
Whiteside,2012,race,asian,46.0
Whiteside,2012,race,black,121.0
Whiteside,2012,race,hispanic,1080.0
Whiteside,2012,race,other,532.0
Whiteside,2012,race,white,5877.0
Whiteside,2013,race,american indian,10.0
Whiteside,2013,race,asian,20.0
Whiteside,2013,race,black,142.0
Whiteside,2013,race,hispanic,1122.0
Whiteside,2013,race,other,533.0
Whiteside,2013,race,white,5855.0
Whiteside,2014,race,american indian,9.0
Whiteside,2014,race,asian,33.0
Whiteside,2014,race,black,144.0
Whiteside,2014,race,hispanic,1066.0
Whiteside,2014,race,other,557.0
Whiteside,2014,race,white,5758.0
Whiteside,2015,race,american indian,10.0
Whiteside,2015,race,asian,31.0
Whiteside,2015,race,black,183.0
Whiteside,2015,race,hispanic,1105.0
Whiteside,2015,race,other,438.0
Whiteside,2015,race,white,5798.0
Whiteside,2016,race,american indian,8.0
Whiteside,2016,race,asian,29.0
Whiteside,2016,race,black,162.0
Whiteside,2016,race,hispanic,1169.0
Whiteside,2016,race,other,403.0
Whiteside,2016,race,white,5671.0
Whiteside,2017,race,american indian,4.0
Whiteside,2017,race,asian,42.0
Whiteside,2017,race,black,128.0
Whiteside,2017,race,hispanic,1088.0
Whiteside,2017,race,other,289.0
Whiteside,2017,race,white,5524.0
Whiteside,2018,race,american indian,0.0
Whiteside,2018,race,asian,42.0
Whiteside,2018,race,black,102.0
Whiteside,2018,race,hispanic,1095.0
Whiteside,2018,race,other,214.0
Whiteside,2018,race,white,5613.0
Whiteside,2019,race,american indian,5.0
Whiteside,2019,race,asian,37.0
Whiteside,2019,race,black,75.0
Whiteside,2019,race,hispanic,1164.0
Whiteside,2019,race,other,211.0
Whiteside,2019,race,white,5675.0
Whiteside,2020,race,american indian,6.0
Whiteside,2020,race,asian,40.0
Whiteside,2020,race,black,67.0
Whiteside,2020,race,hispanic,1160.0
Whiteside,2020,race,other,397.0
Whiteside,2020,race,white,5599.0
Whiteside,2021,race,american indian,7.0
Whiteside,2021,race,asian,43.0
Whiteside,2021,race,black,45.0
Whiteside,2021,race,hispanic,1017.0
Whiteside,2021,race,other,463.0
Whiteside,2021,race,white,5555.0
Whiteside,2022,race,american indian,22.0
Whiteside,2022,race,asian,32.0
Whiteside,2022,race,black,63.0
Whiteside,2022,race,hispanic,1048.0
Whiteside,2022,race,other,861.0
Whiteside,2022,race,white,4974.0
Whiteside,2023,race,american indian,22.0
Whiteside,2023,race,asian,32.0
Whiteside,2023,race,black,71.0
Whiteside,2023,race,hispanic,985.0
Whiteside,2023,race,other,987.0
Whiteside,2023,race,white,4662.0
Whiteside,2024,race,american indian,25.0
Whiteside,2024,race,asian,36.0
Whiteside,2024,race,black,26.0
Whiteside,2024,race,hispanic,1052.0
Whiteside,2024,race,other,1122.0
Whiteside,2024,race,white,4284.0
Will,2010,race,american indian,86.0
Will,2010,race,asian,3471.0
Will,2010,race,black,11794.0
Will,2010,race,hispanic,16649.0
Will,2010,race,other,8327.0
Will,2010,race,white,66018.0
Will,2011,race,american indian,115.0
Will,2011,race,asian,3538.0
Will,2011,race,black,11727.0
Will,2011,race,hispanic,17238.0
Will,2011,race,other,8491.0
Will,2011,race,white,66707.0
Will,2012,race,american indian,200.0
Will,2012,race,asian,3878.0
Will,2012,race,black,11482.0
Will,2012,race,hispanic,17809.0
Will,2012,race,other,8506.0
Will,2012,race,white,67193.0
Will,2013,race,american indian,209.0
Will,2013,race,asian,4077.0
Will,2013,race,black,11153.0
Will,2013,race,hispanic,18137.0
Will,2013,race,other,9601.0
Will,2013,race,white,65194.0
Will,2014,race,american indian,274.0
Will,2014,race,asian,4624.0
Will,2014,race,black,10679.0
Will,2014,race,hispanic,17986.0
Will,2014,race,other,10645.0
Will,2014,race,white,63854.0
Will,2015,race,american indian,216.0
Will,2015,race,asian,4506.0
Will,2015,race,black,10550.0
Will,2015,race,hispanic,18259.0
Will,2015,race,other,11436.0
Will,2015,race,white,62823.0
Will,2016,race,american indian,197.0
Will,2016,race,asian,4807.0
Will,2016,race,black,10423.0
Will,2016,race,hispanic,18970.0
Will,2016,race,other,11722.0
Will,2016,race,white,62280.0
Will,2017,race,american indian,153.0
Will,2017,race,asian,4713.0
Will,2017,race,black,10168.0
Will,2017,race,hispanic,19268.0
Will,2017,race,other,12518.0
Will,2017,race,white,61070.0
Will,2018,race,american indian,271.0
Will,2018,race,asian,4724.0
Will,2018,race,black,9994.0
Will,2018,race,hispanic,19925.0
Will,2018,race,other,12581.0
Will,2018,race,white,60936.0
Will,2019,race,american indian,311.0
Will,2019,race,asian,4749.0
Will,2019,race,black,9980.0
Will,2019,race,hispanic,20209.0
Will,2019,race,other,12024.0
Will,2019,race,white,60563.0
Will,2020,race,american indian,338.0
Will,2020,race,asian,5023.0
Will,2020,race,black,10019.0
Will,2020,race,hispanic,20824.0
Will,2020,race,other,13038.0
Will,2020,race,white,59621.0
Will,2021,race,american indian,413.0
Will,2021,race,asian,5328.0
Will,2021,race,black,10422.0
Will,2021,race,hispanic,21257.0
Will,2021,race,other,14766.0
Will,2021,race,white,57997.0
Will,2022,race,american indian,438.0
Will,2022,race,asian,5572.0
Will,2022,race,black,10360.0
Will,2022,race,hispanic,21282.0
Will,2022,race,other,16673.0
Will,2022,race,white,53488.0
Will,2023,race,american indian,437.0
Will,2023,race,asian,5658.0
Will,2023,race,black,10657.0
Will,2023,race,hispanic,21696.0
Will,2023,race,other,18834.0
Will,2023,race,white,50059.0
Will,2024,race,american indian,430.0
Will,2024,race,asian,5565.0
Will,2024,race,black,10133.0
Will,2024,race,hispanic,21775.0
Will,2024,race,other,21180.0
Will,2024,race,white,46695.0
Williamson,2010,race,american indian,0.0
Williamson,2010,race,asian,23.0
Williamson,2010,race,black,259.0
Williamson,2010,race,hispanic,229.0
Williamson,2010,race,other,307.0
Williamson,2010,race,white,6076.0
Williamson,2011,race,american indian,0.0
Williamson,2011,race,asian,25.0
Williamson,2011,race,black,246.0
Williamson,2011,race,hispanic,239.0
Williamson,2011,race,other,325.0
Williamson,2011,race,white,5956.0
Williamson,2012,race,american indian,0.0
Williamson,2012,race,asian,0.0
Williamson,2012,race,black,383.0
Williamson,2012,race,hispanic,196.0
Williamson,2012,race,other,276.0
Williamson,2012,race,white,5673.0
Williamson,2013,race,american indian,0.0
Williamson,2013,race,asian,11.0
Williamson,2013,race,black,381.0
Williamson,2013,race,hispanic,193.0
Williamson,2013,race,other,320.0
Williamson,2013,race,white,5623.0
Williamson,2014,race,american indian,0.0
Williamson,2014,race,asian,39.0
Williamson,2014,race,black,468.0
Williamson,2014,race,hispanic,187.0
Williamson,2014,race,other,190.0
Williamson,2014,race,white,5775.0
Williamson,2015,race,american indian,0.0
Williamson,2015,race,asian,23.0
Williamson,2015,race,black,501.0
Williamson,2015,race,hispanic,158.0
Williamson,2015,race,other,146.0
Williamson,2015,race,white,6021.0
Williamson,2016,race,american indian,0.0
Williamson,2016,race,asian,39.0
Williamson,2016,race,black,414.0
Williamson,2016,race,hispanic,173.0
Williamson,2016,race,other,281.0
Williamson,2016,race,white,6338.0
Williamson,2017,race,american indian,0.0
Williamson,2017,race,asian,19.0
Williamson,2017,race,black,219.0
Williamson,2017,race,hispanic,214.0
Williamson,2017,race,other,335.0
Williamson,2017,race,white,6514.0
Williamson,2018,race,american indian,0.0
Williamson,2018,race,asian,44.0
Williamson,2018,race,black,210.0
Williamson,2018,race,hispanic,200.0
Williamson,2018,race,other,282.0
Williamson,2018,race,white,6337.0
Williamson,2019,race,american indian,0.0
Williamson,2019,race,asian,44.0
Williamson,2019,race,black,193.0
Williamson,2019,race,hispanic,187.0
Williamson,2019,race,other,362.0
Williamson,2019,race,white,6087.0
Williamson,2020,race,american indian,0.0
Williamson,2020,race,asian,70.0
Williamson,2020,race,black,168.0
Williamson,2020,race,hispanic,199.0
Williamson,2020,race,other,430.0
Williamson,2020,race,white,6011.0
Williamson,2021,race,american indian,2.0
Williamson,2021,race,asian,94.0
Williamson,2021,race,black,217.0
Williamson,2021,race,hispanic,311.0
Williamson,2021,race,other,514.0
Williamson,2021,race,white,5921.0
Williamson,2022,race,american indian,7.0
Williamson,2022,race,asian,159.0
Williamson,2022,race,black,195.0
Williamson,2022,race,hispanic,305.0
Williamson,2022,race,other,653.0
Williamson,2022,race,white,5801.0
Williamson,2023,race,american indian,7.0
Williamson,2023,race,asian,131.0
Williamson,2023,race,black,225.0
Williamson,2023,race,hispanic,352.0
Williamson,2023,race,other,772.0
Williamson,2023,race,white,5699.0
Williamson,2024,race,american indian,2.0
Williamson,2024,race,asian,113.0
Williamson,2024,race,black,300.0
Williamson,2024,race,hispanic,333.0
Williamson,2024,race,other,750.0
Williamson,2024,race,white,5648.0
Winnebago,2010,race,american indian,204.0
Winnebago,2010,race,asian,815.0
Winnebago,2010,race,black,5483.0
Winnebago,2010,race,hispanic,4909.0
Winnebago,2010,race,other,2520.0
Winnebago,2010,race,white,25157.0
Winnebago,2011,race,american indian,149.0
Winnebago,2011,race,asian,879.0
Winnebago,2011,race,black,5174.0
Winnebago,2011,race,hispanic,5313.0
Winnebago,2011,race,other,2388.0
Winnebago,2011,race,white,25631.0
Winnebago,2012,race,american indian,141.0
Winnebago,2012,race,asian,883.0
Winnebago,2012,race,black,4955.0
Winnebago,2012,race,hispanic,5554.0
Winnebago,2012,race,other,2717.0
Winnebago,2012,race,white,24877.0
Winnebago,2013,race,american indian,98.0
Winnebago,2013,race,asian,852.0
Winnebago,2013,race,black,5157.0
Winnebago,2013,race,hispanic,5528.0
Winnebago,2013,race,other,2832.0
Winnebago,2013,race,white,24240.0
Winnebago,2014,race,american indian,56.0
Winnebago,2014,race,asian,916.0
Winnebago,2014,race,black,5117.0
Winnebago,2014,race,hispanic,5666.0
Winnebago,2014,race,other,2825.0
Winnebago,2014,race,white,23358.0
Winnebago,2015,race,american indian,61.0
Winnebago,2015,race,asian,969.0
Winnebago,2015,race,black,5013.0
Winnebago,2015,race,hispanic,5925.0
Winnebago,2015,race,other,3239.0
Winnebago,2015,race,white,22668.0
Winnebago,2016,race,american indian,70.0
Winnebago,2016,race,asian,921.0
Winnebago,2016,race,black,5083.0
Winnebago,2016,race,hispanic,6176.0
Winnebago,2016,race,other,3481.0
Winnebago,2016,race,white,22045.0
Winnebago,2017,race,american indian,54.0
Winnebago,2017,race,asian,860.0
Winnebago,2017,race,black,4923.0
Winnebago,2017,race,hispanic,6621.0
Winnebago,2017,race,other,3258.0
Winnebago,2017,race,white,22360.0
Winnebago,2018,race,american indian,61.0
Winnebago,2018,race,asian,850.0
Winnebago,2018,race,black,4903.0
Winnebago,2018,race,hispanic,6991.0
Winnebago,2018,race,other,3210.0
Winnebago,2018,race,white,22257.0
Winnebago,2019,race,american indian,78.0
Winnebago,2019,race,asian,864.0
Winnebago,2019,race,black,4997.0
Winnebago,2019,race,hispanic,7005.0
Winnebago,2019,race,other,3433.0
Winnebago,2019,race,white,21663.0
Winnebago,2020,race,american indian,40.0
Winnebago,2020,race,asian,840.0
Winnebago,2020,race,black,5055.0
Winnebago,2020,race,hispanic,7346.0
Winnebago,2020,race,other,4270.0
Winnebago,2020,race,white,21064.0
Winnebago,2021,race,american indian,54.0
Winnebago,2021,race,asian,872.0
Winnebago,2021,race,black,5078.0
Winnebago,2021,race,hispanic,7460.0
Winnebago,2021,race,other,5414.0
Winnebago,2021,race,white,20235.0
Winnebago,2022,race,american indian,134.0
Winnebago,2022,race,asian,871.0
Winnebago,2022,race,black,5215.0
Winnebago,2022,race,hispanic,7477.0
Winnebago,2022,race,other,6648.0
Winnebago,2022,race,white,18422.0
Winnebago,2023,race,american indian,202.0
Winnebago,2023,race,asian,889.0
Winnebago,2023,race,black,5231.0
Winnebago,2023,race,hispanic,7210.0
Winnebago,2023,race,other,7247.0
Winnebago,2023,race,white,17346.0
Winnebago,2024,race,american indian,259.0
Winnebago,2024,race,asian,869.0
Winnebago,2024,race,black,4533.0
Winnebago,2024,race,hispanic,7156.0
Winnebago,2024,race,other,8534.0
Winnebago,2024,race,white,16612.0
Woodford,2010,race,american indian,0.0
Woodford,2010,race,asian,27.0
Woodford,2010,race,black,30.0
Woodford,2010,race,hispanic,136.0
Woodford,2010,race,other,130.0
Woodford,2010,race,white,4752.0
Woodford,2011,race,american indian,0.0
Woodford,2011,race,asian,39.0
Woodford,2011,race,black,17.0
Woodford,2011,race,hispanic,127.0
Woodford,2011,race,other,162.0
Woodford,2011,race,white,4496.0
Woodford,2012,race,american indian,0.0
Woodford,2012,race,asian,40.0
Woodford,2012,race,black,28.0
Woodford,2012,race,hispanic,137.0
Woodford,2012,race,other,210.0
Woodford,2012,race,white,4365.0
Woodford,2013,race,american indian,0.0
Woodford,2013,race,asian,35.0
Woodford,2013,race,black,38.0
Woodford,2013,race,hispanic,156.0
Woodford,2013,race,other,214.0
Woodford,2013,race,white,4220.0
Woodford,2014,race,american indian,0.0
Woodford,2014,race,asian,40.0
Woodford,2014,race,black,29.0
Woodford,2014,race,hispanic,161.0
Woodford,2014,race,other,218.0
Woodford,2014,race,white,4296.0
Woodford,2015,race,american indian,0.0
Woodford,2015,race,asian,27.0
Woodford,2015,race,black,34.0
Woodford,2015,race,hispanic,170.0
Woodford,2015,race,other,304.0
Woodford,2015,race,white,4212.0
Woodford,2016,race,american indian,0.0
Woodford,2016,race,asian,29.0
Woodford,2016,race,black,36.0
Woodford,2016,race,hispanic,137.0
Woodford,2016,race,other,254.0
Woodford,2016,race,white,4294.0
Woodford,2017,race,american indian,0.0
Woodford,2017,race,asian,39.0
Woodford,2017,race,black,54.0
Woodford,2017,race,hispanic,111.0
Woodford,2017,race,other,208.0
Woodford,2017,race,white,4362.0
Woodford,2018,race,american indian,0.0
Woodford,2018,race,asian,0.0
Woodford,2018,race,black,68.0
Woodford,2018,race,hispanic,115.0
Woodford,2018,race,other,135.0
Woodford,2018,race,white,4405.0
Woodford,2019,race,american indian,0.0
Woodford,2019,race,asian,8.0
Woodford,2019,race,black,55.0
Woodford,2019,race,hispanic,83.0
Woodford,2019,race,other,122.0
Woodford,2019,race,white,4202.0
Woodford,2020,race,american indian,1.0
Woodford,2020,race,asian,35.0
Woodford,2020,race,black,21.0
Woodford,2020,race,hispanic,49.0
Woodford,2020,race,other,66.0
Woodford,2020,race,white,4117.0
Woodford,2021,race,american indian,1.0
Woodford,2021,race,asian,37.0
Woodford,2021,race,black,34.0
Woodford,2021,race,hispanic,41.0
Woodford,2021,race,other,87.0
Woodford,2021,race,white,4084.0
Woodford,2022,race,american indian,1.0
Woodford,2022,race,asian,39.0
Woodford,2022,race,black,25.0
Woodford,2022,race,hispanic,45.0
Woodford,2022,race,other,131.0
Woodford,2022,race,white,3975.0
Woodford,2023,race,american indian,1.0
Woodford,2023,race,asian,34.0
Woodford,2023,race,black,28.0
Woodford,2023,race,hispanic,106.0
Woodford,2023,race,other,260.0
Woodford,2023,race,white,4103.0
Woodford,2024,race,american indian,1.0
Woodford,2024,race,asian,67.0
Woodford,2024,race,black,25.0
Woodford,2024,race,hispanic,141.0
Woodford,2024,race,other,322.0
Woodford,2024,race,white,4015.0
Adams,2010,sex,female,3505.0
Adams,2010,sex,male,3811.0
Adams,2011,sex,female,3465.0
Adams,2011,sex,male,3635.0
Adams,2012,sex,female,3379.0
Adams,2012,sex,male,3620.0
Adams,2013,sex,female,3378.0
Adams,2013,sex,male,3470.0
Adams,2014,sex,female,3434.0
Adams,2014,sex,male,3447.0
Adams,2015,sex,female,3477.0
Adams,2015,sex,male,3322.0
Adams,2016,sex,female,3434.0
Adams,2016,sex,male,3360.0
Adams,2017,sex,female,3266.0
Adams,2017,sex,male,3332.0
Adams,2018,sex,female,3189.0
Adams,2018,sex,male,3355.0
Adams,2019,sex,female,3135.0
Adams,2019,sex,male,3246.0
Adams,2020,sex,female,3057.0
Adams,2020,sex,male,3415.0
Adams,2021,sex,female,3197.0
Adams,2021,sex,male,3478.0
Adams,2022,sex,female,3268.0
Adams,2022,sex,male,3357.0
Adams,2023,sex,female,3324.0
Adams,2023,sex,male,3353.0
Adams,2024,sex,female,3314.0
Adams,2024,sex,male,3401.0
Alexander,2010,sex,female,645.0
Alexander,2010,sex,male,372.0
Alexander,2011,sex,female,574.0
Alexander,2011,sex,male,333.0
Alexander,2012,sex,female,375.0
Alexander,2012,sex,male,434.0
Alexander,2013,sex,female,387.0
Alexander,2013,sex,male,432.0
Alexander,2014,sex,female,404.0
Alexander,2014,sex,male,351.0
Alexander,2015,sex,female,338.0
Alexander,2015,sex,male,387.0
Alexander,2016,sex,female,377.0
Alexander,2016,sex,male,330.0
Alexander,2017,sex,female,331.0
Alexander,2017,sex,male,402.0
Alexander,2018,sex,female,377.0
Alexander,2018,sex,male,346.0
Alexander,2019,sex,female,379.0
Alexander,2019,sex,male,280.0
Alexander,2020,sex,female,384.0
Alexander,2020,sex,male,273.0
Alexander,2021,sex,female,371.0
Alexander,2021,sex,male,232.0
Alexander,2022,sex,female,353.0
Alexander,2022,sex,male,141.0
Alexander,2023,sex,female,277.0
Alexander,2023,sex,male,124.0
Alexander,2024,sex,female,253.0
Alexander,2024,sex,male,239.0
Bond,2010,sex,female,932.0
Bond,2010,sex,male,837.0
Bond,2011,sex,female,870.0
Bond,2011,sex,male,840.0
Bond,2012,sex,female,821.0
Bond,2012,sex,male,770.0
Bond,2013,sex,female,874.0
Bond,2013,sex,male,753.0
Bond,2014,sex,female,881.0
Bond,2014,sex,male,805.0
Bond,2015,sex,female,882.0
Bond,2015,sex,male,822.0
Bond,2016,sex,female,860.0
Bond,2016,sex,male,790.0
Bond,2017,sex,female,858.0
Bond,2017,sex,male,782.0
Bond,2018,sex,female,805.0
Bond,2018,sex,male,720.0
Bond,2019,sex,female,799.0
Bond,2019,sex,male,753.0
Bond,2020,sex,female,792.0
Bond,2020,sex,male,801.0
Bond,2021,sex,female,818.0
Bond,2021,sex,male,808.0
Bond,2022,sex,female,716.0
Bond,2022,sex,male,887.0
Bond,2023,sex,female,680.0
Bond,2023,sex,male,956.0
Bond,2024,sex,female,667.0
Bond,2024,sex,male,729.0
Boone,2010,sex,female,3563.0
Boone,2010,sex,male,3970.0
Boone,2011,sex,female,3377.0
Boone,2011,sex,male,3722.0
Boone,2012,sex,female,3566.0
Boone,2012,sex,male,3859.0
Boone,2013,sex,female,3661.0
Boone,2013,sex,male,3934.0
Boone,2014,sex,female,3551.0
Boone,2014,sex,male,3874.0
Boone,2015,sex,female,3493.0
Boone,2015,sex,male,3722.0
Boone,2016,sex,female,3581.0
Boone,2016,sex,male,3890.0
Boone,2017,sex,female,3573.0
Boone,2017,sex,male,3608.0
Boone,2018,sex,female,3476.0
Boone,2018,sex,male,3838.0
Boone,2019,sex,female,3467.0
Boone,2019,sex,male,3786.0
Boone,2020,sex,female,3548.0
Boone,2020,sex,male,3677.0
Boone,2021,sex,female,3695.0
Boone,2021,sex,male,3629.0
Boone,2022,sex,female,3362.0
Boone,2022,sex,male,3607.0
Boone,2023,sex,female,3193.0
Boone,2023,sex,male,3352.0
Boone,2024,sex,female,3135.0
Boone,2024,sex,male,3614.0
Brown,2010,sex,female,264.0
Brown,2010,sex,male,379.0
Brown,2011,sex,female,268.0
Brown,2011,sex,male,321.0
Brown,2012,sex,female,264.0
Brown,2012,sex,male,315.0
Brown,2013,sex,female,263.0
Brown,2013,sex,male,273.0
Brown,2014,sex,female,266.0
Brown,2014,sex,male,220.0
Brown,2015,sex,female,265.0
Brown,2015,sex,male,191.0
Brown,2016,sex,female,243.0
Brown,2016,sex,male,238.0
Brown,2017,sex,female,297.0
Brown,2017,sex,male,159.0
Brown,2018,sex,female,300.0
Brown,2018,sex,male,169.0
Brown,2019,sex,female,324.0
Brown,2019,sex,male,213.0
Brown,2020,sex,female,301.0
Brown,2020,sex,male,259.0
Brown,2021,sex,female,267.0
Brown,2021,sex,male,225.0
Brown,2022,sex,female,287.0
Brown,2022,sex,male,235.0
Brown,2023,sex,female,309.0
Brown,2023,sex,male,184.0
Brown,2024,sex,female,279.0
Brown,2024,sex,male,172.0
Bureau,2010,sex,female,1828.0
Bureau,2010,sex,male,2090.0
Bureau,2011,sex,female,1763.0
Bureau,2011,sex,male,2019.0
Bureau,2012,sex,female,1701.0
Bureau,2012,sex,male,1968.0
Bureau,2013,sex,female,1724.0
Bureau,2013,sex,male,1775.0
Bureau,2014,sex,female,1736.0
Bureau,2014,sex,male,1747.0
Bureau,2015,sex,female,1714.0
Bureau,2015,sex,male,1672.0
Bureau,2016,sex,female,1739.0
Bureau,2016,sex,male,1697.0
Bureau,2017,sex,female,1799.0
Bureau,2017,sex,male,1739.0
Bureau,2018,sex,female,1840.0
Bureau,2018,sex,male,1780.0
Bureau,2019,sex,female,1835.0
Bureau,2019,sex,male,1862.0
Bureau,2020,sex,female,1760.0
Bureau,2020,sex,male,1897.0
Bureau,2021,sex,female,1753.0
Bureau,2021,sex,male,1870.0
Bureau,2022,sex,female,1750.0
Bureau,2022,sex,male,1833.0
Bureau,2023,sex,female,1566.0
Bureau,2023,sex,male,1800.0
Bureau,2024,sex,female,1492.0
Bureau,2024,sex,male,1765.0
Calhoun,2010,sex,female,308.0
Calhoun,2010,sex,male,218.0
Calhoun,2011,sex,female,305.0
Calhoun,2011,sex,male,211.0
Calhoun,2012,sex,female,295.0
Calhoun,2012,sex,male,264.0
Calhoun,2013,sex,female,262.0
Calhoun,2013,sex,male,244.0
Calhoun,2014,sex,female,254.0
Calhoun,2014,sex,male,230.0
Calhoun,2015,sex,female,257.0
Calhoun,2015,sex,male,250.0
Calhoun,2016,sex,female,277.0
Calhoun,2016,sex,male,270.0
Calhoun,2017,sex,female,287.0
Calhoun,2017,sex,male,234.0
Calhoun,2018,sex,female,279.0
Calhoun,2018,sex,male,269.0
Calhoun,2019,sex,female,273.0
Calhoun,2019,sex,male,323.0
Calhoun,2020,sex,female,253.0
Calhoun,2020,sex,male,325.0
Calhoun,2021,sex,female,233.0
Calhoun,2021,sex,male,274.0
Calhoun,2022,sex,female,206.0
Calhoun,2022,sex,male,266.0
Calhoun,2023,sex,female,215.0
Calhoun,2023,sex,male,246.0
Calhoun,2024,sex,female,203.0
Calhoun,2024,sex,male,212.0
Carroll,2010,sex,female,753.0
Carroll,2010,sex,male,787.0
Carroll,2011,sex,female,775.0
Carroll,2011,sex,male,860.0
Carroll,2012,sex,female,741.0
Carroll,2012,sex,male,829.0
Carroll,2013,sex,female,717.0
Carroll,2013,sex,male,808.0
Carroll,2014,sex,female,698.0
Carroll,2014,sex,male,795.0
Carroll,2015,sex,female,683.0
Carroll,2015,sex,male,744.0
Carroll,2016,sex,female,650.0
Carroll,2016,sex,male,691.0
Carroll,2017,sex,female,690.0
Carroll,2017,sex,male,713.0
Carroll,2018,sex,female,705.0
Carroll,2018,sex,male,698.0
Carroll,2019,sex,female,694.0
Carroll,2019,sex,male,668.0
Carroll,2020,sex,female,663.0
Carroll,2020,sex,male,611.0
Carroll,2021,sex,female,729.0
Carroll,2021,sex,male,693.0
Carroll,2022,sex,female,670.0
Carroll,2022,sex,male,627.0
Carroll,2023,sex,female,674.0
Carroll,2023,sex,male,642.0
Carroll,2024,sex,female,695.0
Carroll,2024,sex,male,578.0
Cass,2010,sex,female,667.0
Cass,2010,sex,male,875.0
Cass,2011,sex,female,700.0
Cass,2011,sex,male,827.0
Cass,2012,sex,female,752.0
Cass,2012,sex,male,808.0
Cass,2013,sex,female,839.0
Cass,2013,sex,male,815.0
Cass,2014,sex,female,702.0
Cass,2014,sex,male,875.0
Cass,2015,sex,female,731.0
Cass,2015,sex,male,859.0
Cass,2016,sex,female,646.0
Cass,2016,sex,male,809.0
Cass,2017,sex,female,644.0
Cass,2017,sex,male,755.0
Cass,2018,sex,female,570.0
Cass,2018,sex,male,674.0
Cass,2019,sex,female,593.0
Cass,2019,sex,male,710.0
Cass,2020,sex,female,623.0
Cass,2020,sex,male,675.0
Cass,2021,sex,female,663.0
Cass,2021,sex,male,845.0
Cass,2022,sex,female,697.0
Cass,2022,sex,male,889.0
Cass,2023,sex,female,703.0
Cass,2023,sex,male,816.0
Cass,2024,sex,female,697.0
Cass,2024,sex,male,710.0
Champaign,2010,sex,female,8353.0
Champaign,2010,sex,male,8480.0
Champaign,2011,sex,female,8318.0
Champaign,2011,sex,male,8279.0
Champaign,2012,sex,female,8556.0
Champaign,2012,sex,male,8269.0
Champaign,2013,sex,female,8529.0
Champaign,2013,sex,male,8450.0
Champaign,2014,sex,female,8430.0
Champaign,2014,sex,male,8640.0
Champaign,2015,sex,female,8327.0
Champaign,2015,sex,male,8633.0
Champaign,2016,sex,female,8206.0
Champaign,2016,sex,male,8602.0
Champaign,2017,sex,female,8443.0
Champaign,2017,sex,male,8658.0
Champaign,2018,sex,female,8703.0
Champaign,2018,sex,male,8639.0
Champaign,2019,sex,female,8655.0
Champaign,2019,sex,male,8574.0
Champaign,2020,sex,female,8941.0
Champaign,2020,sex,male,8831.0
Champaign,2021,sex,female,8760.0
Champaign,2021,sex,male,9320.0
Champaign,2022,sex,female,9055.0
Champaign,2022,sex,male,8934.0
Champaign,2023,sex,female,9333.0
Champaign,2023,sex,male,9328.0
Champaign,2024,sex,female,9551.0
Champaign,2024,sex,male,9531.0
Christian,2010,sex,female,1760.0
Christian,2010,sex,male,2056.0
Christian,2011,sex,female,1749.0
Christian,2011,sex,male,2032.0
Christian,2012,sex,female,1786.0
Christian,2012,sex,male,2009.0
Christian,2013,sex,female,1745.0
Christian,2013,sex,male,1935.0
Christian,2014,sex,female,1658.0
Christian,2014,sex,male,1863.0
Christian,2015,sex,female,1599.0
Christian,2015,sex,male,1888.0
Christian,2016,sex,female,1554.0
Christian,2016,sex,male,1783.0
Christian,2017,sex,female,1608.0
Christian,2017,sex,male,1640.0
Christian,2018,sex,female,1526.0
Christian,2018,sex,male,1569.0
Christian,2019,sex,female,1463.0
Christian,2019,sex,male,1581.0
Christian,2020,sex,female,1431.0
Christian,2020,sex,male,1365.0
Christian,2021,sex,female,1475.0
Christian,2021,sex,male,1610.0
Christian,2022,sex,female,1512.0
Christian,2022,sex,male,1642.0
Christian,2023,sex,female,1511.0
Christian,2023,sex,male,1511.0
Christian,2024,sex,female,1482.0
Christian,2024,sex,male,1528.0
Clark,2010,sex,female,860.0
Clark,2010,sex,male,1009.0
Clark,2011,sex,female,856.0
Clark,2011,sex,male,1009.0
Clark,2012,sex,female,830.0
Clark,2012,sex,male,959.0
Clark,2013,sex,female,815.0
Clark,2013,sex,male,969.0
Clark,2014,sex,female,858.0
Clark,2014,sex,male,869.0
Clark,2015,sex,female,973.0
Clark,2015,sex,male,869.0
Clark,2016,sex,female,923.0
Clark,2016,sex,male,780.0
Clark,2017,sex,female,906.0
Clark,2017,sex,male,809.0
Clark,2018,sex,female,868.0
Clark,2018,sex,male,804.0
Clark,2019,sex,female,850.0
Clark,2019,sex,male,830.0
Clark,2020,sex,female,742.0
Clark,2020,sex,male,853.0
Clark,2021,sex,female,786.0
Clark,2021,sex,male,902.0
Clark,2022,sex,female,806.0
Clark,2022,sex,male,831.0
Clark,2023,sex,female,774.0
Clark,2023,sex,male,848.0
Clark,2024,sex,female,695.0
Clark,2024,sex,male,930.0
Clay,2010,sex,female,713.0
Clay,2010,sex,male,794.0
Clay,2011,sex,female,667.0
Clay,2011,sex,male,791.0
Clay,2012,sex,female,694.0
Clay,2012,sex,male,722.0
Clay,2013,sex,female,714.0
Clay,2013,sex,male,761.0
Clay,2014,sex,female,778.0
Clay,2014,sex,male,743.0
Clay,2015,sex,female,758.0
Clay,2015,sex,male,737.0
Clay,2016,sex,female,750.0
Clay,2016,sex,male,727.0
Clay,2017,sex,female,710.0
Clay,2017,sex,male,662.0
Clay,2018,sex,female,672.0
Clay,2018,sex,male,691.0
Clay,2019,sex,female,699.0
Clay,2019,sex,male,741.0
Clay,2020,sex,female,763.0
Clay,2020,sex,male,709.0
Clay,2021,sex,female,815.0
Clay,2021,sex,male,722.0
Clay,2022,sex,female,802.0
Clay,2022,sex,male,638.0
Clay,2023,sex,female,805.0
Clay,2023,sex,male,679.0
Clay,2024,sex,female,711.0
Clay,2024,sex,male,665.0
Clinton,2010,sex,female,1955.0
Clinton,2010,sex,male,2075.0
Clinton,2011,sex,female,1961.0
Clinton,2011,sex,male,2008.0
Clinton,2012,sex,female,1970.0
Clinton,2012,sex,male,1939.0
Clinton,2013,sex,female,1958.0
Clinton,2013,sex,male,1894.0
Clinton,2014,sex,female,2057.0
Clinton,2014,sex,male,1790.0
Clinton,2015,sex,female,2043.0
Clinton,2015,sex,male,1801.0
Clinton,2016,sex,female,1934.0
Clinton,2016,sex,male,1867.0
Clinton,2017,sex,female,1983.0
Clinton,2017,sex,male,1921.0
Clinton,2018,sex,female,1953.0
Clinton,2018,sex,male,1932.0
Clinton,2019,sex,female,1904.0
Clinton,2019,sex,male,1900.0
Clinton,2020,sex,female,1822.0
Clinton,2020,sex,male,1798.0
Clinton,2021,sex,female,1873.0
Clinton,2021,sex,male,1682.0
Clinton,2022,sex,female,1769.0
Clinton,2022,sex,male,1682.0
Clinton,2023,sex,female,1733.0
Clinton,2023,sex,male,1729.0
Clinton,2024,sex,female,1690.0
Clinton,2024,sex,male,1722.0
Coles,2010,sex,female,1992.0
Coles,2010,sex,male,2193.0
Coles,2011,sex,female,2076.0
Coles,2011,sex,male,2218.0
Coles,2012,sex,female,2172.0
Coles,2012,sex,male,2333.0
Coles,2013,sex,female,2332.0
Coles,2013,sex,male,2228.0
Coles,2014,sex,female,2137.0
Coles,2014,sex,male,2164.0
Coles,2015,sex,female,2140.0
Coles,2015,sex,male,2239.0
Coles,2016,sex,female,2047.0
Coles,2016,sex,male,2212.0
Coles,2017,sex,female,2201.0
Coles,2017,sex,male,2137.0
Coles,2018,sex,female,2129.0
Coles,2018,sex,male,2221.0
Coles,2019,sex,female,2121.0
Coles,2019,sex,male,2194.0
Coles,2020,sex,female,2167.0
Coles,2020,sex,male,2110.0
Coles,2021,sex,female,2086.0
Coles,2021,sex,male,2038.0
Coles,2022,sex,female,1963.0
Coles,2022,sex,male,1996.0
Coles,2023,sex,female,1836.0
Coles,2023,sex,male,2056.0
Coles,2024,sex,female,1792.0
Coles,2024,sex,male,2128.0
Cook,2010,sex,female,277678.0
Cook,2010,sex,male,290733.0
Cook,2011,sex,female,274936.0
Cook,2011,sex,male,287974.0
Cook,2012,sex,female,270924.0
Cook,2012,sex,male,284040.0
Cook,2013,sex,female,267421.0
Cook,2013,sex,male,280220.0
Cook,2014,sex,female,262011.0
Cook,2014,sex,male,275659.0
Cook,2015,sex,female,259450.0
Cook,2015,sex,male,271109.0
Cook,2016,sex,female,257595.0
Cook,2016,sex,male,267407.0
Cook,2017,sex,female,254813.0
Cook,2017,sex,male,264388.0
Cook,2018,sex,female,252921.0
Cook,2018,sex,male,262457.0
Cook,2019,sex,female,253401.0
Cook,2019,sex,male,259422.0
Cook,2020,sex,female,251061.0
Cook,2020,sex,male,259964.0
Cook,2021,sex,female,259358.0
Cook,2021,sex,male,269770.0
Cook,2022,sex,female,253715.0
Cook,2022,sex,male,266349.0
Cook,2023,sex,female,252799.0
Cook,2023,sex,male,264678.0
Cook,2024,sex,female,250086.0
Cook,2024,sex,male,259629.0
Crawford,2010,sex,female,1044.0
Crawford,2010,sex,male,1301.0
Crawford,2011,sex,female,881.0
Crawford,2011,sex,male,1135.0
Crawford,2012,sex,female,890.0
Crawford,2012,sex,male,1075.0
Crawford,2013,sex,female,852.0
Crawford,2013,sex,male,1057.0
Crawford,2014,sex,female,885.0
Crawford,2014,sex,male,1011.0
Crawford,2015,sex,female,850.0
Crawford,2015,sex,male,961.0
Crawford,2016,sex,female,823.0
Crawford,2016,sex,male,968.0
Crawford,2017,sex,female,874.0
Crawford,2017,sex,male,905.0
Crawford,2018,sex,female,921.0
Crawford,2018,sex,male,883.0
Crawford,2019,sex,female,873.0
Crawford,2019,sex,male,848.0
Crawford,2020,sex,female,740.0
Crawford,2020,sex,male,835.0
Crawford,2021,sex,female,796.0
Crawford,2021,sex,male,844.0
Crawford,2022,sex,female,744.0
Crawford,2022,sex,male,923.0
Crawford,2023,sex,female,710.0
Crawford,2023,sex,male,962.0
Crawford,2024,sex,female,751.0
Crawford,2024,sex,male,982.0
Cumberland,2010,sex,female,571.0
Cumberland,2010,sex,male,543.0
Cumberland,2011,sex,female,594.0
Cumberland,2011,sex,male,531.0
Cumberland,2012,sex,female,574.0
Cumberland,2012,sex,male,561.0
Cumberland,2013,sex,female,677.0
Cumberland,2013,sex,male,612.0
Cumberland,2014,sex,female,669.0
Cumberland,2014,sex,male,607.0
Cumberland,2015,sex,female,670.0
Cumberland,2015,sex,male,659.0
Cumberland,2016,sex,female,641.0
Cumberland,2016,sex,male,647.0
Cumberland,2017,sex,female,647.0
Cumberland,2017,sex,male,625.0
Cumberland,2018,sex,female,583.0
Cumberland,2018,sex,male,604.0
Cumberland,2019,sex,female,558.0
Cumberland,2019,sex,male,618.0
Cumberland,2020,sex,female,483.0
Cumberland,2020,sex,male,562.0
Cumberland,2021,sex,female,507.0
Cumberland,2021,sex,male,603.0
Cumberland,2022,sex,female,441.0
Cumberland,2022,sex,male,551.0
Cumberland,2023,sex,female,405.0
Cumberland,2023,sex,male,580.0
Cumberland,2024,sex,female,468.0
Cumberland,2024,sex,male,624.0
De Witt,2010,sex,female,894.0
De Witt,2010,sex,male,902.0
De Witt,2011,sex,female,853.0
De Witt,2011,sex,male,887.0
De Witt,2012,sex,female,837.0
De Witt,2012,sex,male,894.0
De Witt,2013,sex,female,797.0
De Witt,2013,sex,male,873.0
De Witt,2014,sex,female,823.0
De Witt,2014,sex,male,845.0
De Witt,2015,sex,female,843.0
De Witt,2015,sex,male,798.0
De Witt,2016,sex,female,800.0
De Witt,2016,sex,male,795.0
De Witt,2017,sex,female,846.0
De Witt,2017,sex,male,760.0
De Witt,2018,sex,female,852.0
De Witt,2018,sex,male,833.0
De Witt,2019,sex,female,803.0
De Witt,2019,sex,male,856.0
De Witt,2020,sex,female,897.0
De Witt,2020,sex,male,779.0
De Witt,2021,sex,female,888.0
De Witt,2021,sex,male,758.0
De Witt,2022,sex,female,872.0
De Witt,2022,sex,male,787.0
De Witt,2023,sex,female,831.0
De Witt,2023,sex,male,757.0
De Witt,2024,sex,female,824.0
De Witt,2024,sex,male,754.0
DeKalb,2010,sex,female,5055.0
DeKalb,2010,sex,male,5154.0
DeKalb,2011,sex,female,5172.0
DeKalb,2011,sex,male,5141.0
DeKalb,2012,sex,female,5264.0
DeKalb,2012,sex,male,5139.0
DeKalb,2013,sex,female,5273.0
DeKalb,2013,sex,male,5338.0
DeKalb,2014,sex,female,5436.0
DeKalb,2014,sex,male,5310.0
DeKalb,2015,sex,female,5451.0
DeKalb,2015,sex,male,5196.0
DeKalb,2016,sex,female,5306.0
DeKalb,2016,sex,male,5297.0
DeKalb,2017,sex,female,5343.0
DeKalb,2017,sex,male,5230.0
DeKalb,2018,sex,female,5433.0
DeKalb,2018,sex,male,5272.0
DeKalb,2019,sex,female,5519.0
DeKalb,2019,sex,male,5313.0
DeKalb,2020,sex,female,5504.0
DeKalb,2020,sex,male,5411.0
DeKalb,2021,sex,female,5287.0
DeKalb,2021,sex,male,5195.0
DeKalb,2022,sex,female,5045.0
DeKalb,2022,sex,male,5227.0
DeKalb,2023,sex,female,4808.0
DeKalb,2023,sex,male,5173.0
DeKalb,2024,sex,female,4737.0
DeKalb,2024,sex,male,4934.0
Douglas,2010,sex,female,1256.0
Douglas,2010,sex,male,1220.0
Douglas,2011,sex,female,1258.0
Douglas,2011,sex,male,1122.0
Douglas,2012,sex,female,1242.0
Douglas,2012,sex,male,1156.0
Douglas,2013,sex,female,1249.0
Douglas,2013,sex,male,1156.0
Douglas,2014,sex,female,1236.0
Douglas,2014,sex,male,1172.0
Douglas,2015,sex,female,1225.0
Douglas,2015,sex,male,1198.0
Douglas,2016,sex,female,1218.0
Douglas,2016,sex,male,1283.0
Douglas,2017,sex,female,1132.0
Douglas,2017,sex,male,1306.0
Douglas,2018,sex,female,1143.0
Douglas,2018,sex,male,1270.0
Douglas,2019,sex,female,1131.0
Douglas,2019,sex,male,1252.0
Douglas,2020,sex,female,1156.0
Douglas,2020,sex,male,1252.0
Douglas,2021,sex,female,1195.0
Douglas,2021,sex,male,1287.0
Douglas,2022,sex,female,1153.0
Douglas,2022,sex,male,1185.0
Douglas,2023,sex,female,1078.0
Douglas,2023,sex,male,1230.0
Douglas,2024,sex,female,1060.0
Douglas,2024,sex,male,1175.0
DuPage,2010,sex,female,53484.0
DuPage,2010,sex,male,56458.0
DuPage,2011,sex,female,52603.0
DuPage,2011,sex,male,55828.0
DuPage,2012,sex,female,52142.0
DuPage,2012,sex,male,54806.0
DuPage,2013,sex,female,51582.0
DuPage,2013,sex,male,54583.0
DuPage,2014,sex,female,51051.0
DuPage,2014,sex,male,53822.0
DuPage,2015,sex,female,50176.0
DuPage,2015,sex,male,53282.0
DuPage,2016,sex,female,49712.0
DuPage,2016,sex,male,52872.0
DuPage,2017,sex,female,49264.0
DuPage,2017,sex,male,52744.0
DuPage,2018,sex,female,48386.0
DuPage,2018,sex,male,51592.0
DuPage,2019,sex,female,47624.0
DuPage,2019,sex,male,51090.0
DuPage,2020,sex,female,47483.0
DuPage,2020,sex,male,49934.0
DuPage,2021,sex,female,48569.0
DuPage,2021,sex,male,51102.0
DuPage,2022,sex,female,47008.0
DuPage,2022,sex,male,49681.0
DuPage,2023,sex,female,47773.0
DuPage,2023,sex,male,49753.0
DuPage,2024,sex,female,48000.0
DuPage,2024,sex,male,49186.0
Edgar,2010,sex,female,916.0
Edgar,2010,sex,male,919.0
Edgar,2011,sex,female,898.0
Edgar,2011,sex,male,848.0
Edgar,2012,sex,female,864.0
Edgar,2012,sex,male,889.0
Edgar,2013,sex,female,818.0
Edgar,2013,sex,male,952.0
Edgar,2014,sex,female,824.0
Edgar,2014,sex,male,957.0
Edgar,2015,sex,female,810.0
Edgar,2015,sex,male,982.0
Edgar,2016,sex,female,783.0
Edgar,2016,sex,male,948.0
Edgar,2017,sex,female,817.0
Edgar,2017,sex,male,989.0
Edgar,2018,sex,female,868.0
Edgar,2018,sex,male,942.0
Edgar,2019,sex,female,841.0
Edgar,2019,sex,male,930.0
Edgar,2020,sex,female,906.0
Edgar,2020,sex,male,831.0
Edgar,2021,sex,female,872.0
Edgar,2021,sex,male,923.0
Edgar,2022,sex,female,844.0
Edgar,2022,sex,male,850.0
Edgar,2023,sex,female,868.0
Edgar,2023,sex,male,844.0
Edgar,2024,sex,female,829.0
Edgar,2024,sex,male,730.0
Edwards,2010,sex,female,395.0
Edwards,2010,sex,male,379.0
Edwards,2011,sex,female,356.0
Edwards,2011,sex,male,367.0
Edwards,2012,sex,female,360.0
Edwards,2012,sex,male,350.0
Edwards,2013,sex,female,361.0
Edwards,2013,sex,male,349.0
Edwards,2014,sex,female,313.0
Edwards,2014,sex,male,362.0
Edwards,2015,sex,female,310.0
Edwards,2015,sex,male,390.0
Edwards,2016,sex,female,331.0
Edwards,2016,sex,male,376.0
Edwards,2017,sex,female,335.0
Edwards,2017,sex,male,367.0
Edwards,2018,sex,female,341.0
Edwards,2018,sex,male,396.0
Edwards,2019,sex,female,378.0
Edwards,2019,sex,male,373.0
Edwards,2020,sex,female,364.0
Edwards,2020,sex,male,315.0
Edwards,2021,sex,female,326.0
Edwards,2021,sex,male,285.0
Edwards,2022,sex,female,302.0
Edwards,2022,sex,male,285.0
Edwards,2023,sex,female,299.0
Edwards,2023,sex,male,255.0
Edwards,2024,sex,female,293.0
Edwards,2024,sex,male,253.0
Effingham,2010,sex,female,1945.0
Effingham,2010,sex,male,2464.0
Effingham,2011,sex,female,1927.0
Effingham,2011,sex,male,2327.0
Effingham,2012,sex,female,1866.0
Effingham,2012,sex,male,2389.0
Effingham,2013,sex,female,1867.0
Effingham,2013,sex,male,2359.0
Effingham,2014,sex,female,1871.0
Effingham,2014,sex,male,2317.0
Effingham,2015,sex,female,1867.0
Effingham,2015,sex,male,2150.0
Effingham,2016,sex,female,1784.0
Effingham,2016,sex,male,2183.0
Effingham,2017,sex,female,1796.0
Effingham,2017,sex,male,2046.0
Effingham,2018,sex,female,1810.0
Effingham,2018,sex,male,1961.0
Effingham,2019,sex,female,1835.0
Effingham,2019,sex,male,1856.0
Effingham,2020,sex,female,1776.0
Effingham,2020,sex,male,1914.0
Effingham,2021,sex,female,1812.0
Effingham,2021,sex,male,2030.0
Effingham,2022,sex,female,1806.0
Effingham,2022,sex,male,1997.0
Effingham,2023,sex,female,1725.0
Effingham,2023,sex,male,2028.0
Effingham,2024,sex,female,1734.0
Effingham,2024,sex,male,1989.0
Fayette,2010,sex,female,1201.0
Fayette,2010,sex,male,1156.0
Fayette,2011,sex,female,1068.0
Fayette,2011,sex,male,1172.0
Fayette,2012,sex,female,1225.0
Fayette,2012,sex,male,1313.0
Fayette,2013,sex,female,1207.0
Fayette,2013,sex,male,1290.0
Fayette,2014,sex,female,1115.0
Fayette,2014,sex,male,1161.0
Fayette,2015,sex,female,1142.0
Fayette,2015,sex,male,1206.0
Fayette,2016,sex,female,1085.0
Fayette,2016,sex,male,1193.0
Fayette,2017,sex,female,1127.0
Fayette,2017,sex,male,1172.0
Fayette,2018,sex,female,1108.0
Fayette,2018,sex,male,1114.0
Fayette,2019,sex,female,1098.0
Fayette,2019,sex,male,1053.0
Fayette,2020,sex,female,1043.0
Fayette,2020,sex,male,1111.0
Fayette,2021,sex,female,1006.0
Fayette,2021,sex,male,1095.0
Fayette,2022,sex,female,937.0
Fayette,2022,sex,male,1030.0
Fayette,2023,sex,female,978.0
Fayette,2023,sex,male,1010.0
Fayette,2024,sex,female,944.0
Fayette,2024,sex,male,1053.0
Ford,2010,sex,female,748.0
Ford,2010,sex,male,853.0
Ford,2011,sex,female,689.0
Ford,2011,sex,male,877.0
Ford,2012,sex,female,660.0
Ford,2012,sex,male,841.0
Ford,2013,sex,female,680.0
Ford,2013,sex,male,855.0
Ford,2014,sex,female,682.0
Ford,2014,sex,male,838.0
Ford,2015,sex,female,668.0
Ford,2015,sex,male,775.0
Ford,2016,sex,female,723.0
Ford,2016,sex,male,706.0
Ford,2017,sex,female,669.0
Ford,2017,sex,male,676.0
Ford,2018,sex,female,707.0
Ford,2018,sex,male,625.0
Ford,2019,sex,female,696.0
Ford,2019,sex,male,677.0
Ford,2020,sex,female,670.0
Ford,2020,sex,male,697.0
Ford,2021,sex,female,702.0
Ford,2021,sex,male,749.0
Ford,2022,sex,female,722.0
Ford,2022,sex,male,751.0
Ford,2023,sex,female,643.0
Ford,2023,sex,male,721.0
Ford,2024,sex,female,681.0
Ford,2024,sex,male,722.0
Franklin,2010,sex,female,2174.0
Franklin,2010,sex,male,2137.0
Franklin,2011,sex,female,2126.0
Franklin,2011,sex,male,2152.0
Franklin,2012,sex,female,1968.0
Franklin,2012,sex,male,2244.0
Franklin,2013,sex,female,1936.0
Franklin,2013,sex,male,2200.0
Franklin,2014,sex,female,1797.0
Franklin,2014,sex,male,2167.0
Franklin,2015,sex,female,1696.0
Franklin,2015,sex,male,2269.0
Franklin,2016,sex,female,1756.0
Franklin,2016,sex,male,2201.0
Franklin,2017,sex,female,1778.0
Franklin,2017,sex,male,2069.0
Franklin,2018,sex,female,1800.0
Franklin,2018,sex,male,2027.0
Franklin,2019,sex,female,1824.0
Franklin,2019,sex,male,1981.0
Franklin,2020,sex,female,1982.0
Franklin,2020,sex,male,2087.0
Franklin,2021,sex,female,1935.0
Franklin,2021,sex,male,2073.0
Franklin,2022,sex,female,1952.0
Franklin,2022,sex,male,2125.0
Franklin,2023,sex,female,2011.0
Franklin,2023,sex,male,2162.0
Franklin,2024,sex,female,1940.0
Franklin,2024,sex,male,2163.0
Fulton,2010,sex,female,1802.0
Fulton,2010,sex,male,1823.0
Fulton,2011,sex,female,1726.0
Fulton,2011,sex,male,1834.0
Fulton,2012,sex,female,1666.0
Fulton,2012,sex,male,1809.0
Fulton,2013,sex,female,1739.0
Fulton,2013,sex,male,1870.0
Fulton,2014,sex,female,1711.0
Fulton,2014,sex,male,1818.0
Fulton,2015,sex,female,1620.0
Fulton,2015,sex,male,1743.0
Fulton,2016,sex,female,1678.0
Fulton,2016,sex,male,1765.0
Fulton,2017,sex,female,1653.0
Fulton,2017,sex,male,1850.0
Fulton,2018,sex,female,1618.0
Fulton,2018,sex,male,1834.0
Fulton,2019,sex,female,1627.0
Fulton,2019,sex,male,1808.0
Fulton,2020,sex,female,1698.0
Fulton,2020,sex,male,1772.0
Fulton,2021,sex,female,1624.0
Fulton,2021,sex,male,1712.0
Fulton,2022,sex,female,1620.0
Fulton,2022,sex,male,1643.0
Fulton,2023,sex,female,1566.0
Fulton,2023,sex,male,1537.0
Fulton,2024,sex,female,1473.0
Fulton,2024,sex,male,1583.0
Gallatin,2010,sex,female,306.0
Gallatin,2010,sex,male,257.0
Gallatin,2011,sex,female,299.0
Gallatin,2011,sex,male,238.0
Gallatin,2012,sex,female,307.0
Gallatin,2012,sex,male,208.0
Gallatin,2013,sex,female,299.0
Gallatin,2013,sex,male,177.0
Gallatin,2014,sex,female,277.0
Gallatin,2014,sex,male,185.0
Gallatin,2015,sex,female,278.0
Gallatin,2015,sex,male,187.0
Gallatin,2016,sex,female,318.0
Gallatin,2016,sex,male,197.0
Gallatin,2017,sex,female,322.0
Gallatin,2017,sex,male,218.0
Gallatin,2018,sex,female,272.0
Gallatin,2018,sex,male,248.0
Gallatin,2019,sex,female,285.0
Gallatin,2019,sex,male,251.0
Gallatin,2020,sex,female,272.0
Gallatin,2020,sex,male,247.0
Gallatin,2021,sex,female,258.0
Gallatin,2021,sex,male,278.0
Gallatin,2022,sex,female,245.0
Gallatin,2022,sex,male,261.0
Gallatin,2023,sex,female,258.0
Gallatin,2023,sex,male,292.0
Gallatin,2024,sex,female,205.0
Gallatin,2024,sex,male,266.0
Greene,2010,sex,female,801.0
Greene,2010,sex,male,843.0
Greene,2011,sex,female,773.0
Greene,2011,sex,male,854.0
Greene,2012,sex,female,775.0
Greene,2012,sex,male,865.0
Greene,2013,sex,female,707.0
Greene,2013,sex,male,828.0
Greene,2014,sex,female,692.0
Greene,2014,sex,male,790.0
Greene,2015,sex,female,679.0
Greene,2015,sex,male,730.0
Greene,2016,sex,female,662.0
Greene,2016,sex,male,691.0
Greene,2017,sex,female,644.0
Greene,2017,sex,male,627.0
Greene,2018,sex,female,655.0
Greene,2018,sex,male,583.0
Greene,2019,sex,female,605.0
Greene,2019,sex,male,584.0
Greene,2020,sex,female,605.0
Greene,2020,sex,male,580.0
Greene,2021,sex,female,659.0
Greene,2021,sex,male,606.0
Greene,2022,sex,female,631.0
Greene,2022,sex,male,629.0
Greene,2023,sex,female,632.0
Greene,2023,sex,male,628.0
Greene,2024,sex,female,694.0
Greene,2024,sex,male,647.0
Grundy,2010,sex,female,3019.0
Grundy,2010,sex,male,3018.0
Grundy,2011,sex,female,3025.0
Grundy,2011,sex,male,3051.0
Grundy,2012,sex,female,2971.0
Grundy,2012,sex,male,2988.0
Grundy,2013,sex,female,2950.0
Grundy,2013,sex,male,2931.0
Grundy,2014,sex,female,2903.0
Grundy,2014,sex,male,2974.0
Grundy,2015,sex,female,2883.0
Grundy,2015,sex,male,2914.0
Grundy,2016,sex,female,2990.0
Grundy,2016,sex,male,3021.0
Grundy,2017,sex,female,3140.0
Grundy,2017,sex,male,3062.0
Grundy,2018,sex,female,2951.0
Grundy,2018,sex,male,3030.0
Grundy,2019,sex,female,2946.0
Grundy,2019,sex,male,3055.0
Grundy,2020,sex,female,2983.0
Grundy,2020,sex,male,3138.0
Grundy,2021,sex,female,3047.0
Grundy,2021,sex,male,3180.0
Grundy,2022,sex,female,2882.0
Grundy,2022,sex,male,3224.0
Grundy,2023,sex,female,2848.0
Grundy,2023,sex,male,3399.0
Grundy,2024,sex,female,2842.0
Grundy,2024,sex,male,3218.0
Hamilton,2010,sex,female,315.0
Hamilton,2010,sex,male,507.0
Hamilton,2011,sex,female,328.0
Hamilton,2011,sex,male,562.0
Hamilton,2012,sex,female,348.0
Hamilton,2012,sex,male,535.0
Hamilton,2013,sex,female,356.0
Hamilton,2013,sex,male,590.0
Hamilton,2014,sex,female,429.0
Hamilton,2014,sex,male,557.0
Hamilton,2015,sex,female,499.0
Hamilton,2015,sex,male,480.0
Hamilton,2016,sex,female,479.0
Hamilton,2016,sex,male,473.0
Hamilton,2017,sex,female,458.0
Hamilton,2017,sex,male,459.0
Hamilton,2018,sex,female,391.0
Hamilton,2018,sex,male,451.0
Hamilton,2019,sex,female,299.0
Hamilton,2019,sex,male,524.0
Hamilton,2020,sex,female,370.0
Hamilton,2020,sex,male,435.0
Hamilton,2021,sex,female,479.0
Hamilton,2021,sex,male,403.0
Hamilton,2022,sex,female,408.0
Hamilton,2022,sex,male,446.0
Hamilton,2023,sex,female,439.0
Hamilton,2023,sex,male,453.0
Hamilton,2024,sex,female,464.0
Hamilton,2024,sex,male,458.0
Hancock,2010,sex,female,941.0
Hancock,2010,sex,male,1067.0
Hancock,2011,sex,female,934.0
Hancock,2011,sex,male,1008.0
Hancock,2012,sex,female,888.0
Hancock,2012,sex,male,957.0
Hancock,2013,sex,female,896.0
Hancock,2013,sex,male,912.0
Hancock,2014,sex,female,909.0
Hancock,2014,sex,male,896.0
Hancock,2015,sex,female,892.0
Hancock,2015,sex,male,849.0
Hancock,2016,sex,female,871.0
Hancock,2016,sex,male,856.0
Hancock,2017,sex,female,917.0
Hancock,2017,sex,male,864.0
Hancock,2018,sex,female,857.0
Hancock,2018,sex,male,925.0
Hancock,2019,sex,female,864.0
Hancock,2019,sex,male,905.0
Hancock,2020,sex,female,914.0
Hancock,2020,sex,male,955.0
Hancock,2021,sex,female,893.0
Hancock,2021,sex,male,963.0
Hancock,2022,sex,female,872.0
Hancock,2022,sex,male,948.0
Hancock,2023,sex,female,884.0
Hancock,2023,sex,male,973.0
Hancock,2024,sex,female,870.0
Hancock,2024,sex,male,948.0
Hardin,2010,sex,female,139.0
Hardin,2010,sex,male,191.0
Hardin,2011,sex,female,150.0
Hardin,2011,sex,male,220.0
Hardin,2012,sex,female,187.0
Hardin,2012,sex,male,257.0
Hardin,2013,sex,female,163.0
Hardin,2013,sex,male,295.0
Hardin,2014,sex,female,207.0
Hardin,2014,sex,male,255.0
Hardin,2015,sex,female,247.0
Hardin,2015,sex,male,268.0
Hardin,2016,sex,female,256.0
Hardin,2016,sex,male,208.0
Hardin,2017,sex,female,228.0
Hardin,2017,sex,male,212.0
Hardin,2018,sex,female,201.0
Hardin,2018,sex,male,216.0
Hardin,2019,sex,female,212.0
Hardin,2019,sex,male,228.0
Hardin,2020,sex,female,153.0
Hardin,2020,sex,male,160.0
Hardin,2021,sex,female,167.0
Hardin,2021,sex,male,136.0
Hardin,2022,sex,female,169.0
Hardin,2022,sex,male,142.0
Hardin,2023,sex,female,170.0
Hardin,2023,sex,male,164.0
Hardin,2024,sex,female,134.0
Hardin,2024,sex,male,199.0
Henderson,2010,sex,female,373.0
Henderson,2010,sex,male,392.0
Henderson,2011,sex,female,383.0
Henderson,2011,sex,male,400.0
Henderson,2012,sex,female,391.0
Henderson,2012,sex,male,393.0
Henderson,2013,sex,female,409.0
Henderson,2013,sex,male,365.0
Henderson,2014,sex,female,388.0
Henderson,2014,sex,male,378.0
Henderson,2015,sex,female,347.0
Henderson,2015,sex,male,357.0
Henderson,2016,sex,female,331.0
Henderson,2016,sex,male,347.0
Henderson,2017,sex,female,298.0
Henderson,2017,sex,male,373.0
Henderson,2018,sex,female,268.0
Henderson,2018,sex,male,351.0
Henderson,2019,sex,female,278.0
Henderson,2019,sex,male,370.0
Henderson,2020,sex,female,275.0
Henderson,2020,sex,male,358.0
Henderson,2021,sex,female,260.0
Henderson,2021,sex,male,332.0
Henderson,2022,sex,female,239.0
Henderson,2022,sex,male,341.0
Henderson,2023,sex,female,245.0
Henderson,2023,sex,male,356.0
Henderson,2024,sex,female,236.0
Henderson,2024,sex,male,298.0
Henry,2010,sex,female,2719.0
Henry,2010,sex,male,3012.0
Henry,2011,sex,female,2586.0
Henry,2011,sex,male,2995.0
Henry,2012,sex,female,2600.0
Henry,2012,sex,male,3012.0
Henry,2013,sex,female,2580.0
Henry,2013,sex,male,3038.0
Henry,2014,sex,female,2701.0
Henry,2014,sex,male,2975.0
Henry,2015,sex,female,2710.0
Henry,2015,sex,male,2974.0
Henry,2016,sex,female,2883.0
Henry,2016,sex,male,2876.0
Henry,2017,sex,female,2822.0
Henry,2017,sex,male,2779.0
Henry,2018,sex,female,2664.0
Henry,2018,sex,male,2719.0
Henry,2019,sex,female,2666.0
Henry,2019,sex,male,2814.0
Henry,2020,sex,female,2654.0
Henry,2020,sex,male,2616.0
Henry,2021,sex,female,2648.0
Henry,2021,sex,male,2566.0
Henry,2022,sex,female,2481.0
Henry,2022,sex,male,2591.0
Henry,2023,sex,female,2628.0
Henry,2023,sex,male,2528.0
Henry,2024,sex,female,2615.0
Henry,2024,sex,male,2535.0
Iroquois,2010,sex,female,1622.0
Iroquois,2010,sex,male,1855.0
Iroquois,2011,sex,female,1594.0
Iroquois,2011,sex,male,1880.0
Iroquois,2012,sex,female,1574.0
Iroquois,2012,sex,male,1857.0
Iroquois,2013,sex,female,1562.0
Iroquois,2013,sex,male,1754.0
Iroquois,2014,sex,female,1564.0
Iroquois,2014,sex,male,1736.0
Iroquois,2015,sex,female,1514.0
Iroquois,2015,sex,male,1731.0
Iroquois,2016,sex,female,1473.0
Iroquois,2016,sex,male,1665.0
Iroquois,2017,sex,female,1482.0
Iroquois,2017,sex,male,1587.0
Iroquois,2018,sex,female,1490.0
Iroquois,2018,sex,male,1536.0
Iroquois,2019,sex,female,1466.0
Iroquois,2019,sex,male,1509.0
Iroquois,2020,sex,female,1496.0
Iroquois,2020,sex,male,1438.0
Iroquois,2021,sex,female,1435.0
Iroquois,2021,sex,male,1450.0
Iroquois,2022,sex,female,1343.0
Iroquois,2022,sex,male,1355.0
Iroquois,2023,sex,female,1337.0
Iroquois,2023,sex,male,1347.0
Iroquois,2024,sex,female,1340.0
Iroquois,2024,sex,male,1295.0
Jackson,2010,sex,female,2441.0
Jackson,2010,sex,male,2456.0
Jackson,2011,sex,female,2360.0
Jackson,2011,sex,male,2397.0
Jackson,2012,sex,female,2388.0
Jackson,2012,sex,male,2347.0
Jackson,2013,sex,female,2305.0
Jackson,2013,sex,male,2202.0
Jackson,2014,sex,female,2406.0
Jackson,2014,sex,male,2258.0
Jackson,2015,sex,female,2324.0
Jackson,2015,sex,male,2329.0
Jackson,2016,sex,female,2395.0
Jackson,2016,sex,male,2251.0
Jackson,2017,sex,female,2526.0
Jackson,2017,sex,male,2160.0
Jackson,2018,sex,female,2677.0
Jackson,2018,sex,male,2123.0
Jackson,2019,sex,female,2709.0
Jackson,2019,sex,male,2264.0
Jackson,2020,sex,female,2450.0
Jackson,2020,sex,male,2363.0
Jackson,2021,sex,female,2353.0
Jackson,2021,sex,male,2311.0
Jackson,2022,sex,female,2318.0
Jackson,2022,sex,male,2137.0
Jackson,2023,sex,female,2370.0
Jackson,2023,sex,male,2219.0
Jackson,2024,sex,female,2204.0
Jackson,2024,sex,male,2294.0
Jasper,2010,sex,female,489.0
Jasper,2010,sex,male,491.0
Jasper,2011,sex,female,462.0
Jasper,2011,sex,male,478.0
Jasper,2012,sex,female,469.0
Jasper,2012,sex,male,480.0
Jasper,2013,sex,female,435.0
Jasper,2013,sex,male,509.0
Jasper,2014,sex,female,459.0
Jasper,2014,sex,male,529.0
Jasper,2015,sex,female,510.0
Jasper,2015,sex,male,516.0
Jasper,2016,sex,female,509.0
Jasper,2016,sex,male,499.0
Jasper,2017,sex,female,564.0
Jasper,2017,sex,male,476.0
Jasper,2018,sex,female,533.0
Jasper,2018,sex,male,441.0
Jasper,2019,sex,female,535.0
Jasper,2019,sex,male,462.0
Jasper,2020,sex,female,530.0
Jasper,2020,sex,male,432.0
Jasper,2021,sex,female,520.0
Jasper,2021,sex,male,463.0
Jasper,2022,sex,female,474.0
Jasper,2022,sex,male,512.0
Jasper,2023,sex,female,450.0
Jasper,2023,sex,male,453.0
Jasper,2024,sex,female,389.0
Jasper,2024,sex,male,449.0
Jefferson,2010,sex,female,1981.0
Jefferson,2010,sex,male,2064.0
Jefferson,2011,sex,female,1790.0
Jefferson,2011,sex,male,2014.0
Jefferson,2012,sex,female,1838.0
Jefferson,2012,sex,male,1989.0
Jefferson,2013,sex,female,1805.0
Jefferson,2013,sex,male,2007.0
Jefferson,2014,sex,female,1762.0
Jefferson,2014,sex,male,2010.0
Jefferson,2015,sex,female,1702.0
Jefferson,2015,sex,male,1911.0
Jefferson,2016,sex,female,1856.0
Jefferson,2016,sex,male,1817.0
Jefferson,2017,sex,female,1712.0
Jefferson,2017,sex,male,1859.0
Jefferson,2018,sex,female,1746.0
Jefferson,2018,sex,male,1773.0
Jefferson,2019,sex,female,1792.0
Jefferson,2019,sex,male,1752.0
Jefferson,2020,sex,female,1725.0
Jefferson,2020,sex,male,1831.0
Jefferson,2021,sex,female,1685.0
Jefferson,2021,sex,male,1974.0
Jefferson,2022,sex,female,1785.0
Jefferson,2022,sex,male,1942.0
Jefferson,2023,sex,female,1813.0
Jefferson,2023,sex,male,1939.0
Jefferson,2024,sex,female,1819.0
Jefferson,2024,sex,male,2024.0
Jersey,2010,sex,female,1398.0
Jersey,2010,sex,male,1243.0
Jersey,2011,sex,female,1365.0
Jersey,2011,sex,male,1271.0
Jersey,2012,sex,female,1402.0
Jersey,2012,sex,male,1331.0
Jersey,2013,sex,female,1363.0
Jersey,2013,sex,male,1331.0
Jersey,2014,sex,female,1308.0
Jersey,2014,sex,male,1415.0
Jersey,2015,sex,female,1242.0
Jersey,2015,sex,male,1336.0
Jersey,2016,sex,female,1167.0
Jersey,2016,sex,male,1243.0
Jersey,2017,sex,female,1169.0
Jersey,2017,sex,male,1311.0
Jersey,2018,sex,female,1121.0
Jersey,2018,sex,male,1409.0
Jersey,2019,sex,female,1042.0
Jersey,2019,sex,male,1338.0
Jersey,2020,sex,female,1045.0
Jersey,2020,sex,male,1341.0
Jersey,2021,sex,female,1124.0
Jersey,2021,sex,male,1329.0
Jersey,2022,sex,female,1049.0
Jersey,2022,sex,male,1127.0
Jersey,2023,sex,female,1272.0
Jersey,2023,sex,male,966.0
Jersey,2024,sex,female,1114.0
Jersey,2024,sex,male,964.0
Jo Daviess,2010,sex,female,1098.0
Jo Daviess,2010,sex,male,1124.0
Jo Daviess,2011,sex,female,1155.0
Jo Daviess,2011,sex,male,1135.0
Jo Daviess,2012,sex,female,1149.0
Jo Daviess,2012,sex,male,1131.0
Jo Daviess,2013,sex,female,1160.0
Jo Daviess,2013,sex,male,1151.0
Jo Daviess,2014,sex,female,1189.0
Jo Daviess,2014,sex,male,1202.0
Jo Daviess,2015,sex,female,1150.0
Jo Daviess,2015,sex,male,1182.0
Jo Daviess,2016,sex,female,1154.0
Jo Daviess,2016,sex,male,1171.0
Jo Daviess,2017,sex,female,1169.0
Jo Daviess,2017,sex,male,1214.0
Jo Daviess,2018,sex,female,1040.0
Jo Daviess,2018,sex,male,1117.0
Jo Daviess,2019,sex,female,967.0
Jo Daviess,2019,sex,male,1121.0
Jo Daviess,2020,sex,female,940.0
Jo Daviess,2020,sex,male,1101.0
Jo Daviess,2021,sex,female,970.0
Jo Daviess,2021,sex,male,1183.0
Jo Daviess,2022,sex,female,927.0
Jo Daviess,2022,sex,male,1106.0
Jo Daviess,2023,sex,female,999.0
Jo Daviess,2023,sex,male,1160.0
Jo Daviess,2024,sex,female,999.0
Jo Daviess,2024,sex,male,1080.0
Johnson,2010,sex,female,588.0
Johnson,2010,sex,male,728.0
Johnson,2011,sex,female,537.0
Johnson,2011,sex,male,749.0
Johnson,2012,sex,female,520.0
Johnson,2012,sex,male,768.0
Johnson,2013,sex,female,471.0
Johnson,2013,sex,male,765.0
Johnson,2014,sex,female,489.0
Johnson,2014,sex,male,710.0
Johnson,2015,sex,female,482.0
Johnson,2015,sex,male,690.0
Johnson,2016,sex,female,443.0
Johnson,2016,sex,male,603.0
Johnson,2017,sex,female,452.0
Johnson,2017,sex,male,595.0
Johnson,2018,sex,female,447.0
Johnson,2018,sex,male,562.0
Johnson,2019,sex,female,415.0
Johnson,2019,sex,male,570.0
Johnson,2020,sex,female,417.0
Johnson,2020,sex,male,574.0
Johnson,2021,sex,female,492.0
Johnson,2021,sex,male,666.0
Johnson,2022,sex,female,561.0
Johnson,2022,sex,male,849.0
Johnson,2023,sex,female,557.0
Johnson,2023,sex,male,679.0
Johnson,2024,sex,female,646.0
Johnson,2024,sex,male,667.0
Kane,2010,sex,female,30490.0
Kane,2010,sex,male,33647.0
Kane,2011,sex,female,31204.0
Kane,2011,sex,male,34121.0
Kane,2012,sex,female,31618.0
Kane,2012,sex,male,34468.0
Kane,2013,sex,female,32191.0
Kane,2013,sex,male,35061.0
Kane,2014,sex,female,31565.0
Kane,2014,sex,male,34954.0
Kane,2015,sex,female,32198.0
Kane,2015,sex,male,34373.0
Kane,2016,sex,female,32903.0
Kane,2016,sex,male,34680.0
Kane,2017,sex,female,32788.0
Kane,2017,sex,male,34557.0
Kane,2018,sex,female,32505.0
Kane,2018,sex,male,34162.0
Kane,2019,sex,female,32595.0
Kane,2019,sex,male,34416.0
Kane,2020,sex,female,32036.0
Kane,2020,sex,male,34374.0
Kane,2021,sex,female,31321.0
Kane,2021,sex,male,33768.0
Kane,2022,sex,female,30471.0
Kane,2022,sex,male,32823.0
Kane,2023,sex,female,30663.0
Kane,2023,sex,male,32244.0
Kane,2024,sex,female,29562.0
Kane,2024,sex,male,31105.0
Kankakee,2010,sex,female,6367.0
Kankakee,2010,sex,male,6991.0
Kankakee,2011,sex,female,6100.0
Kankakee,2011,sex,male,7053.0
Kankakee,2012,sex,female,5836.0
Kankakee,2012,sex,male,6906.0
Kankakee,2013,sex,female,5811.0
Kankakee,2013,sex,male,6802.0
Kankakee,2014,sex,female,5804.0
Kankakee,2014,sex,male,6638.0
Kankakee,2015,sex,female,5852.0
Kankakee,2015,sex,male,6502.0
Kankakee,2016,sex,female,5943.0
Kankakee,2016,sex,male,6437.0
Kankakee,2017,sex,female,5889.0
Kankakee,2017,sex,male,6447.0
Kankakee,2018,sex,female,5728.0
Kankakee,2018,sex,male,6400.0
Kankakee,2019,sex,female,5642.0
Kankakee,2019,sex,male,6267.0
Kankakee,2020,sex,female,5753.0
Kankakee,2020,sex,male,6404.0
Kankakee,2021,sex,female,5640.0
Kankakee,2021,sex,male,6201.0
Kankakee,2022,sex,female,5614.0
Kankakee,2022,sex,male,6226.0
Kankakee,2023,sex,female,5692.0
Kankakee,2023,sex,male,6105.0
Kankakee,2024,sex,female,5521.0
Kankakee,2024,sex,male,6052.0
Kendall,2010,sex,female,6600.0
Kendall,2010,sex,male,6960.0
Kendall,2011,sex,female,7092.0
Kendall,2011,sex,male,7325.0
Kendall,2012,sex,female,7193.0
Kendall,2012,sex,male,8008.0
Kendall,2013,sex,female,7571.0
Kendall,2013,sex,male,8195.0
Kendall,2014,sex,female,7733.0
Kendall,2014,sex,male,8612.0
Kendall,2015,sex,female,7457.0
Kendall,2015,sex,male,8653.0
Kendall,2016,sex,female,7735.0
Kendall,2016,sex,male,8555.0
Kendall,2017,sex,female,7949.0
Kendall,2017,sex,male,8158.0
Kendall,2018,sex,female,8062.0
Kendall,2018,sex,male,8375.0
Kendall,2019,sex,female,8284.0
Kendall,2019,sex,male,8427.0
Kendall,2020,sex,female,8432.0
Kendall,2020,sex,male,8451.0
Kendall,2021,sex,female,8431.0
Kendall,2021,sex,male,8685.0
Kendall,2022,sex,female,8271.0
Kendall,2022,sex,male,8388.0
Kendall,2023,sex,female,8339.0
Kendall,2023,sex,male,8782.0
Kendall,2024,sex,female,8713.0
Kendall,2024,sex,male,9176.0
Knox,2010,sex,female,2560.0
Knox,2010,sex,male,2603.0
Knox,2011,sex,female,2458.0
Knox,2011,sex,male,2663.0
Knox,2012,sex,female,2406.0
Knox,2012,sex,male,2649.0
Knox,2013,sex,female,2327.0
Knox,2013,sex,male,2624.0
Knox,2014,sex,female,2254.0
Knox,2014,sex,male,2603.0
Knox,2015,sex,female,2362.0
Knox,2015,sex,male,2534.0
Knox,2016,sex,female,2393.0
Knox,2016,sex,male,2634.0
Knox,2017,sex,female,2296.0
Knox,2017,sex,male,2580.0
Knox,2018,sex,female,2307.0
Knox,2018,sex,male,2443.0
Knox,2019,sex,female,2243.0
Knox,2019,sex,male,2386.0
Knox,2020,sex,female,2068.0
Knox,2020,sex,male,2396.0
Knox,2021,sex,female,2068.0
Knox,2021,sex,male,2443.0
Knox,2022,sex,female,2022.0
Knox,2022,sex,male,2383.0
Knox,2023,sex,female,1969.0
Knox,2023,sex,male,2371.0
Knox,2024,sex,female,1824.0
Knox,2024,sex,male,2416.0
LaSalle,2010,sex,female,6083.0
LaSalle,2010,sex,male,6008.0
LaSalle,2011,sex,female,6113.0
LaSalle,2011,sex,male,5938.0
LaSalle,2012,sex,female,6095.0
LaSalle,2012,sex,male,5897.0
LaSalle,2013,sex,female,6034.0
LaSalle,2013,sex,male,5919.0
LaSalle,2014,sex,female,6169.0
LaSalle,2014,sex,male,5952.0
LaSalle,2015,sex,female,6150.0
LaSalle,2015,sex,male,6102.0
LaSalle,2016,sex,female,5897.0
LaSalle,2016,sex,male,5955.0
LaSalle,2017,sex,female,6000.0
LaSalle,2017,sex,male,5945.0
LaSalle,2018,sex,female,5765.0
LaSalle,2018,sex,male,5866.0
LaSalle,2019,sex,female,5434.0
LaSalle,2019,sex,male,5671.0
LaSalle,2020,sex,female,5127.0
LaSalle,2020,sex,male,5604.0
LaSalle,2021,sex,female,5399.0
LaSalle,2021,sex,male,5670.0
LaSalle,2022,sex,female,5170.0
LaSalle,2022,sex,male,5676.0
LaSalle,2023,sex,female,5245.0
LaSalle,2023,sex,male,5702.0
LaSalle,2024,sex,female,5239.0
LaSalle,2024,sex,male,5872.0
Lake,2010,sex,female,43713.0
Lake,2010,sex,male,46829.0
Lake,2011,sex,female,43971.0
Lake,2011,sex,male,46813.0
Lake,2012,sex,female,43638.0
Lake,2012,sex,male,46649.0
Lake,2013,sex,female,43449.0
Lake,2013,sex,male,46338.0
Lake,2014,sex,female,43526.0
Lake,2014,sex,male,46116.0
Lake,2015,sex,female,43854.0
Lake,2015,sex,male,45245.0
Lake,2016,sex,female,42932.0
Lake,2016,sex,male,44431.0
Lake,2017,sex,female,42280.0
Lake,2017,sex,male,43751.0
Lake,2018,sex,female,42480.0
Lake,2018,sex,male,43640.0
Lake,2019,sex,female,41356.0
Lake,2019,sex,male,42531.0
Lake,2020,sex,female,40675.0
Lake,2020,sex,male,42109.0
Lake,2021,sex,female,41747.0
Lake,2021,sex,male,42986.0
Lake,2022,sex,female,40874.0
Lake,2022,sex,male,41842.0
Lake,2023,sex,female,40686.0
Lake,2023,sex,male,41694.0
Lake,2024,sex,female,40295.0
Lake,2024,sex,male,41650.0
Lawrence,2010,sex,female,639.0
Lawrence,2010,sex,male,734.0
Lawrence,2011,sex,female,705.0
Lawrence,2011,sex,male,713.0
Lawrence,2012,sex,female,82.0
Lawrence,2012,sex,male,82.0
Lawrence,2013,sex,female,737.0
Lawrence,2013,sex,male,700.0
Lawrence,2014,sex,female,699.0
Lawrence,2014,sex,male,668.0
Lawrence,2015,sex,female,661.0
Lawrence,2015,sex,male,626.0
Lawrence,2016,sex,female,688.0
Lawrence,2016,sex,male,655.0
Lawrence,2017,sex,female,640.0
Lawrence,2017,sex,male,673.0
Lawrence,2018,sex,female,695.0
Lawrence,2018,sex,male,707.0
Lawrence,2019,sex,female,638.0
Lawrence,2019,sex,male,710.0
Lawrence,2020,sex,female,635.0
Lawrence,2020,sex,male,795.0
Lawrence,2021,sex,female,629.0
Lawrence,2021,sex,male,829.0
Lawrence,2022,sex,female,666.0
Lawrence,2022,sex,male,818.0
Lawrence,2023,sex,female,648.0
Lawrence,2023,sex,male,845.0
Lawrence,2024,sex,female,645.0
Lawrence,2024,sex,male,845.0
Lee,2010,sex,female,1851.0
Lee,2010,sex,male,1969.0
Lee,2011,sex,female,1771.0
Lee,2011,sex,male,1959.0
Lee,2012,sex,female,1724.0
Lee,2012,sex,male,1864.0
Lee,2013,sex,female,1723.0
Lee,2013,sex,male,1759.0
Lee,2014,sex,female,1760.0
Lee,2014,sex,male,1652.0
Lee,2015,sex,female,1711.0
Lee,2015,sex,male,1529.0
Lee,2016,sex,female,1600.0
Lee,2016,sex,male,1425.0
Lee,2017,sex,female,1528.0
Lee,2017,sex,male,1371.0
Lee,2018,sex,female,1480.0
Lee,2018,sex,male,1464.0
Lee,2019,sex,female,1508.0
Lee,2019,sex,male,1443.0
Lee,2020,sex,female,1446.0
Lee,2020,sex,male,1564.0
Lee,2021,sex,female,1639.0
Lee,2021,sex,male,1607.0
Lee,2022,sex,female,1770.0
Lee,2022,sex,male,1637.0
Lee,2023,sex,female,1729.0
Lee,2023,sex,male,1685.0
Lee,2024,sex,female,1692.0
Lee,2024,sex,male,1732.0
Livingston,2010,sex,female,2138.0
Livingston,2010,sex,male,2317.0
Livingston,2011,sex,female,2010.0
Livingston,2011,sex,male,2297.0
Livingston,2012,sex,female,2132.0
Livingston,2012,sex,male,2341.0
Livingston,2013,sex,female,2111.0
Livingston,2013,sex,male,2218.0
Livingston,2014,sex,female,2020.0
Livingston,2014,sex,male,2069.0
Livingston,2015,sex,female,1932.0
Livingston,2015,sex,male,1951.0
Livingston,2016,sex,female,1914.0
Livingston,2016,sex,male,2054.0
Livingston,2017,sex,female,1853.0
Livingston,2017,sex,male,1998.0
Livingston,2018,sex,female,1901.0
Livingston,2018,sex,male,1887.0
Livingston,2019,sex,female,1847.0
Livingston,2019,sex,male,2038.0
Livingston,2020,sex,female,1878.0
Livingston,2020,sex,male,2102.0
Livingston,2021,sex,female,1921.0
Livingston,2021,sex,male,2111.0
Livingston,2022,sex,female,1760.0
Livingston,2022,sex,male,1971.0
Livingston,2023,sex,female,1727.0
Livingston,2023,sex,male,2038.0
Livingston,2024,sex,female,1679.0
Livingston,2024,sex,male,1748.0
Logan,2010,sex,female,1342.0
Logan,2010,sex,male,1560.0
Logan,2011,sex,female,1254.0
Logan,2011,sex,male,1494.0
Logan,2012,sex,female,1253.0
Logan,2012,sex,male,1411.0
Logan,2013,sex,female,1233.0
Logan,2013,sex,male,1308.0
Logan,2014,sex,female,1251.0
Logan,2014,sex,male,1327.0
Logan,2015,sex,female,1320.0
Logan,2015,sex,male,1287.0
Logan,2016,sex,female,1312.0
Logan,2016,sex,male,1213.0
Logan,2017,sex,female,1275.0
Logan,2017,sex,male,1295.0
Logan,2018,sex,female,1324.0
Logan,2018,sex,male,1379.0
Logan,2019,sex,female,1287.0
Logan,2019,sex,male,1292.0
Logan,2020,sex,female,1148.0
Logan,2020,sex,male,1284.0
Logan,2021,sex,female,1140.0
Logan,2021,sex,male,1288.0
Logan,2022,sex,female,1228.0
Logan,2022,sex,male,1321.0
Logan,2023,sex,female,1236.0
Logan,2023,sex,male,1257.0
Logan,2024,sex,female,1269.0
Logan,2024,sex,male,1302.0
Macon,2010,sex,female,5495.0
Macon,2010,sex,male,5503.0
Macon,2011,sex,female,5438.0
Macon,2011,sex,male,5221.0
Macon,2012,sex,female,5320.0
Macon,2012,sex,male,5425.0
Macon,2013,sex,female,5343.0
Macon,2013,sex,male,5327.0
Macon,2014,sex,female,5311.0
Macon,2014,sex,male,5326.0
Macon,2015,sex,female,5260.0
Macon,2015,sex,male,5465.0
Macon,2016,sex,female,5087.0
Macon,2016,sex,male,5392.0
Macon,2017,sex,female,5099.0
Macon,2017,sex,male,5283.0
Macon,2018,sex,female,5224.0
Macon,2018,sex,male,5485.0
Macon,2019,sex,female,5147.0
Macon,2019,sex,male,5290.0
Macon,2020,sex,female,5127.0
Macon,2020,sex,male,5447.0
Macon,2021,sex,female,5224.0
Macon,2021,sex,male,5441.0
Macon,2022,sex,female,5042.0
Macon,2022,sex,male,5458.0
Macon,2023,sex,female,4776.0
Macon,2023,sex,male,5318.0
Macon,2024,sex,female,4934.0
Macon,2024,sex,male,5321.0
Macoupin,2010,sex,female,2463.0
Macoupin,2010,sex,male,2668.0
Macoupin,2011,sex,female,2373.0
Macoupin,2011,sex,male,2692.0
Macoupin,2012,sex,female,2351.0
Macoupin,2012,sex,male,2673.0
Macoupin,2013,sex,female,2349.0
Macoupin,2013,sex,male,2753.0
Macoupin,2014,sex,female,2177.0
Macoupin,2014,sex,male,2697.0
Macoupin,2015,sex,female,2204.0
Macoupin,2015,sex,male,2761.0
Macoupin,2016,sex,female,2322.0
Macoupin,2016,sex,male,2644.0
Macoupin,2017,sex,female,2294.0
Macoupin,2017,sex,male,2528.0
Macoupin,2018,sex,female,2284.0
Macoupin,2018,sex,male,2579.0
Macoupin,2019,sex,female,2291.0
Macoupin,2019,sex,male,2448.0
Macoupin,2020,sex,female,2208.0
Macoupin,2020,sex,male,2475.0
Macoupin,2021,sex,female,2101.0
Macoupin,2021,sex,male,2443.0
Macoupin,2022,sex,female,2102.0
Macoupin,2022,sex,male,2558.0
Macoupin,2023,sex,female,1969.0
Macoupin,2023,sex,male,2446.0
Macoupin,2024,sex,female,1946.0
Macoupin,2024,sex,male,2408.0
Madison,2010,sex,female,13066.0
Madison,2010,sex,male,14101.0
Madison,2011,sex,female,12879.0
Madison,2011,sex,male,14292.0
Madison,2012,sex,female,12914.0
Madison,2012,sex,male,14233.0
Madison,2013,sex,female,12785.0
Madison,2013,sex,male,14384.0
Madison,2014,sex,female,12838.0
Madison,2014,sex,male,14336.0
Madison,2015,sex,female,13365.0
Madison,2015,sex,male,14131.0
Madison,2016,sex,female,13158.0
Madison,2016,sex,male,13849.0
Madison,2017,sex,female,13319.0
Madison,2017,sex,male,13814.0
Madison,2018,sex,female,13023.0
Madison,2018,sex,male,13795.0
Madison,2019,sex,female,12944.0
Madison,2019,sex,male,13804.0
Madison,2020,sex,female,12867.0
Madison,2020,sex,male,13704.0
Madison,2021,sex,female,13169.0
Madison,2021,sex,male,13894.0
Madison,2022,sex,female,12909.0
Madison,2022,sex,male,13283.0
Madison,2023,sex,female,13530.0
Madison,2023,sex,male,13504.0
Madison,2024,sex,female,13558.0
Madison,2024,sex,male,13214.0
Marion,2010,sex,female,2096.0
Marion,2010,sex,male,2390.0
Marion,2011,sex,female,2028.0
Marion,2011,sex,male,2270.0
Marion,2012,sex,female,2063.0
Marion,2012,sex,male,2183.0
Marion,2013,sex,female,2049.0
Marion,2013,sex,male,1963.0
Marion,2014,sex,female,2045.0
Marion,2014,sex,male,1863.0
Marion,2015,sex,female,1962.0
Marion,2015,sex,male,1821.0
Marion,2016,sex,female,1855.0
Marion,2016,sex,male,1875.0
Marion,2017,sex,female,1833.0
Marion,2017,sex,male,1902.0
Marion,2018,sex,female,1805.0
Marion,2018,sex,male,1896.0
Marion,2019,sex,female,1825.0
Marion,2019,sex,male,1850.0
Marion,2020,sex,female,1865.0
Marion,2020,sex,male,1890.0
Marion,2021,sex,female,1999.0
Marion,2021,sex,male,1896.0
Marion,2022,sex,female,2057.0
Marion,2022,sex,male,1951.0
Marion,2023,sex,female,2146.0
Marion,2023,sex,male,2069.0
Marion,2024,sex,female,2046.0
Marion,2024,sex,male,2114.0
Marshall,2010,sex,female,679.0
Marshall,2010,sex,male,703.0
Marshall,2011,sex,female,648.0
Marshall,2011,sex,male,676.0
Marshall,2012,sex,female,633.0
Marshall,2012,sex,male,660.0
Marshall,2013,sex,female,599.0
Marshall,2013,sex,male,601.0
Marshall,2014,sex,female,583.0
Marshall,2014,sex,male,571.0
Marshall,2015,sex,female,580.0
Marshall,2015,sex,male,561.0
Marshall,2016,sex,female,609.0
Marshall,2016,sex,male,524.0
Marshall,2017,sex,female,557.0
Marshall,2017,sex,male,544.0
Marshall,2018,sex,female,582.0
Marshall,2018,sex,male,594.0
Marshall,2019,sex,female,629.0
Marshall,2019,sex,male,605.0
Marshall,2020,sex,female,598.0
Marshall,2020,sex,male,588.0
Marshall,2021,sex,female,595.0
Marshall,2021,sex,male,626.0
Marshall,2022,sex,female,575.0
Marshall,2022,sex,male,608.0
Marshall,2023,sex,female,546.0
Marshall,2023,sex,male,601.0
Marshall,2024,sex,female,556.0
Marshall,2024,sex,male,579.0
Mason,2010,sex,female,781.0
Mason,2010,sex,male,796.0
Mason,2011,sex,female,778.0
Mason,2011,sex,male,743.0
Mason,2012,sex,female,723.0
Mason,2012,sex,male,836.0
Mason,2013,sex,female,702.0
Mason,2013,sex,male,842.0
Mason,2014,sex,female,747.0
Mason,2014,sex,male,744.0
Mason,2015,sex,female,813.0
Mason,2015,sex,male,773.0
Mason,2016,sex,female,768.0
Mason,2016,sex,male,739.0
Mason,2017,sex,female,783.0
Mason,2017,sex,male,685.0
Mason,2018,sex,female,785.0
Mason,2018,sex,male,654.0
Mason,2019,sex,female,731.0
Mason,2019,sex,male,671.0
Mason,2020,sex,female,697.0
Mason,2020,sex,male,727.0
Mason,2021,sex,female,709.0
Mason,2021,sex,male,746.0
Mason,2022,sex,female,630.0
Mason,2022,sex,male,681.0
Mason,2023,sex,female,665.0
Mason,2023,sex,male,691.0
Mason,2024,sex,female,625.0
Mason,2024,sex,male,723.0
Massac,2010,sex,female,875.0
Massac,2010,sex,male,890.0
Massac,2011,sex,female,867.0
Massac,2011,sex,male,787.0
Massac,2012,sex,female,828.0
Massac,2012,sex,male,893.0
Massac,2013,sex,female,799.0
Massac,2013,sex,male,791.0
Massac,2014,sex,female,877.0
Massac,2014,sex,male,757.0
Massac,2015,sex,female,842.0
Massac,2015,sex,male,739.0
Massac,2016,sex,female,840.0
Massac,2016,sex,male,656.0
Massac,2017,sex,female,678.0
Massac,2017,sex,male,573.0
Massac,2018,sex,female,655.0
Massac,2018,sex,male,573.0
Massac,2019,sex,female,594.0
Massac,2019,sex,male,591.0
Massac,2020,sex,female,568.0
Massac,2020,sex,male,640.0
Massac,2021,sex,female,628.0
Massac,2021,sex,male,712.0
Massac,2022,sex,female,652.0
Massac,2022,sex,male,820.0
Massac,2023,sex,female,708.0
Massac,2023,sex,male,844.0
Massac,2024,sex,female,756.0
Massac,2024,sex,male,864.0
McDonough,2010,sex,female,1018.0
McDonough,2010,sex,male,1232.0
McDonough,2011,sex,female,975.0
McDonough,2011,sex,male,1200.0
McDonough,2012,sex,female,1037.0
McDonough,2012,sex,male,1088.0
McDonough,2013,sex,female,1103.0
McDonough,2013,sex,male,1064.0
McDonough,2014,sex,female,1115.0
McDonough,2014,sex,male,1088.0
McDonough,2015,sex,female,1130.0
McDonough,2015,sex,male,1069.0
McDonough,2016,sex,female,1204.0
McDonough,2016,sex,male,1195.0
McDonough,2017,sex,female,1278.0
McDonough,2017,sex,male,1331.0
McDonough,2018,sex,female,1220.0
McDonough,2018,sex,male,1259.0
McDonough,2019,sex,female,1236.0
McDonough,2019,sex,male,1297.0
McDonough,2020,sex,female,1335.0
McDonough,2020,sex,male,1212.0
McDonough,2021,sex,female,1208.0
McDonough,2021,sex,male,1082.0
McDonough,2022,sex,female,1144.0
McDonough,2022,sex,male,1163.0
McDonough,2023,sex,female,1125.0
McDonough,2023,sex,male,1164.0
McDonough,2024,sex,female,1057.0
McDonough,2024,sex,male,1210.0
McHenry,2010,sex,female,19776.0
McHenry,2010,sex,male,20257.0
McHenry,2011,sex,female,19796.0
McHenry,2011,sex,male,20286.0
McHenry,2012,sex,female,19766.0
McHenry,2012,sex,male,20246.0
McHenry,2013,sex,female,19818.0
McHenry,2013,sex,male,20413.0
McHenry,2014,sex,female,19140.0
McHenry,2014,sex,male,20247.0
McHenry,2015,sex,female,18858.0
McHenry,2015,sex,male,19979.0
McHenry,2016,sex,female,18946.0
McHenry,2016,sex,male,19688.0
McHenry,2017,sex,female,18285.0
McHenry,2017,sex,male,19535.0
McHenry,2018,sex,female,17860.0
McHenry,2018,sex,male,19277.0
McHenry,2019,sex,female,17283.0
McHenry,2019,sex,male,18907.0
McHenry,2020,sex,female,17004.0
McHenry,2020,sex,male,18960.0
McHenry,2021,sex,female,17452.0
McHenry,2021,sex,male,19072.0
McHenry,2022,sex,female,17444.0
McHenry,2022,sex,male,18566.0
McHenry,2023,sex,female,17280.0
McHenry,2023,sex,male,18606.0
McHenry,2024,sex,female,17401.0
McHenry,2024,sex,male,18288.0
McLean,2010,sex,female,7921.0
McLean,2010,sex,male,8425.0
McLean,2011,sex,female,7947.0
McLean,2011,sex,male,8701.0
McLean,2012,sex,female,7904.0
McLean,2012,sex,male,8631.0
McLean,2013,sex,female,7945.0
McLean,2013,sex,male,8620.0
McLean,2014,sex,female,8129.0
McLean,2014,sex,male,8814.0
McLean,2015,sex,female,8295.0
McLean,2015,sex,male,8562.0
McLean,2016,sex,female,8062.0
McLean,2016,sex,male,8276.0
McLean,2017,sex,female,8067.0
McLean,2017,sex,male,8484.0
McLean,2018,sex,female,7882.0
McLean,2018,sex,male,8398.0
McLean,2019,sex,female,7780.0
McLean,2019,sex,male,8318.0
McLean,2020,sex,female,7984.0
McLean,2020,sex,male,8524.0
McLean,2021,sex,female,8275.0
McLean,2021,sex,male,8939.0
McLean,2022,sex,female,8447.0
McLean,2022,sex,male,8799.0
McLean,2023,sex,female,8717.0
McLean,2023,sex,male,9066.0
McLean,2024,sex,female,8832.0
McLean,2024,sex,male,9100.0
Menard,2010,sex,female,747.0
Menard,2010,sex,male,825.0
Menard,2011,sex,female,771.0
Menard,2011,sex,male,785.0
Menard,2012,sex,female,719.0
Menard,2012,sex,male,749.0
Menard,2013,sex,female,707.0
Menard,2013,sex,male,785.0
Menard,2014,sex,female,719.0
Menard,2014,sex,male,764.0
Menard,2015,sex,female,707.0
Menard,2015,sex,male,679.0
Menard,2016,sex,female,695.0
Menard,2016,sex,male,684.0
Menard,2017,sex,female,666.0
Menard,2017,sex,male,647.0
Menard,2018,sex,female,612.0
Menard,2018,sex,male,632.0
Menard,2019,sex,female,597.0
Menard,2019,sex,male,567.0
Menard,2020,sex,female,562.0
Menard,2020,sex,male,630.0
Menard,2021,sex,female,613.0
Menard,2021,sex,male,587.0
Menard,2022,sex,female,611.0
Menard,2022,sex,male,634.0
Menard,2023,sex,female,558.0
Menard,2023,sex,male,603.0
Menard,2024,sex,female,520.0
Menard,2024,sex,male,672.0
Mercer,2010,sex,female,787.0
Mercer,2010,sex,male,922.0
Mercer,2011,sex,female,760.0
Mercer,2011,sex,male,991.0
Mercer,2012,sex,female,789.0
Mercer,2012,sex,male,1014.0
Mercer,2013,sex,female,818.0
Mercer,2013,sex,male,977.0
Mercer,2014,sex,female,867.0
Mercer,2014,sex,male,928.0
Mercer,2015,sex,female,847.0
Mercer,2015,sex,male,911.0
Mercer,2016,sex,female,840.0
Mercer,2016,sex,male,880.0
Mercer,2017,sex,female,835.0
Mercer,2017,sex,male,850.0
Mercer,2018,sex,female,776.0
Mercer,2018,sex,male,819.0
Mercer,2019,sex,female,758.0
Mercer,2019,sex,male,851.0
Mercer,2020,sex,female,802.0
Mercer,2020,sex,male,840.0
Mercer,2021,sex,female,825.0
Mercer,2021,sex,male,908.0
Mercer,2022,sex,female,807.0
Mercer,2022,sex,male,893.0
Mercer,2023,sex,female,851.0
Mercer,2023,sex,male,931.0
Mercer,2024,sex,female,805.0
Mercer,2024,sex,male,920.0
Monroe,2010,sex,female,1895.0
Monroe,2010,sex,male,2085.0
Monroe,2011,sex,female,2006.0
Monroe,2011,sex,male,2100.0
Monroe,2012,sex,female,1931.0
Monroe,2012,sex,male,2220.0
Monroe,2013,sex,female,1932.0
Monroe,2013,sex,male,2234.0
Monroe,2014,sex,female,1965.0
Monroe,2014,sex,male,2290.0
Monroe,2015,sex,female,2050.0
Monroe,2015,sex,male,2196.0
Monroe,2016,sex,female,1985.0
Monroe,2016,sex,male,2214.0
Monroe,2017,sex,female,2011.0
Monroe,2017,sex,male,2065.0
Monroe,2018,sex,female,1955.0
Monroe,2018,sex,male,2043.0
Monroe,2019,sex,female,1928.0
Monroe,2019,sex,male,1850.0
Monroe,2020,sex,female,1923.0
Monroe,2020,sex,male,1926.0
Monroe,2021,sex,female,1950.0
Monroe,2021,sex,male,1959.0
Monroe,2022,sex,female,1962.0
Monroe,2022,sex,male,1911.0
Monroe,2023,sex,female,1871.0
Monroe,2023,sex,male,1924.0
Monroe,2024,sex,female,1769.0
Monroe,2024,sex,male,2077.0
Montgomery,2010,sex,female,1417.0
Montgomery,2010,sex,male,1648.0
Montgomery,2011,sex,female,1460.0
Montgomery,2011,sex,male,1627.0
Montgomery,2012,sex,female,1360.0
Montgomery,2012,sex,male,1541.0
Montgomery,2013,sex,female,1478.0
Montgomery,2013,sex,male,1548.0
Montgomery,2014,sex,female,1405.0
Montgomery,2014,sex,male,1428.0
Montgomery,2015,sex,female,1353.0
Montgomery,2015,sex,male,1394.0
Montgomery,2016,sex,female,1295.0
Montgomery,2016,sex,male,1390.0
Montgomery,2017,sex,female,1300.0
Montgomery,2017,sex,male,1317.0
Montgomery,2018,sex,female,1185.0
Montgomery,2018,sex,male,1384.0
Montgomery,2019,sex,female,1150.0
Montgomery,2019,sex,male,1406.0
Montgomery,2020,sex,female,1134.0
Montgomery,2020,sex,male,1509.0
Montgomery,2021,sex,female,1126.0
Montgomery,2021,sex,male,1557.0
Montgomery,2022,sex,female,1156.0
Montgomery,2022,sex,male,1452.0
Montgomery,2023,sex,female,1186.0
Montgomery,2023,sex,male,1413.0
Montgomery,2024,sex,female,1186.0
Montgomery,2024,sex,male,1446.0
Morgan,2010,sex,female,1927.0
Morgan,2010,sex,male,1972.0
Morgan,2011,sex,female,1859.0
Morgan,2011,sex,male,1916.0
Morgan,2012,sex,female,1876.0
Morgan,2012,sex,male,1763.0
Morgan,2013,sex,female,1735.0
Morgan,2013,sex,male,1789.0
Morgan,2014,sex,female,1697.0
Morgan,2014,sex,male,1800.0
Morgan,2015,sex,female,1717.0
Morgan,2015,sex,male,1823.0
Morgan,2016,sex,female,1524.0
Morgan,2016,sex,male,1746.0
Morgan,2017,sex,female,1391.0
Morgan,2017,sex,male,1801.0
Morgan,2018,sex,female,1431.0
Morgan,2018,sex,male,1580.0
Morgan,2019,sex,female,1296.0
Morgan,2019,sex,male,1444.0
Morgan,2020,sex,female,1318.0
Morgan,2020,sex,male,1483.0
Morgan,2021,sex,female,1411.0
Morgan,2021,sex,male,1410.0
Morgan,2022,sex,female,1577.0
Morgan,2022,sex,male,1444.0
Morgan,2023,sex,female,1488.0
Morgan,2023,sex,male,1518.0
Morgan,2024,sex,female,1559.0
Morgan,2024,sex,male,1517.0
Moultrie,2010,sex,female,740.0
Moultrie,2010,sex,male,916.0
Moultrie,2011,sex,female,718.0
Moultrie,2011,sex,male,938.0
Moultrie,2012,sex,female,738.0
Moultrie,2012,sex,male,887.0
Moultrie,2013,sex,female,798.0
Moultrie,2013,sex,male,923.0
Moultrie,2014,sex,female,860.0
Moultrie,2014,sex,male,942.0
Moultrie,2015,sex,female,851.0
Moultrie,2015,sex,male,875.0
Moultrie,2016,sex,female,871.0
Moultrie,2016,sex,male,807.0
Moultrie,2017,sex,female,841.0
Moultrie,2017,sex,male,900.0
Moultrie,2018,sex,female,856.0
Moultrie,2018,sex,male,859.0
Moultrie,2019,sex,female,773.0
Moultrie,2019,sex,male,882.0
Moultrie,2020,sex,female,728.0
Moultrie,2020,sex,male,1000.0
Moultrie,2021,sex,female,796.0
Moultrie,2021,sex,male,1004.0
Moultrie,2022,sex,female,795.0
Moultrie,2022,sex,male,993.0
Moultrie,2023,sex,female,748.0
Moultrie,2023,sex,male,1009.0
Moultrie,2024,sex,female,774.0
Moultrie,2024,sex,male,958.0
Ogle,2010,sex,female,3253.0
Ogle,2010,sex,male,3604.0
Ogle,2011,sex,female,3199.0
Ogle,2011,sex,male,3562.0
Ogle,2012,sex,female,3167.0
Ogle,2012,sex,male,3448.0
Ogle,2013,sex,female,3098.0
Ogle,2013,sex,male,3371.0
Ogle,2014,sex,female,3003.0
Ogle,2014,sex,male,3237.0
Ogle,2015,sex,female,2842.0
Ogle,2015,sex,male,3160.0
Ogle,2016,sex,female,2841.0
Ogle,2016,sex,male,2982.0
Ogle,2017,sex,female,2839.0
Ogle,2017,sex,male,2923.0
Ogle,2018,sex,female,2891.0
Ogle,2018,sex,male,3032.0
Ogle,2019,sex,female,2863.0
Ogle,2019,sex,male,2905.0
Ogle,2020,sex,female,2816.0
Ogle,2020,sex,male,2918.0
Ogle,2021,sex,female,2859.0
Ogle,2021,sex,male,3102.0
Ogle,2022,sex,female,2876.0
Ogle,2022,sex,male,2978.0
Ogle,2023,sex,female,2865.0
Ogle,2023,sex,male,2855.0
Ogle,2024,sex,female,2908.0
Ogle,2024,sex,male,2729.0
Peoria,2010,sex,female,9993.0
Peoria,2010,sex,male,10311.0
Peoria,2011,sex,female,10044.0
Peoria,2011,sex,male,10218.0
Peoria,2012,sex,female,9795.0
Peoria,2012,sex,male,9972.0
Peoria,2013,sex,female,9976.0
Peoria,2013,sex,male,9837.0
Peoria,2014,sex,female,9749.0
Peoria,2014,sex,male,9750.0
Peoria,2015,sex,female,9500.0
Peoria,2015,sex,male,9764.0
Peoria,2016,sex,female,9565.0
Peoria,2016,sex,male,9735.0
Peoria,2017,sex,female,9597.0
Peoria,2017,sex,male,9830.0
Peoria,2018,sex,female,9281.0
Peoria,2018,sex,male,9793.0
Peoria,2019,sex,female,9117.0
Peoria,2019,sex,male,9852.0
Peoria,2020,sex,female,8844.0
Peoria,2020,sex,male,9252.0
Peoria,2021,sex,female,8894.0
Peoria,2021,sex,male,9631.0
Peoria,2022,sex,female,8551.0
Peoria,2022,sex,male,9376.0
Peoria,2023,sex,female,8867.0
Peoria,2023,sex,male,9364.0
Peoria,2024,sex,female,9018.0
Peoria,2024,sex,male,9226.0
Perry,2010,sex,female,964.0
Perry,2010,sex,male,1158.0
Perry,2011,sex,female,1050.0
Perry,2011,sex,male,1185.0
Perry,2012,sex,female,1024.0
Perry,2012,sex,male,1159.0
Perry,2013,sex,female,1141.0
Perry,2013,sex,male,1141.0
Perry,2014,sex,female,1218.0
Perry,2014,sex,male,1090.0
Perry,2015,sex,female,1119.0
Perry,2015,sex,male,1044.0
Perry,2016,sex,female,970.0
Perry,2016,sex,male,1114.0
Perry,2017,sex,female,964.0
Perry,2017,sex,male,1107.0
Perry,2018,sex,female,930.0
Perry,2018,sex,male,1063.0
Perry,2019,sex,female,852.0
Perry,2019,sex,male,1126.0
Perry,2020,sex,female,854.0
Perry,2020,sex,male,1119.0
Perry,2021,sex,female,860.0
Perry,2021,sex,male,1015.0
Perry,2022,sex,female,763.0
Perry,2022,sex,male,1005.0
Perry,2023,sex,female,850.0
Perry,2023,sex,male,930.0
Perry,2024,sex,female,802.0
Perry,2024,sex,male,874.0
Piatt,2010,sex,female,911.0
Piatt,2010,sex,male,1017.0
Piatt,2011,sex,female,931.0
Piatt,2011,sex,male,984.0
Piatt,2012,sex,female,965.0
Piatt,2012,sex,male,908.0
Piatt,2013,sex,female,976.0
Piatt,2013,sex,male,903.0
Piatt,2014,sex,female,911.0
Piatt,2014,sex,male,842.0
Piatt,2015,sex,female,900.0
Piatt,2015,sex,male,887.0
Piatt,2016,sex,female,874.0
Piatt,2016,sex,male,897.0
Piatt,2017,sex,female,805.0
Piatt,2017,sex,male,887.0
Piatt,2018,sex,female,812.0
Piatt,2018,sex,male,827.0
Piatt,2019,sex,female,786.0
Piatt,2019,sex,male,894.0
Piatt,2020,sex,female,817.0
Piatt,2020,sex,male,802.0
Piatt,2021,sex,female,859.0
Piatt,2021,sex,male,780.0
Piatt,2022,sex,female,853.0
Piatt,2022,sex,male,714.0
Piatt,2023,sex,female,831.0
Piatt,2023,sex,male,766.0
Piatt,2024,sex,female,860.0
Piatt,2024,sex,male,700.0
Pike,2010,sex,female,850.0
Pike,2010,sex,male,976.0
Pike,2011,sex,female,820.0
Pike,2011,sex,male,1012.0
Pike,2012,sex,female,879.0
Pike,2012,sex,male,1010.0
Pike,2013,sex,female,896.0
Pike,2013,sex,male,940.0
Pike,2014,sex,female,854.0
Pike,2014,sex,male,867.0
Pike,2015,sex,female,815.0
Pike,2015,sex,male,842.0
Pike,2016,sex,female,832.0
Pike,2016,sex,male,815.0
Pike,2017,sex,female,810.0
Pike,2017,sex,male,775.0
Pike,2018,sex,female,767.0
Pike,2018,sex,male,769.0
Pike,2019,sex,female,757.0
Pike,2019,sex,male,751.0
Pike,2020,sex,female,810.0
Pike,2020,sex,male,789.0
Pike,2021,sex,female,801.0
Pike,2021,sex,male,769.0
Pike,2022,sex,female,741.0
Pike,2022,sex,male,771.0
Pike,2023,sex,female,775.0
Pike,2023,sex,male,725.0
Pike,2024,sex,female,795.0
Pike,2024,sex,male,764.0
Pope,2010,sex,female,285.0
Pope,2010,sex,male,256.0
Pope,2011,sex,female,212.0
Pope,2011,sex,male,175.0
Pope,2012,sex,female,203.0
Pope,2012,sex,male,190.0
Pope,2013,sex,female,207.0
Pope,2013,sex,male,187.0
Pope,2014,sex,female,204.0
Pope,2014,sex,male,184.0
Pope,2015,sex,female,177.0
Pope,2015,sex,male,171.0
Pope,2016,sex,female,150.0
Pope,2016,sex,male,166.0
Pope,2017,sex,female,156.0
Pope,2017,sex,male,175.0
Pope,2018,sex,female,137.0
Pope,2018,sex,male,152.0
Pope,2019,sex,female,127.0
Pope,2019,sex,male,157.0
Pope,2020,sex,female,190.0
Pope,2020,sex,male,118.0
Pope,2021,sex,female,260.0
Pope,2021,sex,male,91.0
Pope,2022,sex,female,200.0
Pope,2022,sex,male,79.0
Pope,2023,sex,female,187.0
Pope,2023,sex,male,77.0
Pope,2024,sex,female,177.0
Pope,2024,sex,male,82.0
Pulaski,2010,sex,female,313.0
Pulaski,2010,sex,male,413.0
Pulaski,2011,sex,female,274.0
Pulaski,2011,sex,male,403.0
Pulaski,2012,sex,female,345.0
Pulaski,2012,sex,male,344.0
Pulaski,2013,sex,female,313.0
Pulaski,2013,sex,male,357.0
Pulaski,2014,sex,female,296.0
Pulaski,2014,sex,male,352.0
Pulaski,2015,sex,female,297.0
Pulaski,2015,sex,male,391.0
Pulaski,2016,sex,female,308.0
Pulaski,2016,sex,male,393.0
Pulaski,2017,sex,female,295.0
Pulaski,2017,sex,male,380.0
Pulaski,2018,sex,female,299.0
Pulaski,2018,sex,male,344.0
Pulaski,2019,sex,female,279.0
Pulaski,2019,sex,male,391.0
Pulaski,2020,sex,female,290.0
Pulaski,2020,sex,male,343.0
Pulaski,2021,sex,female,272.0
Pulaski,2021,sex,male,330.0
Pulaski,2022,sex,female,246.0
Pulaski,2022,sex,male,263.0
Pulaski,2023,sex,female,259.0
Pulaski,2023,sex,male,231.0
Pulaski,2024,sex,female,253.0
Pulaski,2024,sex,male,181.0
Putnam,2010,sex,female,295.0
Putnam,2010,sex,male,341.0
Putnam,2011,sex,female,293.0
Putnam,2011,sex,male,323.0
Putnam,2012,sex,female,297.0
Putnam,2012,sex,male,344.0
Putnam,2013,sex,female,270.0
Putnam,2013,sex,male,337.0
Putnam,2014,sex,female,268.0
Putnam,2014,sex,male,328.0
Putnam,2015,sex,female,242.0
Putnam,2015,sex,male,314.0
Putnam,2016,sex,female,224.0
Putnam,2016,sex,male,298.0
Putnam,2017,sex,female,216.0
Putnam,2017,sex,male,331.0
Putnam,2018,sex,female,242.0
Putnam,2018,sex,male,329.0
Putnam,2019,sex,female,242.0
Putnam,2019,sex,male,319.0
Putnam,2020,sex,female,265.0
Putnam,2020,sex,male,297.0
Putnam,2021,sex,female,282.0
Putnam,2021,sex,male,313.0
Putnam,2022,sex,female,266.0
Putnam,2022,sex,male,317.0
Putnam,2023,sex,female,241.0
Putnam,2023,sex,male,309.0
Putnam,2024,sex,female,190.0
Putnam,2024,sex,male,327.0
Randolph,2010,sex,female,1718.0
Randolph,2010,sex,male,1546.0
Randolph,2011,sex,female,1580.0
Randolph,2011,sex,male,1615.0
Randolph,2012,sex,female,1547.0
Randolph,2012,sex,male,1543.0
Randolph,2013,sex,female,1625.0
Randolph,2013,sex,male,1606.0
Randolph,2014,sex,female,1495.0
Randolph,2014,sex,male,1489.0
Randolph,2015,sex,female,1564.0
Randolph,2015,sex,male,1494.0
Randolph,2016,sex,female,1539.0
Randolph,2016,sex,male,1420.0
Randolph,2017,sex,female,1500.0
Randolph,2017,sex,male,1399.0
Randolph,2018,sex,female,1471.0
Randolph,2018,sex,male,1450.0
Randolph,2019,sex,female,1358.0
Randolph,2019,sex,male,1571.0
Randolph,2020,sex,female,1362.0
Randolph,2020,sex,male,1595.0
Randolph,2021,sex,female,1412.0
Randolph,2021,sex,male,1555.0
Randolph,2022,sex,female,1389.0
Randolph,2022,sex,male,1629.0
Randolph,2023,sex,female,1412.0
Randolph,2023,sex,male,1656.0
Randolph,2024,sex,female,1446.0
Randolph,2024,sex,male,1544.0
Richland,2010,sex,female,750.0
Richland,2010,sex,male,917.0
Richland,2011,sex,female,728.0
Richland,2011,sex,male,921.0
Richland,2012,sex,female,744.0
Richland,2012,sex,male,899.0
Richland,2013,sex,female,758.0
Richland,2013,sex,male,849.0
Richland,2014,sex,female,746.0
Richland,2014,sex,male,918.0
Richland,2015,sex,female,711.0
Richland,2015,sex,male,919.0
Richland,2016,sex,female,785.0
Richland,2016,sex,male,799.0
Richland,2017,sex,female,691.0
Richland,2017,sex,male,746.0
Richland,2018,sex,female,786.0
Richland,2018,sex,male,848.0
Richland,2019,sex,female,801.0
Richland,2019,sex,male,839.0
Richland,2020,sex,female,858.0
Richland,2020,sex,male,840.0
Richland,2021,sex,female,868.0
Richland,2021,sex,male,927.0
Richland,2022,sex,female,881.0
Richland,2022,sex,male,910.0
Richland,2023,sex,female,822.0
Richland,2023,sex,male,866.0
Richland,2024,sex,female,839.0
Richland,2024,sex,male,912.0
Rock Island,2010,sex,female,7326.0
Rock Island,2010,sex,male,7091.0
Rock Island,2011,sex,female,7340.0
Rock Island,2011,sex,male,7317.0
Rock Island,2012,sex,female,7258.0
Rock Island,2012,sex,male,7615.0
Rock Island,2013,sex,female,7143.0
Rock Island,2013,sex,male,7287.0
Rock Island,2014,sex,female,7074.0
Rock Island,2014,sex,male,7353.0
Rock Island,2015,sex,female,7142.0
Rock Island,2015,sex,male,7446.0
Rock Island,2016,sex,female,6861.0
Rock Island,2016,sex,male,7464.0
Rock Island,2017,sex,female,6919.0
Rock Island,2017,sex,male,7367.0
Rock Island,2018,sex,female,7016.0
Rock Island,2018,sex,male,7400.0
Rock Island,2019,sex,female,7016.0
Rock Island,2019,sex,male,7505.0
Rock Island,2020,sex,female,6980.0
Rock Island,2020,sex,male,7476.0
Rock Island,2021,sex,female,7298.0
Rock Island,2021,sex,male,7658.0
Rock Island,2022,sex,female,7171.0
Rock Island,2022,sex,male,7542.0
Rock Island,2023,sex,female,7317.0
Rock Island,2023,sex,male,7500.0
Rock Island,2024,sex,female,7507.0
Rock Island,2024,sex,male,7520.0
Saline,2010,sex,female,1246.0
Saline,2010,sex,male,1477.0
Saline,2011,sex,female,1287.0
Saline,2011,sex,male,1421.0
Saline,2012,sex,female,1260.0
Saline,2012,sex,male,1320.0
Saline,2013,sex,female,1205.0
Saline,2013,sex,male,1301.0
Saline,2014,sex,female,1207.0
Saline,2014,sex,male,1211.0
Saline,2015,sex,female,1285.0
Saline,2015,sex,male,1231.0
Saline,2016,sex,female,1247.0
Saline,2016,sex,male,1283.0
Saline,2017,sex,female,1237.0
Saline,2017,sex,male,1337.0
Saline,2018,sex,female,1198.0
Saline,2018,sex,male,1375.0
Saline,2019,sex,female,1166.0
Saline,2019,sex,male,1349.0
Saline,2020,sex,female,1113.0
Saline,2020,sex,male,1366.0
Saline,2021,sex,female,1134.0
Saline,2021,sex,male,1396.0
Saline,2022,sex,female,992.0
Saline,2022,sex,male,1189.0
Saline,2023,sex,female,961.0
Saline,2023,sex,male,1120.0
Saline,2024,sex,female,1005.0
Saline,2024,sex,male,1079.0
Sangamon,2010,sex,female,10380.0
Sangamon,2010,sex,male,10663.0
Sangamon,2011,sex,female,10432.0
Sangamon,2011,sex,male,10791.0
Sangamon,2012,sex,female,10329.0
Sangamon,2012,sex,male,10816.0
Sangamon,2013,sex,female,10238.0
Sangamon,2013,sex,male,10624.0
Sangamon,2014,sex,female,10555.0
Sangamon,2014,sex,male,10650.0
Sangamon,2015,sex,female,10505.0
Sangamon,2015,sex,male,10657.0
Sangamon,2016,sex,female,10288.0
Sangamon,2016,sex,male,10584.0
Sangamon,2017,sex,female,10019.0
Sangamon,2017,sex,male,10450.0
Sangamon,2018,sex,female,9999.0
Sangamon,2018,sex,male,10444.0
Sangamon,2019,sex,female,9954.0
Sangamon,2019,sex,male,10357.0
Sangamon,2020,sex,female,9859.0
Sangamon,2020,sex,male,10085.0
Sangamon,2021,sex,female,10017.0
Sangamon,2021,sex,male,10301.0
Sangamon,2022,sex,female,9903.0
Sangamon,2022,sex,male,10214.0
Sangamon,2023,sex,female,9849.0
Sangamon,2023,sex,male,10041.0
Sangamon,2024,sex,female,9730.0
Sangamon,2024,sex,male,10435.0
Schuyler,2010,sex,female,434.0
Schuyler,2010,sex,male,502.0
Schuyler,2011,sex,female,434.0
Schuyler,2011,sex,male,440.0
Schuyler,2012,sex,female,364.0
Schuyler,2012,sex,male,482.0
Schuyler,2013,sex,female,342.0
Schuyler,2013,sex,male,464.0
Schuyler,2014,sex,female,357.0
Schuyler,2014,sex,male,450.0
Schuyler,2015,sex,female,334.0
Schuyler,2015,sex,male,392.0
Schuyler,2016,sex,female,325.0
Schuyler,2016,sex,male,376.0
Schuyler,2017,sex,female,341.0
Schuyler,2017,sex,male,364.0
Schuyler,2018,sex,female,385.0
Schuyler,2018,sex,male,338.0
Schuyler,2019,sex,female,380.0
Schuyler,2019,sex,male,349.0
Schuyler,2020,sex,female,388.0
Schuyler,2020,sex,male,347.0
Schuyler,2021,sex,female,394.0
Schuyler,2021,sex,male,343.0
Schuyler,2022,sex,female,320.0
Schuyler,2022,sex,male,369.0
Schuyler,2023,sex,female,318.0
Schuyler,2023,sex,male,389.0
Schuyler,2024,sex,female,348.0
Schuyler,2024,sex,male,339.0
Scott,2010,sex,female,318.0
Scott,2010,sex,male,280.0
Scott,2011,sex,female,323.0
Scott,2011,sex,male,288.0
Scott,2012,sex,female,323.0
Scott,2012,sex,male,256.0
Scott,2013,sex,female,345.0
Scott,2013,sex,male,271.0
Scott,2014,sex,female,327.0
Scott,2014,sex,male,298.0
Scott,2015,sex,female,338.0
Scott,2015,sex,male,296.0
Scott,2016,sex,female,340.0
Scott,2016,sex,male,256.0
Scott,2017,sex,female,335.0
Scott,2017,sex,male,265.0
Scott,2018,sex,female,286.0
Scott,2018,sex,male,307.0
Scott,2019,sex,female,294.0
Scott,2019,sex,male,265.0
Scott,2020,sex,female,255.0
Scott,2020,sex,male,238.0
Scott,2021,sex,female,266.0
Scott,2021,sex,male,265.0
Scott,2022,sex,female,225.0
Scott,2022,sex,male,279.0
Scott,2023,sex,female,213.0
Scott,2023,sex,male,273.0
Scott,2024,sex,female,194.0
Scott,2024,sex,male,271.0
Shelby,2010,sex,female,1259.0
Shelby,2010,sex,male,1193.0
Shelby,2011,sex,female,1244.0
Shelby,2011,sex,male,1197.0
Shelby,2012,sex,female,1144.0
Shelby,2012,sex,male,1109.0
Shelby,2013,sex,female,1084.0
Shelby,2013,sex,male,1156.0
Shelby,2014,sex,female,1027.0
Shelby,2014,sex,male,1159.0
Shelby,2015,sex,female,1007.0
Shelby,2015,sex,male,1162.0
Shelby,2016,sex,female,1058.0
Shelby,2016,sex,male,1114.0
Shelby,2017,sex,female,1090.0
Shelby,2017,sex,male,1113.0
Shelby,2018,sex,female,1152.0
Shelby,2018,sex,male,1075.0
Shelby,2019,sex,female,1120.0
Shelby,2019,sex,male,1085.0
Shelby,2020,sex,female,1108.0
Shelby,2020,sex,male,1053.0
Shelby,2021,sex,female,1082.0
Shelby,2021,sex,male,1115.0
Shelby,2022,sex,female,1045.0
Shelby,2022,sex,male,1066.0
Shelby,2023,sex,female,1047.0
Shelby,2023,sex,male,1044.0
Shelby,2024,sex,female,1108.0
Shelby,2024,sex,male,1006.0
St. Clair,2010,sex,female,15244.0
St. Clair,2010,sex,male,16402.0
St. Clair,2011,sex,female,15208.0
St. Clair,2011,sex,male,16250.0
St. Clair,2012,sex,female,15174.0
St. Clair,2012,sex,male,15844.0
St. Clair,2013,sex,female,15110.0
St. Clair,2013,sex,male,15323.0
St. Clair,2014,sex,female,15171.0
St. Clair,2014,sex,male,14783.0
St. Clair,2015,sex,female,14570.0
St. Clair,2015,sex,male,14663.0
St. Clair,2016,sex,female,14473.0
St. Clair,2016,sex,male,14596.0
St. Clair,2017,sex,female,14233.0
St. Clair,2017,sex,male,14199.0
St. Clair,2018,sex,female,13953.0
St. Clair,2018,sex,male,14022.0
St. Clair,2019,sex,female,13826.0
St. Clair,2019,sex,male,14135.0
St. Clair,2020,sex,female,13974.0
St. Clair,2020,sex,male,14529.0
St. Clair,2021,sex,female,14163.0
St. Clair,2021,sex,male,14709.0
St. Clair,2022,sex,female,14163.0
St. Clair,2022,sex,male,14951.0
St. Clair,2023,sex,female,14071.0
St. Clair,2023,sex,male,14372.0
St. Clair,2024,sex,female,13792.0
St. Clair,2024,sex,male,14190.0
Stark,2010,sex,female,368.0
Stark,2010,sex,male,341.0
Stark,2011,sex,female,387.0
Stark,2011,sex,male,341.0
Stark,2012,sex,female,376.0
Stark,2012,sex,male,345.0
Stark,2013,sex,female,312.0
Stark,2013,sex,male,325.0
Stark,2014,sex,female,308.0
Stark,2014,sex,male,324.0
Stark,2015,sex,female,287.0
Stark,2015,sex,male,300.0
Stark,2016,sex,female,273.0
Stark,2016,sex,male,280.0
Stark,2017,sex,female,259.0
Stark,2017,sex,male,262.0
Stark,2018,sex,female,294.0
Stark,2018,sex,male,269.0
Stark,2019,sex,female,289.0
Stark,2019,sex,male,263.0
Stark,2020,sex,female,278.0
Stark,2020,sex,male,288.0
Stark,2021,sex,female,275.0
Stark,2021,sex,male,292.0
Stark,2022,sex,female,232.0
Stark,2022,sex,male,294.0
Stark,2023,sex,female,235.0
Stark,2023,sex,male,262.0
Stark,2024,sex,female,201.0
Stark,2024,sex,male,286.0
Stephenson,2010,sex,female,2404.0
Stephenson,2010,sex,male,2812.0
Stephenson,2011,sex,female,2404.0
Stephenson,2011,sex,male,2852.0
Stephenson,2012,sex,female,2585.0
Stephenson,2012,sex,male,2699.0
Stephenson,2013,sex,female,2500.0
Stephenson,2013,sex,male,2780.0
Stephenson,2014,sex,female,2420.0
Stephenson,2014,sex,male,2563.0
Stephenson,2015,sex,female,2439.0
Stephenson,2015,sex,male,2549.0
Stephenson,2016,sex,female,2333.0
Stephenson,2016,sex,male,2438.0
Stephenson,2017,sex,female,2180.0
Stephenson,2017,sex,male,2347.0
Stephenson,2018,sex,female,2066.0
Stephenson,2018,sex,male,2111.0
Stephenson,2019,sex,female,2064.0
Stephenson,2019,sex,male,2172.0
Stephenson,2020,sex,female,2228.0
Stephenson,2020,sex,male,2216.0
Stephenson,2021,sex,female,2184.0
Stephenson,2021,sex,male,2466.0
Stephenson,2022,sex,female,2230.0
Stephenson,2022,sex,male,2423.0
Stephenson,2023,sex,female,2337.0
Stephenson,2023,sex,male,2624.0
Stephenson,2024,sex,female,2179.0
Stephenson,2024,sex,male,2448.0
Tazewell,2010,sex,female,7233.0
Tazewell,2010,sex,male,7632.0
Tazewell,2011,sex,female,7074.0
Tazewell,2011,sex,male,7489.0
Tazewell,2012,sex,female,7095.0
Tazewell,2012,sex,male,7337.0
Tazewell,2013,sex,female,7139.0
Tazewell,2013,sex,male,7470.0
Tazewell,2014,sex,female,7070.0
Tazewell,2014,sex,male,7537.0
Tazewell,2015,sex,female,6968.0
Tazewell,2015,sex,male,7322.0
Tazewell,2016,sex,female,7177.0
Tazewell,2016,sex,male,7106.0
Tazewell,2017,sex,female,7072.0
Tazewell,2017,sex,male,7140.0
Tazewell,2018,sex,female,6886.0
Tazewell,2018,sex,male,6964.0
Tazewell,2019,sex,female,6803.0
Tazewell,2019,sex,male,6894.0
Tazewell,2020,sex,female,6602.0
Tazewell,2020,sex,male,6750.0
Tazewell,2021,sex,female,6609.0
Tazewell,2021,sex,male,7206.0
Tazewell,2022,sex,female,6787.0
Tazewell,2022,sex,male,7241.0
Tazewell,2023,sex,female,6805.0
Tazewell,2023,sex,male,7121.0
Tazewell,2024,sex,female,6878.0
Tazewell,2024,sex,male,7276.0
Union,2010,sex,female,859.0
Union,2010,sex,male,828.0
Union,2011,sex,female,843.0
Union,2011,sex,male,849.0
Union,2012,sex,female,802.0
Union,2012,sex,male,826.0
Union,2013,sex,female,781.0
Union,2013,sex,male,744.0
Union,2014,sex,female,771.0
Union,2014,sex,male,754.0
Union,2015,sex,female,807.0
Union,2015,sex,male,756.0
Union,2016,sex,female,774.0
Union,2016,sex,male,798.0
Union,2017,sex,female,765.0
Union,2017,sex,male,834.0
Union,2018,sex,female,756.0
Union,2018,sex,male,945.0
Union,2019,sex,female,829.0
Union,2019,sex,male,929.0
Union,2020,sex,female,779.0
Union,2020,sex,male,995.0
Union,2021,sex,female,888.0
Union,2021,sex,male,1051.0
Union,2022,sex,female,858.0
Union,2022,sex,male,943.0
Union,2023,sex,female,925.0
Union,2023,sex,male,890.0
Union,2024,sex,female,977.0
Union,2024,sex,male,894.0
Vermilion,2010,sex,female,4391.0
Vermilion,2010,sex,male,4676.0
Vermilion,2011,sex,female,4533.0
Vermilion,2011,sex,male,4498.0
Vermilion,2012,sex,female,4641.0
Vermilion,2012,sex,male,4571.0
Vermilion,2013,sex,female,4744.0
Vermilion,2013,sex,male,4544.0
Vermilion,2014,sex,female,4606.0
Vermilion,2014,sex,male,4560.0
Vermilion,2015,sex,female,4378.0
Vermilion,2015,sex,male,4336.0
Vermilion,2016,sex,female,4192.0
Vermilion,2016,sex,male,4173.0
Vermilion,2017,sex,female,4178.0
Vermilion,2017,sex,male,4028.0
Vermilion,2018,sex,female,4186.0
Vermilion,2018,sex,male,4138.0
Vermilion,2019,sex,female,4209.0
Vermilion,2019,sex,male,4047.0
Vermilion,2020,sex,female,4367.0
Vermilion,2020,sex,male,4098.0
Vermilion,2021,sex,female,4254.0
Vermilion,2021,sex,male,4083.0
Vermilion,2022,sex,female,4096.0
Vermilion,2022,sex,male,4262.0
Vermilion,2023,sex,female,4037.0
Vermilion,2023,sex,male,4176.0
Vermilion,2024,sex,female,3838.0
Vermilion,2024,sex,male,4473.0
Wabash,2010,sex,female,566.0
Wabash,2010,sex,male,767.0
Wabash,2011,sex,female,518.0
Wabash,2011,sex,male,765.0
Wabash,2012,sex,female,535.0
Wabash,2012,sex,male,702.0
Wabash,2013,sex,female,538.0
Wabash,2013,sex,male,658.0
Wabash,2014,sex,female,512.0
Wabash,2014,sex,male,608.0
Wabash,2015,sex,female,579.0
Wabash,2015,sex,male,592.0
Wabash,2016,sex,female,634.0
Wabash,2016,sex,male,562.0
Wabash,2017,sex,female,608.0
Wabash,2017,sex,male,617.0
Wabash,2018,sex,female,610.0
Wabash,2018,sex,male,585.0
Wabash,2019,sex,female,623.0
Wabash,2019,sex,male,594.0
Wabash,2020,sex,female,573.0
Wabash,2020,sex,male,682.0
Wabash,2021,sex,female,586.0
Wabash,2021,sex,male,705.0
Wabash,2022,sex,female,565.0
Wabash,2022,sex,male,609.0
Wabash,2023,sex,female,583.0
Wabash,2023,sex,male,625.0
Wabash,2024,sex,female,480.0
Wabash,2024,sex,male,669.0
Warren,2010,sex,female,866.0
Warren,2010,sex,male,965.0
Warren,2011,sex,female,870.0
Warren,2011,sex,male,969.0
Warren,2012,sex,female,897.0
Warren,2012,sex,male,958.0
Warren,2013,sex,female,986.0
Warren,2013,sex,male,955.0
Warren,2014,sex,female,1018.0
Warren,2014,sex,male,919.0
Warren,2015,sex,female,961.0
Warren,2015,sex,male,906.0
Warren,2016,sex,female,1028.0
Warren,2016,sex,male,893.0
Warren,2017,sex,female,982.0
Warren,2017,sex,male,835.0
Warren,2018,sex,female,927.0
Warren,2018,sex,male,830.0
Warren,2019,sex,female,920.0
Warren,2019,sex,male,850.0
Warren,2020,sex,female,904.0
Warren,2020,sex,male,788.0
Warren,2021,sex,female,923.0
Warren,2021,sex,male,851.0
Warren,2022,sex,female,864.0
Warren,2022,sex,male,781.0
Warren,2023,sex,female,850.0
Warren,2023,sex,male,774.0
Warren,2024,sex,female,931.0
Warren,2024,sex,male,886.0
Washington,2010,sex,female,847.0
Washington,2010,sex,male,742.0
Washington,2011,sex,female,754.0
Washington,2011,sex,male,724.0
Washington,2012,sex,female,760.0
Washington,2012,sex,male,700.0
Washington,2013,sex,female,725.0
Washington,2013,sex,male,671.0
Washington,2014,sex,female,691.0
Washington,2014,sex,male,667.0
Washington,2015,sex,female,646.0
Washington,2015,sex,male,717.0
Washington,2016,sex,female,641.0
Washington,2016,sex,male,711.0
Washington,2017,sex,female,598.0
Washington,2017,sex,male,760.0
Washington,2018,sex,female,601.0
Washington,2018,sex,male,771.0
Washington,2019,sex,female,595.0
Washington,2019,sex,male,782.0
Washington,2020,sex,female,580.0
Washington,2020,sex,male,642.0
Washington,2021,sex,female,601.0
Washington,2021,sex,male,652.0
Washington,2022,sex,female,568.0
Washington,2022,sex,male,707.0
Washington,2023,sex,female,610.0
Washington,2023,sex,male,723.0
Washington,2024,sex,female,603.0
Washington,2024,sex,male,669.0
Wayne,2010,sex,female,889.0
Wayne,2010,sex,male,938.0
Wayne,2011,sex,female,912.0
Wayne,2011,sex,male,903.0
Wayne,2012,sex,female,880.0
Wayne,2012,sex,male,872.0
Wayne,2013,sex,female,883.0
Wayne,2013,sex,male,858.0
Wayne,2014,sex,female,906.0
Wayne,2014,sex,male,897.0
Wayne,2015,sex,female,910.0
Wayne,2015,sex,male,932.0
Wayne,2016,sex,female,842.0
Wayne,2016,sex,male,913.0
Wayne,2017,sex,female,847.0
Wayne,2017,sex,male,934.0
Wayne,2018,sex,female,864.0
Wayne,2018,sex,male,970.0
Wayne,2019,sex,female,848.0
Wayne,2019,sex,male,919.0
Wayne,2020,sex,female,833.0
Wayne,2020,sex,male,879.0
Wayne,2021,sex,female,833.0
Wayne,2021,sex,male,960.0
Wayne,2022,sex,female,786.0
Wayne,2022,sex,male,945.0
Wayne,2023,sex,female,754.0
Wayne,2023,sex,male,935.0
Wayne,2024,sex,female,737.0
Wayne,2024,sex,male,905.0
White,2010,sex,female,528.0
White,2010,sex,male,651.0
White,2011,sex,female,557.0
White,2011,sex,male,642.0
White,2012,sex,female,563.0
White,2012,sex,male,659.0
White,2013,sex,female,603.0
White,2013,sex,male,639.0
White,2014,sex,female,658.0
White,2014,sex,male,625.0
White,2015,sex,female,716.0
White,2015,sex,male,592.0
White,2016,sex,female,738.0
White,2016,sex,male,658.0
White,2017,sex,female,707.0
White,2017,sex,male,645.0
White,2018,sex,female,724.0
White,2018,sex,male,622.0
White,2019,sex,female,680.0
White,2019,sex,male,639.0
White,2020,sex,female,660.0
White,2020,sex,male,656.0
White,2021,sex,female,685.0
White,2021,sex,male,666.0
White,2022,sex,female,691.0
White,2022,sex,male,708.0
White,2023,sex,female,604.0
White,2023,sex,male,724.0
White,2024,sex,female,602.0
White,2024,sex,male,690.0
Whiteside,2010,sex,female,3365.0
Whiteside,2010,sex,male,3263.0
Whiteside,2011,sex,female,3302.0
Whiteside,2011,sex,male,3293.0
Whiteside,2012,sex,female,3327.0
Whiteside,2012,sex,male,3254.0
Whiteside,2013,sex,female,3291.0
Whiteside,2013,sex,male,3269.0
Whiteside,2014,sex,female,3269.0
Whiteside,2014,sex,male,3232.0
Whiteside,2015,sex,female,3265.0
Whiteside,2015,sex,male,3195.0
Whiteside,2016,sex,female,3165.0
Whiteside,2016,sex,male,3108.0
Whiteside,2017,sex,female,2920.0
Whiteside,2017,sex,male,3067.0
Whiteside,2018,sex,female,2841.0
Whiteside,2018,sex,male,3130.0
Whiteside,2019,sex,female,2895.0
Whiteside,2019,sex,male,3108.0
Whiteside,2020,sex,female,3055.0
Whiteside,2020,sex,male,3054.0
Whiteside,2021,sex,female,3051.0
Whiteside,2021,sex,male,3062.0
Whiteside,2022,sex,female,2895.0
Whiteside,2022,sex,male,3057.0
Whiteside,2023,sex,female,2865.0
Whiteside,2023,sex,male,2909.0
Whiteside,2024,sex,female,2672.0
Whiteside,2024,sex,male,2821.0
Will,2010,sex,female,43404.0
Will,2010,sex,male,46292.0
Will,2011,sex,female,44059.0
Will,2011,sex,male,46519.0
Will,2012,sex,female,44170.0
Will,2012,sex,male,47089.0
Will,2013,sex,female,43876.0
Will,2013,sex,male,46358.0
Will,2014,sex,female,43765.0
Will,2014,sex,male,46311.0
Will,2015,sex,female,43560.0
Will,2015,sex,male,45971.0
Will,2016,sex,female,43521.0
Will,2016,sex,male,45908.0
Will,2017,sex,female,43518.0
Will,2017,sex,male,45104.0
Will,2018,sex,female,42990.0
Will,2018,sex,male,45516.0
Will,2019,sex,female,42765.0
Will,2019,sex,male,44862.0
Will,2020,sex,female,42683.0
Will,2020,sex,male,45356.0
Will,2021,sex,female,43419.0
Will,2021,sex,male,45507.0
Will,2022,sex,female,42254.0
Will,2022,sex,male,44277.0
Will,2023,sex,female,42177.0
Will,2023,sex,male,43468.0
Will,2024,sex,female,41520.0
Will,2024,sex,male,42483.0
Williamson,2010,sex,female,3386.0
Williamson,2010,sex,male,3279.0
Williamson,2011,sex,female,3370.0
Williamson,2011,sex,male,3182.0
Williamson,2012,sex,female,3194.0
Williamson,2012,sex,male,3138.0
Williamson,2013,sex,female,3121.0
Williamson,2013,sex,male,3214.0
Williamson,2014,sex,female,3254.0
Williamson,2014,sex,male,3218.0
Williamson,2015,sex,female,3366.0
Williamson,2015,sex,male,3325.0
Williamson,2016,sex,female,3581.0
Williamson,2016,sex,male,3491.0
Williamson,2017,sex,female,3734.0
Williamson,2017,sex,male,3353.0
Williamson,2018,sex,female,3534.0
Williamson,2018,sex,male,3339.0
Williamson,2019,sex,female,3377.0
Williamson,2019,sex,male,3309.0
Williamson,2020,sex,female,3448.0
Williamson,2020,sex,male,3231.0
Williamson,2021,sex,female,3390.0
Williamson,2021,sex,male,3358.0
Williamson,2022,sex,female,3284.0
Williamson,2022,sex,male,3531.0
Williamson,2023,sex,female,3257.0
Williamson,2023,sex,male,3577.0
Williamson,2024,sex,female,3203.0
Williamson,2024,sex,male,3610.0
Winnebago,2010,sex,female,16692.0
Winnebago,2010,sex,male,17487.0
Winnebago,2011,sex,female,16841.0
Winnebago,2011,sex,male,17380.0
Winnebago,2012,sex,female,16432.0
Winnebago,2012,sex,male,17141.0
Winnebago,2013,sex,female,16039.0
Winnebago,2013,sex,male,17140.0
Winnebago,2014,sex,female,15516.0
Winnebago,2014,sex,male,16756.0
Winnebago,2015,sex,female,15629.0
Winnebago,2015,sex,male,16321.0
Winnebago,2016,sex,female,15764.0
Winnebago,2016,sex,male,15836.0
Winnebago,2017,sex,female,15520.0
Winnebago,2017,sex,male,15935.0
Winnebago,2018,sex,female,15341.0
Winnebago,2018,sex,male,15940.0
Winnebago,2019,sex,female,15127.0
Winnebago,2019,sex,male,15908.0
Winnebago,2020,sex,female,15302.0
Winnebago,2020,sex,male,15967.0
Winnebago,2021,sex,female,15374.0
Winnebago,2021,sex,male,16279.0
Winnebago,2022,sex,female,15104.0
Winnebago,2022,sex,male,16186.0
Winnebago,2023,sex,female,14969.0
Winnebago,2023,sex,male,15946.0
Winnebago,2024,sex,female,14789.0
Winnebago,2024,sex,male,16018.0
Woodford,2010,sex,female,2399.0
Woodford,2010,sex,male,2540.0
Woodford,2011,sex,female,2292.0
Woodford,2011,sex,male,2422.0
Woodford,2012,sex,female,2213.0
Woodford,2012,sex,male,2430.0
Woodford,2013,sex,female,2198.0
Woodford,2013,sex,male,2309.0
Woodford,2014,sex,female,2257.0
Woodford,2014,sex,male,2326.0
Woodford,2015,sex,female,2183.0
Woodford,2015,sex,male,2394.0
Woodford,2016,sex,female,2255.0
Woodford,2016,sex,male,2358.0
Woodford,2017,sex,female,2290.0
Woodford,2017,sex,male,2373.0
Woodford,2018,sex,female,2285.0
Woodford,2018,sex,male,2323.0
Woodford,2019,sex,female,2129.0
Woodford,2019,sex,male,2258.0
Woodford,2020,sex,female,2121.0
Woodford,2020,sex,male,2119.0
Woodford,2021,sex,female,2092.0
Woodford,2021,sex,male,2151.0
Woodford,2022,sex,female,1991.0
Woodford,2022,sex,male,2180.0
Woodford,2023,sex,female,2087.0
Woodford,2023,sex,male,2339.0
Woodford,2024,sex,female,2111.0
Woodford,2024,sex,male,2319.0
